{
  "threshold": {
    "0.5": {
      "n": 44.0,
      "buzz_accuracy": 0.38636363636363635,
      "mean_buzz_step": 3.5,
      "mean_sq": 0.24329480238867543,
      "mean_reward_like": 0.07954545454545454,
      "ece": 0.12325739792802118,
      "brier": 0.19771692396563453,
      "n_calibration": 44.0
    },
    "0.7": {
      "n": 44.0,
      "buzz_accuracy": 0.38636363636363635,
      "mean_buzz_step": 3.9545454545454546,
      "mean_sq": 0.12951728674082275,
      "mean_reward_like": 0.07954545454545454,
      "ece": 0.09118151664733887,
      "brier": 0.19500838191143866,
      "n_calibration": 44.0
    },
    "0.9": {
      "n": 44.0,
      "buzz_accuracy": 0.38636363636363635,
      "mean_buzz_step": 4.045454545454546,
      "mean_sq": 0.05277609548500973,
      "mean_reward_like": 0.07954545454545454,
      "ece": 0.0876175341281024,
      "brier": 0.193487640415439,
      "n_calibration": 44.0
    }
  },
  "softmax_profile": {
    "0.5": {
      "n": 44.0,
      "buzz_accuracy": 0.38636363636363635,
      "mean_buzz_step": 3.5,
      "mean_sq": 0.24329480238867543,
      "mean_reward_like": 0.0,
      "ece": 0.12325739792802118,
      "brier": 0.19771692396563453,
      "n_calibration": 44.0
    },
    "0.7": {
      "n": 44.0,
      "buzz_accuracy": 0.38636363636363635,
      "mean_buzz_step": 3.9545454545454546,
      "mean_sq": 0.12951728674082275,
      "mean_reward_like": 0.0,
      "ece": 0.09118151664733887,
      "brier": 0.19500838191143866,
      "n_calibration": 44.0
    },
    "0.9": {
      "n": 44.0,
      "buzz_accuracy": 0.38636363636363635,
      "mean_buzz_step": 4.045454545454546,
      "mean_sq": 0.05277609548500973,
      "mean_reward_like": 0.0,
      "ece": 0.0876175341281024,
      "brier": 0.193487640415439,
      "n_calibration": 44.0
    }
  },
  "sequential_bayes": {
    "0.5": {
      "n": 44.0,
      "buzz_accuracy": 0.38636363636363635,
      "mean_buzz_step": 3.0454545454545454,
      "mean_sq": 0.2674370449320187,
      "mean_reward_like": 0.0,
      "ece": 0.12369872494177386,
      "brier": 0.21417357071664636,
      "n_calibration": 44.0
    },
    "0.7": {
      "n": 44.0,
      "buzz_accuracy": 0.38636363636363635,
      "mean_buzz_step": 3.590909090909091,
      "mean_sq": 0.2121523060519883,
      "mean_reward_like": 0.0,
      "ece": 0.17317614636637949,
      "brier": 0.2056990490063274,
      "n_calibration": 44.0
    },
    "0.9": {
      "n": 44.0,
      "buzz_accuracy": 0.38636363636363635,
      "mean_buzz_step": 3.8863636363636362,
      "mean_sq": 0.1411674465275627,
      "mean_reward_like": 0.0,
      "ece": 0.1778796518390829,
      "brier": 0.21260207356235353,
      "n_calibration": 44.0
    }
  },
  "always_final": {
    "n": 44.0,
    "buzz_accuracy": 0.38636363636363635,
    "mean_buzz_step": 4.045454545454546,
    "mean_sq": 0.38636363636363635,
    "mean_reward_like": 0.07954545454545454,
    "ece": 0.0876175341281024,
    "brier": 0.193487640415439,
    "n_calibration": 44.0
  }
}