{
  "softmax_profile_best_threshold": 0.5,
  "full_eval": {
    "n": 44.0,
    "buzz_accuracy": 0.38636363636363635,
    "mean_buzz_step": 3.5,
    "mean_sq": 0.24329480238867543,
    "mean_reward_like": 0.0,
    "ece": 0.12325739792802118,
    "brier": 0.19771692396563453,
    "n_calibration": 44.0
  },
  "controls": {
    "choices_only": {
      "accuracy": 0.09090909090909091,
      "chance": 0.25,
      "n_test": 11.0
    },
    "shuffle": {
      "n": 44.0,
      "buzz_accuracy": 0.38636363636363635,
      "mean_buzz_step": 3.5,
      "mean_sq": 0.23666017072656853,
      "mean_reward_like": 0.0,
      "ece": 0.12325739792802118,
      "brier": 0.19771692396563453,
      "n_calibration": 44.0
    },
    "alias_substitution": {
      "n": 44.0,
      "buzz_accuracy": 0.38636363636363635,
      "mean_buzz_step": 3.5,
      "mean_sq": 0.24329480238867543,
      "mean_reward_like": 0.0,
      "ece": 0.12325739792802118,
      "brier": 0.19771692396563453,
      "n_calibration": 44.0
    }
  },
  "per_category": {
    "Fine_Arts": {
      "n": 7.0,
      "buzz_accuracy": 0.14285714285714285,
      "mean_buzz_step": 3.5714285714285716,
      "mean_sq": 0.15910391595707024,
      "mean_reward_like": 0.0
    },
    "Fine_Arts:Music": {
      "n": 1.0,
      "buzz_accuracy": 1.0,
      "mean_buzz_step": 5.0,
      "mean_sq": 0.6197986516087167,
      "mean_reward_like": 0.0
    },
    "History": {
      "n": 4.0,
      "buzz_accuracy": 0.25,
      "mean_buzz_step": 3.25,
      "mean_sq": 0.06427327609182373,
      "mean_reward_like": 0.0
    },
    "Literature": {
      "n": 6.0,
      "buzz_accuracy": 0.0,
      "mean_buzz_step": 3.0,
      "mean_sq": 0.0,
      "mean_reward_like": 0.0
    },
    "Literature:Europe": {
      "n": 2.0,
      "buzz_accuracy": 0.0,
      "mean_buzz_step": 6.0,
      "mean_sq": 0.0,
      "mean_reward_like": 0.0
    },
    "Literature:World": {
      "n": 1.0,
      "buzz_accuracy": 1.0,
      "mean_buzz_step": 2.0,
      "mean_sq": 0.8705244956936533,
      "mean_reward_like": 0.0
    },
    "Science": {
      "n": 3.0,
      "buzz_accuracy": 0.0,
      "mean_buzz_step": 5.666666666666667,
      "mean_sq": 0.0,
      "mean_reward_like": 0.0
    },
    "Science:Chemistry": {
      "n": 6.0,
      "buzz_accuracy": 1.0,
      "mean_buzz_step": 1.8333333333333333,
      "mean_sq": 0.6831063308788194,
      "mean_reward_like": 0.0
    },
    "Science:Physics": {
      "n": 4.0,
      "buzz_accuracy": 1.0,
      "mean_buzz_step": 2.75,
      "mean_sq": 0.5321564895154951,
      "mean_reward_like": 0.0
    },
    "Social_Science": {
      "n": 9.0,
      "buzz_accuracy": 0.2222222222222222,
      "mean_buzz_step": 4.111111111111111,
      "mean_sq": 0.13942177793610686,
      "mean_reward_like": 0.0
    },
    "Social_Science:Religion": {
      "n": 1.0,
      "buzz_accuracy": 1.0,
      "mean_buzz_step": 3.0,
      "mean_sq": 0.3617676969727023,
      "mean_reward_like": 0.0
    }
  },
  "baseline_summary": {
    "threshold": {
      "0.5": {
        "n": 44.0,
        "buzz_accuracy": 0.38636363636363635,
        "mean_buzz_step": 3.5,
        "mean_sq": 0.24329480238867543,
        "mean_reward_like": 0.07954545454545454,
        "ece": 0.12325739792802118,
        "brier": 0.19771692396563453,
        "n_calibration": 44.0
      },
      "0.7": {
        "n": 44.0,
        "buzz_accuracy": 0.38636363636363635,
        "mean_buzz_step": 3.9545454545454546,
        "mean_sq": 0.12951728674082275,
        "mean_reward_like": 0.07954545454545454,
        "ece": 0.09118151664733887,
        "brier": 0.19500838191143866,
        "n_calibration": 44.0
      },
      "0.9": {
        "n": 44.0,
        "buzz_accuracy": 0.38636363636363635,
        "mean_buzz_step": 4.045454545454546,
        "mean_sq": 0.05277609548500973,
        "mean_reward_like": 0.07954545454545454,
        "ece": 0.0876175341281024,
        "brier": 0.193487640415439,
        "n_calibration": 44.0
      }
    },
    "softmax_profile": {
      "0.5": {
        "n": 44.0,
        "buzz_accuracy": 0.38636363636363635,
        "mean_buzz_step": 3.5,
        "mean_sq": 0.24329480238867543,
        "mean_reward_like": 0.0,
        "ece": 0.12325739792802118,
        "brier": 0.19771692396563453,
        "n_calibration": 44.0
      },
      "0.7": {
        "n": 44.0,
        "buzz_accuracy": 0.38636363636363635,
        "mean_buzz_step": 3.9545454545454546,
        "mean_sq": 0.12951728674082275,
        "mean_reward_like": 0.0,
        "ece": 0.09118151664733887,
        "brier": 0.19500838191143866,
        "n_calibration": 44.0
      },
      "0.9": {
        "n": 44.0,
        "buzz_accuracy": 0.38636363636363635,
        "mean_buzz_step": 4.045454545454546,
        "mean_sq": 0.05277609548500973,
        "mean_reward_like": 0.0,
        "ece": 0.0876175341281024,
        "brier": 0.193487640415439,
        "n_calibration": 44.0
      }
    },
    "sequential_bayes": {
      "0.5": {
        "n": 44.0,
        "buzz_accuracy": 0.38636363636363635,
        "mean_buzz_step": 3.0454545454545454,
        "mean_sq": 0.2674370449320187,
        "mean_reward_like": 0.0,
        "ece": 0.12369872494177386,
        "brier": 0.21417357071664636,
        "n_calibration": 44.0
      },
      "0.7": {
        "n": 44.0,
        "buzz_accuracy": 0.38636363636363635,
        "mean_buzz_step": 3.590909090909091,
        "mean_sq": 0.2121523060519883,
        "mean_reward_like": 0.0,
        "ece": 0.17317614636637949,
        "brier": 0.2056990490063274,
        "n_calibration": 44.0
      },
      "0.9": {
        "n": 44.0,
        "buzz_accuracy": 0.38636363636363635,
        "mean_buzz_step": 3.8863636363636362,
        "mean_sq": 0.1411674465275627,
        "mean_reward_like": 0.0,
        "ece": 0.1778796518390829,
        "brier": 0.21260207356235353,
        "n_calibration": 44.0
      }
    },
    "always_final": {
      "n": 44.0,
      "buzz_accuracy": 0.38636363636363635,
      "mean_buzz_step": 4.045454545454546,
      "mean_sq": 0.38636363636363635,
      "mean_reward_like": 0.07954545454545454,
      "ece": 0.0876175341281024,
      "brier": 0.193487640415439,
      "n_calibration": 44.0
    }
  },
  "ppo_summary": {
    "n": 44.0,
    "buzz_accuracy": 0.3409090909090909,
    "mean_buzz_step": 0.0,
    "mean_sq": 0.32561863503155536,
    "mean_reward_like": -0.47600649350649354,
    "ece": 0.09090909090909088,
    "brier": 0.23295454545454544,
    "n_calibration": 44.0
  }
}