{
  "softmax_profile_best_threshold": 0.5,
  "full_eval": {
    "n": 44.0,
    "buzz_accuracy": 0.38636363636363635,
    "mean_buzz_step": 3.5,
<<<<<<< HEAD
    "mean_sq": 0.2432947949647942,
=======
    "mean_sq": 0.24329479467724402,
>>>>>>> cda02951d4f40d4e7f14fbb2626d3740699830af
    "mean_reward_like": 0.0,
    "ece": 0.0,
    "brier": 0.0,
    "n_calibration": 44.0
  },
  "controls": {
    "choices_only": {
      "accuracy": 0.09090909090909091,
      "chance": 0.25,
      "n_test": 11.0
    },
    "shuffle": {
      "n": 44.0,
      "buzz_accuracy": 0.38636363636363635,
      "mean_buzz_step": 3.5,
<<<<<<< HEAD
      "mean_sq": 0.2366601685447039,
=======
      "mean_sq": 0.23666016887085728,
>>>>>>> cda02951d4f40d4e7f14fbb2626d3740699830af
      "mean_reward_like": 0.0,
      "ece": 0.0,
      "brier": 0.0,
      "n_calibration": 44.0
    },
    "alias_substitution": {
      "n": 44.0,
      "buzz_accuracy": 0.38636363636363635,
      "mean_buzz_step": 3.5,
<<<<<<< HEAD
      "mean_sq": 0.2432947949647942,
=======
      "mean_sq": 0.24329479467724402,
>>>>>>> cda02951d4f40d4e7f14fbb2626d3740699830af
      "mean_reward_like": 0.0,
      "ece": 0.0,
      "brier": 0.0,
      "n_calibration": 44.0
    }
  },
  "per_category": {
    "Fine_Arts": {
      "n": 7.0,
      "buzz_accuracy": 0.14285714285714285,
      "mean_buzz_step": 3.5714285714285716,
<<<<<<< HEAD
      "mean_sq": 0.15910391574667,
=======
      "mean_sq": 0.15910391000456073,
>>>>>>> cda02951d4f40d4e7f14fbb2626d3740699830af
      "mean_reward_like": 0.0
    },
    "Fine_Arts:Music": {
      "n": 1.0,
      "buzz_accuracy": 1.0,
      "mean_buzz_step": 5.0,
      "mean_sq": 0.6197985931063873,
      "mean_reward_like": 0.0
    },
    "History": {
      "n": 4.0,
      "buzz_accuracy": 0.25,
      "mean_buzz_step": 3.25,
      "mean_sq": 0.06427327609182373,
      "mean_reward_like": 0.0
    },
    "Literature": {
      "n": 6.0,
      "buzz_accuracy": 0.0,
      "mean_buzz_step": 3.0,
      "mean_sq": 0.0,
      "mean_reward_like": 0.0
    },
    "Literature:Europe": {
      "n": 2.0,
      "buzz_accuracy": 0.0,
      "mean_buzz_step": 6.0,
      "mean_sq": 0.0,
      "mean_reward_like": 0.0
    },
    "Literature:World": {
      "n": 1.0,
      "buzz_accuracy": 1.0,
      "mean_buzz_step": 2.0,
<<<<<<< HEAD
      "mean_sq": 0.870524344284178,
=======
      "mean_sq": 0.8705244202243025,
>>>>>>> cda02951d4f40d4e7f14fbb2626d3740699830af
      "mean_reward_like": 0.0
    },
    "Science": {
      "n": 3.0,
      "buzz_accuracy": 0.0,
      "mean_buzz_step": 5.666666666666667,
      "mean_sq": 0.0,
      "mean_reward_like": 0.0
    },
    "Science:Chemistry": {
      "n": 6.0,
      "buzz_accuracy": 1.0,
      "mean_buzz_step": 1.8333333333333333,
<<<<<<< HEAD
      "mean_sq": 0.6831063159733896,
=======
      "mean_sq": 0.6831063038716181,
>>>>>>> cda02951d4f40d4e7f14fbb2626d3740699830af
      "mean_reward_like": 0.0
    },
    "Science:Physics": {
      "n": 4.0,
      "buzz_accuracy": 1.0,
      "mean_buzz_step": 2.75,
<<<<<<< HEAD
      "mean_sq": 0.5321564728333087,
=======
      "mean_sq": 0.5321564825885906,
>>>>>>> cda02951d4f40d4e7f14fbb2626d3740699830af
      "mean_reward_like": 0.0
    },
    "Social_Science": {
      "n": 9.0,
      "buzz_accuracy": 0.2222222222222222,
      "mean_buzz_step": 4.111111111111111,
<<<<<<< HEAD
      "mean_sq": 0.13942178248001355,
=======
      "mean_sq": 0.13942178083467247,
>>>>>>> cda02951d4f40d4e7f14fbb2626d3740699830af
      "mean_reward_like": 0.0
    },
    "Social_Science:Religion": {
      "n": 1.0,
      "buzz_accuracy": 1.0,
      "mean_buzz_step": 3.0,
      "mean_sq": 0.3617676969727023,
      "mean_reward_like": 0.0
    }
  },
  "baseline_summary": {
    "threshold": {
      "0.5": {
        "n": 44.0,
        "buzz_accuracy": 0.38636363636363635,
        "mean_buzz_step": 3.5,
<<<<<<< HEAD
        "mean_sq": 0.2432947949647942,
=======
        "mean_sq": 0.24329479467724402,
>>>>>>> cda02951d4f40d4e7f14fbb2626d3740699830af
        "mean_reward_like": 0.07954545454545454,
        "ece": 0.0,
        "brier": 0.0,
        "n_calibration": 44.0
      },
      "0.7": {
        "n": 44.0,
        "buzz_accuracy": 0.38636363636363635,
        "mean_buzz_step": 3.9545454545454546,
<<<<<<< HEAD
        "mean_sq": 0.12951727462138646,
=======
        "mean_sq": 0.12951727467749788,
>>>>>>> cda02951d4f40d4e7f14fbb2626d3740699830af
        "mean_reward_like": 0.07954545454545454,
        "ece": 0.0,
        "brier": 0.0,
        "n_calibration": 44.0
      },
      "0.9": {
        "n": 44.0,
        "buzz_accuracy": 0.38636363636363635,
        "mean_buzz_step": 4.045454545454546,
<<<<<<< HEAD
        "mean_sq": 0.052776089150822963,
=======
        "mean_sq": 0.05277608956128622,
>>>>>>> cda02951d4f40d4e7f14fbb2626d3740699830af
        "mean_reward_like": 0.07954545454545454,
        "ece": 0.0,
        "brier": 0.0,
        "n_calibration": 44.0
      }
    },
    "softmax_profile": {
      "0.5": {
        "n": 44.0,
        "buzz_accuracy": 0.38636363636363635,
        "mean_buzz_step": 3.5,
<<<<<<< HEAD
        "mean_sq": 0.2432947949647942,
=======
        "mean_sq": 0.24329479467724402,
>>>>>>> cda02951d4f40d4e7f14fbb2626d3740699830af
        "mean_reward_like": 0.0,
        "ece": 0.0,
        "brier": 0.0,
        "n_calibration": 44.0
      },
      "0.7": {
        "n": 44.0,
        "buzz_accuracy": 0.38636363636363635,
        "mean_buzz_step": 3.9545454545454546,
<<<<<<< HEAD
        "mean_sq": 0.12951727462138646,
=======
        "mean_sq": 0.12951727467749788,
>>>>>>> cda02951d4f40d4e7f14fbb2626d3740699830af
        "mean_reward_like": 0.0,
        "ece": 0.0,
        "brier": 0.0,
        "n_calibration": 44.0
      },
      "0.9": {
        "n": 44.0,
        "buzz_accuracy": 0.38636363636363635,
        "mean_buzz_step": 4.045454545454546,
<<<<<<< HEAD
        "mean_sq": 0.052776089150822963,
=======
        "mean_sq": 0.05277608956128622,
>>>>>>> cda02951d4f40d4e7f14fbb2626d3740699830af
        "mean_reward_like": 0.0,
        "ece": 0.0,
        "brier": 0.0,
        "n_calibration": 44.0
      }
    },
    "sequential_bayes": {
      "0.5": {
        "n": 44.0,
        "buzz_accuracy": 0.38636363636363635,
        "mean_buzz_step": 3.0454545454545454,
<<<<<<< HEAD
        "mean_sq": 0.26743703499104504,
=======
        "mean_sq": 0.2674370322588751,
>>>>>>> cda02951d4f40d4e7f14fbb2626d3740699830af
        "mean_reward_like": 0.0,
        "ece": 0.0,
        "brier": 0.0,
        "n_calibration": 44.0
      },
      "0.7": {
        "n": 44.0,
        "buzz_accuracy": 0.38636363636363635,
        "mean_buzz_step": 3.590909090909091,
<<<<<<< HEAD
        "mean_sq": 0.21215229779453076,
=======
        "mean_sq": 0.2121522899483236,
>>>>>>> cda02951d4f40d4e7f14fbb2626d3740699830af
        "mean_reward_like": 0.0,
        "ece": 0.0,
        "brier": 0.0,
        "n_calibration": 44.0
      },
      "0.9": {
        "n": 44.0,
        "buzz_accuracy": 0.38636363636363635,
        "mean_buzz_step": 3.8863636363636362,
<<<<<<< HEAD
        "mean_sq": 0.1411674407114943,
=======
        "mean_sq": 0.1411674381411319,
>>>>>>> cda02951d4f40d4e7f14fbb2626d3740699830af
        "mean_reward_like": 0.0,
        "ece": 0.0,
        "brier": 0.0,
        "n_calibration": 44.0
      }
    },
    "always_final": {
      "n": 44.0,
      "buzz_accuracy": 0.38636363636363635,
      "mean_buzz_step": 4.045454545454546,
      "mean_sq": 0.38636363636363635,
      "mean_reward_like": 0.07954545454545454,
      "ece": 0.0,
      "brier": 0.0,
      "n_calibration": 44.0
    }
  },
  "ppo_summary": {
    "n": 44.0,
<<<<<<< HEAD
    "buzz_accuracy": 0.38636363636363635,
    "mean_buzz_step": 4.045454545454546,
    "mean_sq": 0.27344621641872197,
    "mean_reward_like": -0.22727272727272727,
    "ece": 0.14448736972090873,
    "brier": 0.2783165427564442,
=======
    "buzz_accuracy": 0.25,
    "mean_buzz_step": 0.022727272727272728,