{
  "n": 44.0,
<<<<<<< HEAD
  "buzz_accuracy": 0.3409090909090909,
  "mean_buzz_step": 0.0,
  "mean_sq": 0.3283603172727659,
  "mean_reward_like": -0.14646103896103904,
  "ece": 0.06447593598965216,
  "brier": 0.005664960183650735,
=======
  "buzz_accuracy": 0.25,
  "mean_buzz_step": 0.022727272727272728,
  "mean_sq": 0.27264222811278266,
  "mean_reward_like": -0.1340909090909091,
  "ece": 0.04357596215876666,
  "brier": 0.17805268460634988,
>>>>>>> cda02951d4f40d4e7f14fbb2626d3740699830af
  "n_calibration": 44.0
}