{
  "n": 44.0,
  "buzz_accuracy": 0.25,
  "mean_buzz_step": 0.022727272727272728,
  "mean_sq": 0.27264222811278266,
  "mean_reward_like": -0.1340909090909091,
  "ece": 0.04357596215876666,
  "brier": 0.17805268460634988,
  "n_calibration": 44.0
}