{
  "n": 44.0,
  "buzz_accuracy": 0.3409090909090909,
  "mean_buzz_step": 0.0,
  "mean_sq": 0.32561863503155536,
  "mean_reward_like": -0.47600649350649354,
  "ece": 0.09090909090909088,
  "brier": 0.23295454545454544,
  "n_calibration": 44.0
}