{
  "n": 44.0,
  "buzz_accuracy": 0.3409090909090909,
  "mean_buzz_step": 0.0,
  "mean_sq": 0.32561864877729346,
  "mean_reward_like": -0.47600649350649354,
  "ece": 0.0990614827976308,
  "brier": 0.013474968274838784,
  "n_calibration": 44.0
}