{
  "n": 44.0,
  "buzz_accuracy": 0.3409090909090909,
  "mean_buzz_step": 0.0,
  "mean_sq": 0.3283603172727659,
  "mean_reward_like": -0.14646103896103904,
  "ece": 0.06447593598965216,
  "brier": 0.005664960183650735,
  "n_calibration": 44.0
}