{
  "n": 44.0,
  "buzz_accuracy": 0.29545454545454547,
  "mean_buzz_step": 0.0,
  "mean_sq": 0.26847732185221707,
  "mean_reward_like": -0.07045454545454545,
  "ece": 0.09042495285922833,
  "brier": 0.18023584448815694,
  "n_calibration": 44.0
}