{
  "n": 44.0,
  "buzz_accuracy": 0.4090909090909091,
  "mean_buzz_step": 0.0,
  "mean_sq": 0.2602706629765789,
  "mean_reward_like": 0.11363636363636363,
  "ece": 0.4045588936318051,
  "brier": 0.2009318040232168,
  "n_calibration": 44.0
}