agent,n,buzz_accuracy,mean_buzz_step,mean_sq,mean_reward_like,ece,brier,n_calibration
softmax_profile,44.0,0.38636363636363635,3.5,0.24329479467724396,0.0,0.0,0.0,44.0
shuffle_control,44.0,0.38636363636363635,3.5,0.23666016887085728,0.0,0.0,0.0,44.0
alias_control,44.0,0.38636363636363635,3.5,0.24329479467724396,0.0,0.0,0.0,44.0
ppo,44.0,0.4090909090909091,0.0,0.2602706629765789,0.11363636363636363,0.4045588936318051,0.2009318040232168,44.0
