Applying overrides: {'likelihood.model': 'tfidf'}
Loading MC questions from: artifacts/main/mc_dataset.json
Loaded 14961 MC questions
Building likelihood model: tfidf
Precomputing belief trajectories for 14961 questions...
Cached 73546 belief vectors
Training PPO for 100000 timesteps...
Using cpu device
Wrapping the env with a `Monitor` wrapper
Wrapping the env in a DummyVecEnv.
---------------------------------
| rollout/           |          |
|    ep_len_mean     | 1.19     |
|    ep_rew_mean     | -0.214   |
| time/              |          |
|    fps             | 1003     |
|    iterations      | 1        |
|    time_elapsed    | 0        |
|    total_timesteps | 128      |
---------------------------------
-------------------------------------------
| rollout/                |               |
|    ep_len_mean          | 1.27          |
|    ep_rew_mean          | -0.294        |
| time/                   |               |
|    fps                  | 579           |
|    iterations           | 2             |
|    time_elapsed         | 0             |
|    total_timesteps      | 256           |
| train/                  |               |
|    approx_kl            | 0.00024951482 |
|    clip_fraction        | 0             |
|    clip_range           | 0.2           |
|    entropy_loss         | -1.61         |
|    explained_variance   | -0.00401      |
|    learning_rate        | 0.0003        |
|    loss                 | 0.18          |
|    n_updates            | 4             |
|    policy_gradient_loss | -0.00059      |
|    value_loss           | 0.443         |
-------------------------------------------
-------------------------------------------
| rollout/                |               |
|    ep_len_mean          | 1.2           |
|    ep_rew_mean          | -0.348        |
| time/                   |               |
|    fps                  | 675           |
|    iterations           | 3             |
|    time_elapsed         | 0             |
|    total_timesteps      | 384           |
| train/                  |               |
|    approx_kl            | 0.00064373994 |
|    clip_fraction        | 0             |
|    clip_range           | 0.2           |
|    entropy_loss         | -1.61         |
|    explained_variance   | 0.0048        |
|    learning_rate        | 0.0003        |
|    loss                 | 0.191         |
|    n_updates            | 8             |
|    policy_gradient_loss | -0.00358      |
|    value_loss           | 0.383         |
-------------------------------------------
------------------------------------------
| rollout/                |              |
|    ep_len_mean          | 1.13         |
|    ep_rew_mean          | -0.394       |
| time/                   |              |
|    fps                  | 733          |
|    iterations           | 4            |
|    time_elapsed         | 0            |
|    total_timesteps      | 512          |
| train/                  |              |
|    approx_kl            | 0.0008106753 |
|    clip_fraction        | 0            |
|    clip_range           | 0.2          |
|    entropy_loss         | -1.61        |
|    explained_variance   | -0.00429     |
|    learning_rate        | 0.0003       |
|    loss                 | 0.249        |
|    n_updates            | 12           |
|    policy_gradient_loss | -0.00164     |
|    value_loss           | 0.363        |
------------------------------------------
-------------------------------------------
| rollout/                |               |
|    ep_len_mean          | 1.27          |
|    ep_rew_mean          | -0.307        |
| time/                   |               |
|    fps                  | 763           |
|    iterations           | 5             |
|    time_elapsed         | 0             |
|    total_timesteps      | 640           |
| train/                  |               |
|    approx_kl            | 0.00040912675 |
|    clip_fraction        | 0             |
|    clip_range           | 0.2           |
|    entropy_loss         | -1.6          |
|    explained_variance   | -0.00406      |
|    learning_rate        | 0.0003        |
|    loss                 | 0.165         |
|    n_updates            | 16            |
|    policy_gradient_loss | -0.00187      |
|    value_loss           | 0.349         |
-------------------------------------------
------------------------------------------
| rollout/                |              |
|    ep_len_mean          | 1.19         |
|    ep_rew_mean          | -0.44        |
| time/                   |              |
|    fps                  | 803          |
|    iterations           | 6            |
|    time_elapsed         | 0            |
|    total_timesteps      | 768          |
| train/                  |              |
|    approx_kl            | 0.0004340778 |
|    clip_fraction        | 0            |
|    clip_range           | 0.2          |
|    entropy_loss         | -1.6         |
|    explained_variance   | -0.032       |
|    learning_rate        | 0.0003       |
|    loss                 | 0.159        |
|    n_updates            | 20           |
|    policy_gradient_loss | -0.00148     |
|    value_loss           | 0.441        |
------------------------------------------
-------------------------------------------
| rollout/                |               |
|    ep_len_mean          | 1.24          |
|    ep_rew_mean          | -0.29         |
| time/                   |               |
|    fps                  | 829           |
|    iterations           | 7             |
|    time_elapsed         | 1             |
|    total_timesteps      | 896           |
| train/                  |               |
|    approx_kl            | 7.1245246e-05 |
|    clip_fraction        | 0             |
|    clip_range           | 0.2           |
|    entropy_loss         | -1.6          |
|    explained_variance   | -0.00292      |
|    learning_rate        | 0.0003        |
|    loss                 | 0.225         |
|    n_updates            | 24            |
|    policy_gradient_loss | 0.000299      |
|    value_loss           | 0.327         |
-------------------------------------------
-------------------------------------------
| rollout/                |               |
|    ep_len_mean          | 1.21          |
|    ep_rew_mean          | -0.154        |
| time/                   |               |
|    fps                  | 846           |
|    iterations           | 8             |
|    time_elapsed         | 1             |
|    total_timesteps      | 1024          |
| train/                  |               |
|    approx_kl            | 0.00016388576 |
|    clip_fraction        | 0             |
|    clip_range           | 0.2           |
|    entropy_loss         | -1.61         |
|    explained_variance   | 0.000492      |
|    learning_rate        | 0.0003        |
|    loss                 | 0.14          |
|    n_updates            | 28            |
|    policy_gradient_loss | -0.00111      |
|    value_loss           | 0.421         |
-------------------------------------------
-------------------------------------------
| rollout/                |               |
|    ep_len_mean          | 1.21          |
|    ep_rew_mean          | -0.334        |
| time/                   |               |
|    fps                  | 866           |
|    iterations           | 9             |
|    time_elapsed         | 1             |
|    total_timesteps      | 1152          |
| train/                  |               |
|    approx_kl            | 0.00018945895 |
|    clip_fraction        | 0             |
|    clip_range           | 0.2           |
|    entropy_loss         | -1.61         |
|    explained_variance   | -0.000248     |
|    learning_rate        | 0.0003        |
|    loss                 | 0.295         |
|    n_updates            | 32            |
|    policy_gradient_loss | -0.000365     |
|    value_loss           | 0.502         |
-------------------------------------------
-------------------------------------------
| rollout/                |               |
|    ep_len_mean          | 1.18          |
|    ep_rew_mean          | -0.35         |
| time/                   |               |
|    fps                  | 870           |
|    iterations           | 10            |
|    time_elapsed         | 1             |
|    total_timesteps      | 1280          |
| train/                  |               |
|    approx_kl            | 0.00019837776 |
|    clip_fraction        | 0             |
|    clip_range           | 0.2           |
|    entropy_loss         | -1.61         |
|    explained_variance   | -0.000386     |
|    learning_rate        | 0.0003        |
|    loss                 | 0.224         |
|    n_updates            | 36            |
|    policy_gradient_loss | -0.00149      |
|    value_loss           | 0.418         |
-------------------------------------------
-------------------------------------------
| rollout/                |               |
|    ep_len_mean          | 1.18          |
|    ep_rew_mean          | -0.305        |
| time/                   |               |
|    fps                  | 882           |
|    iterations           | 11            |
|    time_elapsed         | 1             |
|    total_timesteps      | 1408          |
| train/                  |               |
|    approx_kl            | 0.00033734692 |
|    clip_fraction        | 0             |
|    clip_range           | 0.2           |
|    entropy_loss         | -1.61         |
|    explained_variance   | -0.0052       |
|    learning_rate        | 0.0003        |
|    loss                 | 0.134         |
|    n_updates            | 40            |
|    policy_gradient_loss | -0.00154      |
|    value_loss           | 0.386         |
-------------------------------------------
-------------------------------------------
| rollout/                |               |
|    ep_len_mean          | 1.15          |
|    ep_rew_mean          | -0.243        |
| time/                   |               |
|    fps                  | 889           |
|    iterations           | 12            |
|    time_elapsed         | 1             |
|    total_timesteps      | 1536          |
| train/                  |               |
|    approx_kl            | 0.00071100006 |
|    clip_fraction        | 0             |
|    clip_range           | 0.2           |
|    entropy_loss         | -1.6          |
|    explained_variance   | -0.00854      |
|    learning_rate        | 0.0003        |
|    loss                 | 0.23          |
|    n_updates            | 44            |
|    policy_gradient_loss | -0.00257      |
|    value_loss           | 0.394         |
-------------------------------------------
------------------------------------------
| rollout/                |              |
|    ep_len_mean          | 1.15         |
|    ep_rew_mean          | -0.303       |
| time/                   |              |
|    fps                  | 895          |
|    iterations           | 13           |
|    time_elapsed         | 1            |
|    total_timesteps      | 1664         |
| train/                  |              |
|    approx_kl            | 0.0010963688 |
|    clip_fraction        | 0            |
|    clip_range           | 0.2          |
|    entropy_loss         | -1.59        |
|    explained_variance   | 0.00049      |
|    learning_rate        | 0.0003       |
|    loss                 | 0.285        |
|    n_updates            | 48           |
|    policy_gradient_loss | -0.00128     |
|    value_loss           | 0.443        |
------------------------------------------
------------------------------------------
| rollout/                |              |
|    ep_len_mean          | 1.2          |
|    ep_rew_mean          | -0.243       |
| time/                   |              |
|    fps                  | 893          |
|    iterations           | 14           |
|    time_elapsed         | 2            |
|    total_timesteps      | 1792         |
| train/                  |              |
|    approx_kl            | 0.0016556568 |
|    clip_fraction        | 0            |
|    clip_range           | 0.2          |
|    entropy_loss         | -1.59        |
|    explained_variance   | -0.000988    |
|    learning_rate        | 0.0003       |
|    loss                 | 0.222        |
|    n_updates            | 52           |
|    policy_gradient_loss | -0.00405     |
|    value_loss           | 0.45         |
------------------------------------------
-------------------------------------------
| rollout/                |               |
|    ep_len_mean          | 1.15          |
|    ep_rew_mean          | -0.378        |
| time/                   |               |
|    fps                  | 897           |
|    iterations           | 15            |
|    time_elapsed         | 2             |
|    total_timesteps      | 1920          |
| train/                  |               |
|    approx_kl            | 0.00068551116 |
|    clip_fraction        | 0             |
|    clip_range           | 0.2           |
|    entropy_loss         | -1.57         |
|    explained_variance   | 0.0011        |
|    learning_rate        | 0.0003        |
|    loss                 | 0.339         |
|    n_updates            | 56            |
|    policy_gradient_loss | -0.000743     |
|    value_loss           | 0.442         |
-------------------------------------------
------------------------------------------
| rollout/                |              |
|    ep_len_mean          | 1.15         |
|    ep_rew_mean          | -0.259       |
| time/                   |              |
|    fps                  | 900          |
|    iterations           | 16           |
|    time_elapsed         | 2            |
|    total_timesteps      | 2048         |
| train/                  |              |
|    approx_kl            | 0.0017628646 |
|    clip_fraction        | 0            |
|    clip_range           | 0.2          |
|    entropy_loss         | -1.57        |
|    explained_variance   | -0.00123     |
|    learning_rate        | 0.0003       |
|    loss                 | 0.138        |
|    n_updates            | 60           |
|    policy_gradient_loss | -0.00269     |
|    value_loss           | 0.334        |
------------------------------------------
-------------------------------------------
| rollout/                |               |
|    ep_len_mean          | 1.25          |
|    ep_rew_mean          | -0.276        |
| time/                   |               |
|    fps                  | 903           |
|    iterations           | 17            |
|    time_elapsed         | 2             |
|    total_timesteps      | 2176          |
| train/                  |               |
|    approx_kl            | 0.00084324414 |
|    clip_fraction        | 0             |
|    clip_range           | 0.2           |
|    entropy_loss         | -1.54         |
|    explained_variance   | 0.00418       |
|    learning_rate        | 0.0003        |
|    loss                 | 0.194         |
|    n_updates            | 64            |
|    policy_gradient_loss | -0.00107      |
|    value_loss           | 0.459         |
-------------------------------------------
-------------------------------------------
| rollout/                |               |
|    ep_len_mean          | 1.16          |
|    ep_rew_mean          | -0.244        |
| time/                   |               |
|    fps                  | 904           |
|    iterations           | 18            |
|    time_elapsed         | 2             |
|    total_timesteps      | 2304          |
| train/                  |               |
|    approx_kl            | 0.00023917994 |
|    clip_fraction        | 0             |
|    clip_range           | 0.2           |
|    entropy_loss         | -1.54         |
|    explained_variance   | -0.000647     |
|    learning_rate        | 0.0003        |
|    loss                 | 0.209         |
|    n_updates            | 68            |
|    policy_gradient_loss | -9.09e-05     |
|    value_loss           | 0.425         |
-------------------------------------------
------------------------------------------
| rollout/                |              |
|    ep_len_mean          | 1.11         |
|    ep_rew_mean          | -0.331       |
| time/                   |              |
|    fps                  | 910          |
|    iterations           | 19           |
|    time_elapsed         | 2            |
|    total_timesteps      | 2432         |
| train/                  |              |
|    approx_kl            | 0.0022533694 |
|    clip_fraction        | 0            |
|    clip_range           | 0.2          |
|    entropy_loss         | -1.53        |
|    explained_variance   | -0.00142     |
|    learning_rate        | 0.0003       |
|    loss                 | 0.242        |
|    n_updates            | 72           |
|    policy_gradient_loss | -0.00574     |
|    value_loss           | 0.413        |
------------------------------------------
------------------------------------------
| rollout/                |              |
|    ep_len_mean          | 1.07         |
|    ep_rew_mean          | -0.226       |
| time/                   |              |
|    fps                  | 891          |
|    iterations           | 20           |
|    time_elapsed         | 2            |
|    total_timesteps      | 2560         |
| train/                  |              |
|    approx_kl            | 0.0013974472 |
|    clip_fraction        | 0            |
|    clip_range           | 0.2          |
|    entropy_loss         | -1.51        |
|    explained_variance   | -0.000204    |
|    learning_rate        | 0.0003       |
|    loss                 | 0.242        |
|    n_updates            | 76           |
|    policy_gradient_loss | -0.00011     |
|    value_loss           | 0.398        |
------------------------------------------
-------------------------------------------
| rollout/                |               |
|    ep_len_mean          | 1.08          |
|    ep_rew_mean          | -0.316        |
| time/                   |               |
|    fps                  | 886           |
|    iterations           | 21            |
|    time_elapsed         | 3             |
|    total_timesteps      | 2688          |
| train/                  |               |
|    approx_kl            | 0.00019355258 |
|    clip_fraction        | 0             |
|    clip_range           | 0.2           |
|    entropy_loss         | -1.49         |
|    explained_variance   | 8.7e-06       |
|    learning_rate        | 0.0003        |
|    loss                 | 0.249         |
|    n_updates            | 80            |
|    policy_gradient_loss | -0.000154     |
|    value_loss           | 0.474         |
-------------------------------------------
------------------------------------------
| rollout/                |              |
|    ep_len_mean          | 1.15         |
|    ep_rew_mean          | -0.304       |
| time/                   |              |
|    fps                  | 886          |
|    iterations           | 22           |
|    time_elapsed         | 3            |
|    total_timesteps      | 2816         |
| train/                  |              |
|    approx_kl            | 0.0010179081 |
|    clip_fraction        | 0            |
|    clip_range           | 0.2          |
|    entropy_loss         | -1.5         |
|    explained_variance   | -0.0027      |
|    learning_rate        | 0.0003       |
|    loss                 | 0.225        |
|    n_updates            | 84           |
|    policy_gradient_loss | -0.00361     |
|    value_loss           | 0.415        |
------------------------------------------
------------------------------------------
| rollout/                |              |
|    ep_len_mean          | 1.07         |
|    ep_rew_mean          | -0.344       |
| time/                   |              |
|    fps                  | 886          |
|    iterations           | 23           |
|    time_elapsed         | 3            |
|    total_timesteps      | 2944         |
| train/                  |              |
|    approx_kl            | 0.0032042512 |
|    clip_fraction        | 0            |
|    clip_range           | 0.2          |
|    entropy_loss         | -1.53        |
|    explained_variance   | 0.000222     |
|    learning_rate        | 0.0003       |
|    loss                 | 0.233        |
|    n_updates            | 88           |
|    policy_gradient_loss | -0.00165     |
|    value_loss           | 0.396        |
------------------------------------------
------------------------------------------
| rollout/                |              |
|    ep_len_mean          | 1.1          |
|    ep_rew_mean          | -0.285       |
| time/                   |              |
|    fps                  | 886          |
|    iterations           | 24           |
|    time_elapsed         | 3            |
|    total_timesteps      | 3072         |
| train/                  |              |
|    approx_kl            | 0.0005892161 |
|    clip_fraction        | 0            |
|    clip_range           | 0.2          |
|    entropy_loss         | -1.55        |
|    explained_variance   | 0.0132       |
|    learning_rate        | 0.0003       |
|    loss                 | 0.172        |
|    n_updates            | 92           |
|    policy_gradient_loss | -0.0012      |
|    value_loss           | 0.364        |
------------------------------------------
-------------------------------------------
| rollout/                |               |
|    ep_len_mean          | 1.21          |
|    ep_rew_mean          | -0.336        |
| time/                   |               |
|    fps                  | 890           |
|    iterations           | 25            |
|    time_elapsed         | 3             |
|    total_timesteps      | 3200          |
| train/                  |               |
|    approx_kl            | 0.00083396723 |
|    clip_fraction        | 0             |
|    clip_range           | 0.2           |
|    entropy_loss         | -1.56         |
|    explained_variance   | 0.00217       |
|    learning_rate        | 0.0003        |
|    loss                 | 0.195         |
|    n_updates            | 96            |
|    policy_gradient_loss | -0.00325      |
|    value_loss           | 0.441         |
-------------------------------------------
------------------------------------------
| rollout/                |              |
|    ep_len_mean          | 1.11         |
|    ep_rew_mean          | -0.254       |
| time/                   |              |
|    fps                  | 897          |
|    iterations           | 26           |
|    time_elapsed         | 3            |
|    total_timesteps      | 3328         |
| train/                  |              |
|    approx_kl            | 0.0015547322 |
|    clip_fraction        | 0            |
|    clip_range           | 0.2          |
|    entropy_loss         | -1.55        |
|    explained_variance   | 0.00733      |
|    learning_rate        | 0.0003       |
|    loss                 | 0.151        |
|    n_updates            | 100          |
|    policy_gradient_loss | -0.00327     |
|    value_loss           | 0.393        |
------------------------------------------
-------------------------------------------
| rollout/                |               |
|    ep_len_mean          | 1.15          |
|    ep_rew_mean          | -0.394        |
| time/                   |               |
|    fps                  | 899           |
|    iterations           | 27            |
|    time_elapsed         | 3             |
|    total_timesteps      | 3456          |
| train/                  |               |
|    approx_kl            | 0.00021447567 |
|    clip_fraction        | 0             |
|    clip_range           | 0.2           |
|    entropy_loss         | -1.54         |
|    explained_variance   | -0.00906      |
|    learning_rate        | 0.0003        |
|    loss                 | 0.176         |
|    n_updates            | 104           |
|    policy_gradient_loss | 0.000422      |
|    value_loss           | 0.407         |
-------------------------------------------
------------------------------------------
| rollout/                |              |
|    ep_len_mean          | 1.17         |
|    ep_rew_mean          | -0.289       |
| time/                   |              |
|    fps                  | 901          |
|    iterations           | 28           |
|    time_elapsed         | 3            |
|    total_timesteps      | 3584         |
| train/                  |              |
|    approx_kl            | 0.0004158425 |
|    clip_fraction        | 0            |
|    clip_range           | 0.2          |
|    entropy_loss         | -1.55        |
|    explained_variance   | -0.00256     |
|    learning_rate        | 0.0003       |
|    loss                 | 0.173        |
|    n_updates            | 108          |
|    policy_gradient_loss | -0.000531    |
|    value_loss           | 0.332        |
------------------------------------------
------------------------------------------
| rollout/                |              |
|    ep_len_mean          | 1.14         |
|    ep_rew_mean          | -0.105       |
| time/                   |              |
|    fps                  | 903          |
|    iterations           | 29           |
|    time_elapsed         | 4            |
|    total_timesteps      | 3712         |
| train/                  |              |
|    approx_kl            | 0.0022947271 |
|    clip_fraction        | 0            |
|    clip_range           | 0.2          |
|    entropy_loss         | -1.54        |
|    explained_variance   | -0.00346     |
|    learning_rate        | 0.0003       |
|    loss                 | 0.202        |
|    n_updates            | 112          |
|    policy_gradient_loss | -0.00611     |
|    value_loss           | 0.423        |
------------------------------------------
------------------------------------------
| rollout/                |              |
|    ep_len_mean          | 1.17         |
|    ep_rew_mean          | -0.29        |
| time/                   |              |
|    fps                  | 903          |
|    iterations           | 30           |
|    time_elapsed         | 4            |
|    total_timesteps      | 3840         |
| train/                  |              |
|    approx_kl            | 0.0033296952 |
|    clip_fraction        | 0            |
|    clip_range           | 0.2          |
|    entropy_loss         | -1.49        |
|    explained_variance   | -0.00302     |
|    learning_rate        | 0.0003       |
|    loss                 | 0.271        |
|    n_updates            | 116          |
|    policy_gradient_loss | -0.00278     |
|    value_loss           | 0.501        |
------------------------------------------
-----------------------------------------
| rollout/                |             |
|    ep_len_mean          | 1.11        |
|    ep_rew_mean          | -0.332      |
| time/                   |             |
|    fps                  | 902         |
|    iterations           | 31          |
|    time_elapsed         | 4           |
|    total_timesteps      | 3968        |
| train/                  |             |
|    approx_kl            | 0.003892202 |
|    clip_fraction        | 0           |
|    clip_range           | 0.2         |
|    entropy_loss         | -1.47       |
|    explained_variance   | 0.00187     |
|    learning_rate        | 0.0003      |
|    loss                 | 0.151       |
|    n_updates            | 120         |
|    policy_gradient_loss | -0.00703    |
|    value_loss           | 0.41        |
-----------------------------------------
-----------------------------------------
| rollout/                |             |
|    ep_len_mean          | 1.03        |
|    ep_rew_mean          | -0.21       |
| time/                   |             |
|    fps                  | 895         |
|    iterations           | 32          |
|    time_elapsed         | 4           |
|    total_timesteps      | 4096        |
| train/                  |             |
|    approx_kl            | 0.006751544 |
|    clip_fraction        | 0.0195      |
|    clip_range           | 0.2         |
|    entropy_loss         | -1.4        |
|    explained_variance   | 0.00383     |
|    learning_rate        | 0.0003      |
|    loss                 | 0.288       |
|    n_updates            | 124         |
|    policy_gradient_loss | -0.00727    |
|    value_loss           | 0.408       |
-----------------------------------------
------------------------------------------
| rollout/                |              |
|    ep_len_mean          | 1.03         |
|    ep_rew_mean          | -0.181       |
| time/                   |              |
|    fps                  | 888          |
|    iterations           | 33           |
|    time_elapsed         | 4            |
|    total_timesteps      | 4224         |
| train/                  |              |
|    approx_kl            | 0.0010198895 |
|    clip_fraction        | 0            |
|    clip_range           | 0.2          |
|    entropy_loss         | -1.36        |
|    explained_variance   | 6.76e-05     |
|    learning_rate        | 0.0003       |
|    loss                 | 0.193        |
|    n_updates            | 128          |
|    policy_gradient_loss | 4.62e-05     |
|    value_loss           | 0.455        |
------------------------------------------
------------------------------------------
| rollout/                |              |
|    ep_len_mean          | 1.04         |
|    ep_rew_mean          | -0.239       |
| time/                   |              |
|    fps                  | 887          |
|    iterations           | 34           |
|    time_elapsed         | 4            |
|    total_timesteps      | 4352         |
| train/                  |              |
|    approx_kl            | 0.0017335485 |
|    clip_fraction        | 0            |
|    clip_range           | 0.2          |
|    entropy_loss         | -1.33        |
|    explained_variance   | -0.00116     |
|    learning_rate        | 0.0003       |
|    loss                 | 0.192        |
|    n_updates            | 132          |
|    policy_gradient_loss | -0.00305     |
|    value_loss           | 0.469        |
------------------------------------------
------------------------------------------
| rollout/                |              |
|    ep_len_mean          | 1.06         |
|    ep_rew_mean          | -0.389       |
| time/                   |              |
|    fps                  | 883          |
|    iterations           | 35           |
|    time_elapsed         | 5            |
|    total_timesteps      | 4480         |
| train/                  |              |
|    approx_kl            | 0.0007340084 |
|    clip_fraction        | 0            |
|    clip_range           | 0.2          |
|    entropy_loss         | -1.29        |
|    explained_variance   | 0.00403      |
|    learning_rate        | 0.0003       |
|    loss                 | 0.21         |
|    n_updates            | 136          |
|    policy_gradient_loss | 0.00126      |
|    value_loss           | 0.448        |
------------------------------------------
------------------------------------------
| rollout/                |              |
|    ep_len_mean          | 1.03         |
|    ep_rew_mean          | -0.222       |
| time/                   |              |
|    fps                  | 884          |
|    iterations           | 36           |
|    time_elapsed         | 5            |
|    total_timesteps      | 4608         |
| train/                  |              |
|    approx_kl            | 0.0017460631 |
|    clip_fraction        | 0            |
|    clip_range           | 0.2          |
|    entropy_loss         | -1.27        |
|    explained_variance   | -0.00103     |
|    learning_rate        | 0.0003       |
|    loss                 | 0.13         |
|    n_updates            | 140          |
|    policy_gradient_loss | -0.0028      |
|    value_loss           | 0.356        |
------------------------------------------
------------------------------------------
| rollout/                |              |
|    ep_len_mean          | 1.03         |
|    ep_rew_mean          | -0.192       |
| time/                   |              |
|    fps                  | 882          |
|    iterations           | 37           |
|    time_elapsed         | 5            |
|    total_timesteps      | 4736         |
| train/                  |              |
|    approx_kl            | 0.0023455191 |
|    clip_fraction        | 0            |
|    clip_range           | 0.2          |
|    entropy_loss         | -1.22        |
|    explained_variance   | 0.00536      |
|    learning_rate        | 0.0003       |
|    loss                 | 0.246        |
|    n_updates            | 144          |
|    policy_gradient_loss | -0.00388     |
|    value_loss           | 0.417        |
------------------------------------------
-----------------------------------------
| rollout/                |             |
|    ep_len_mean          | 1.03        |
|    ep_rew_mean          | -0.267      |
| time/                   |             |
|    fps                  | 880         |
|    iterations           | 38          |
|    time_elapsed         | 5           |
|    total_timesteps      | 4864        |
| train/                  |             |
|    approx_kl            | 0.004128761 |
|    clip_fraction        | 0           |
|    clip_range           | 0.2         |
|    entropy_loss         | -1.18       |
|    explained_variance   | 0.00147     |
|    learning_rate        | 0.0003      |
|    loss                 | 0.256       |
|    n_updates            | 148         |
|    policy_gradient_loss | -0.000424   |
|    value_loss           | 0.49        |
-----------------------------------------
------------------------------------------
| rollout/                |              |
|    ep_len_mean          | 1.05         |
|    ep_rew_mean          | -0.27        |
| time/                   |              |
|    fps                  | 882          |
|    iterations           | 39           |
|    time_elapsed         | 5            |
|    total_timesteps      | 4992         |
| train/                  |              |
|    approx_kl            | 0.0012892303 |
|    clip_fraction        | 0            |
|    clip_range           | 0.2          |
|    entropy_loss         | -1.16        |
|    explained_variance   | 0.000669     |
|    learning_rate        | 0.0003       |
|    loss                 | 0.208        |
|    n_updates            | 152          |
|    policy_gradient_loss | -0.00133     |
|    value_loss           | 0.457        |
------------------------------------------
------------------------------------------
| rollout/                |              |
|    ep_len_mean          | 1.02         |
|    ep_rew_mean          | -0.268       |
| time/                   |              |
|    fps                  | 882          |
|    iterations           | 40           |
|    time_elapsed         | 5            |
|    total_timesteps      | 5120         |
| train/                  |              |
|    approx_kl            | 0.0029231482 |
|    clip_fraction        | 0.0117       |
|    clip_range           | 0.2          |
|    entropy_loss         | -1.21        |
|    explained_variance   | -0.016       |
|    learning_rate        | 0.0003       |
|    loss                 | 0.296        |
|    n_updates            | 156          |
|    policy_gradient_loss | -0.00457     |
|    value_loss           | 0.434        |
------------------------------------------
------------------------------------------
| rollout/                |              |
|    ep_len_mean          | 1.04         |
|    ep_rew_mean          | -0.252       |
| time/                   |              |
|    fps                  | 884          |
|    iterations           | 41           |
|    time_elapsed         | 5            |
|    total_timesteps      | 5248         |
| train/                  |              |
|    approx_kl            | 0.0032722359 |
|    clip_fraction        | 0            |
|    clip_range           | 0.2          |
|    entropy_loss         | -1.26        |
|    explained_variance   | 0.0042       |
|    learning_rate        | 0.0003       |
|    loss                 | 0.189        |
|    n_updates            | 160          |
|    policy_gradient_loss | -0.00521     |
|    value_loss           | 0.42         |
------------------------------------------
-------------------------------------------
| rollout/                |               |
|    ep_len_mean          | 1.01          |
|    ep_rew_mean          | -0.298        |
| time/                   |               |
|    fps                  | 888           |
|    iterations           | 42            |
|    time_elapsed         | 6             |
|    total_timesteps      | 5376          |
| train/                  |               |
|    approx_kl            | 0.00029615127 |
|    clip_fraction        | 0             |
|    clip_range           | 0.2           |
|    entropy_loss         | -1.27         |
|    explained_variance   | 0.00263       |
|    learning_rate        | 0.0003        |
|    loss                 | 0.113         |
|    n_updates            | 164           |
|    policy_gradient_loss | -0.000703     |
|    value_loss           | 0.406         |
-------------------------------------------
------------------------------------------
| rollout/                |              |
|    ep_len_mean          | 1.04         |
|    ep_rew_mean          | -0.374       |
| time/                   |              |
|    fps                  | 888          |
|    iterations           | 43           |
|    time_elapsed         | 6            |
|    total_timesteps      | 5504         |
| train/                  |              |
|    approx_kl            | 0.0012885681 |
|    clip_fraction        | 0            |
|    clip_range           | 0.2          |
|    entropy_loss         | -1.28        |
|    explained_variance   | -0.000804    |
|    learning_rate        | 0.0003       |
|    loss                 | 0.244        |
|    n_updates            | 168          |
|    policy_gradient_loss | -0.00117     |
|    value_loss           | 0.42         |
------------------------------------------
------------------------------------------
| rollout/                |              |
|    ep_len_mean          | 1.05         |
|    ep_rew_mean          | -0.298       |
| time/                   |              |
|    fps                  | 891          |
|    iterations           | 44           |
|    time_elapsed         | 6            |
|    total_timesteps      | 5632         |
| train/                  |              |
|    approx_kl            | 0.0031205588 |
|    clip_fraction        | 0            |
|    clip_range           | 0.2          |
|    entropy_loss         | -1.32        |
|    explained_variance   | -0.00485     |
|    learning_rate        | 0.0003       |
|    loss                 | 0.138        |
|    n_updates            | 172          |
|    policy_gradient_loss | -0.0029      |
|    value_loss           | 0.386        |
------------------------------------------
-------------------------------------------
| rollout/                |               |
|    ep_len_mean          | 1.05          |
|    ep_rew_mean          | -0.193        |
| time/                   |               |
|    fps                  | 892           |
|    iterations           | 45            |
|    time_elapsed         | 6             |
|    total_timesteps      | 5760          |
| train/                  |               |
|    approx_kl            | 0.00067685824 |
|    clip_fraction        | 0             |
|    clip_range           | 0.2           |
|    entropy_loss         | -1.34         |
|    explained_variance   | -0.00519      |
|    learning_rate        | 0.0003        |
|    loss                 | 0.192         |
|    n_updates            | 176           |
|    policy_gradient_loss | -0.0025       |
|    value_loss           | 0.399         |
-------------------------------------------
------------------------------------------
| rollout/                |              |
|    ep_len_mean          | 1.02         |
|    ep_rew_mean          | -0.33        |
| time/                   |              |
|    fps                  | 896          |
|    iterations           | 46           |
|    time_elapsed         | 6            |
|    total_timesteps      | 5888         |
| train/                  |              |
|    approx_kl            | 0.0015185238 |
|    clip_fraction        | 0            |
|    clip_range           | 0.2          |
|    entropy_loss         | -1.31        |
|    explained_variance   | -0.000671    |
|    learning_rate        | 0.0003       |
|    loss                 | 0.225        |
|    n_updates            | 180          |
|    policy_gradient_loss | -0.00253     |
|    value_loss           | 0.479        |
------------------------------------------
-----------------------------------------
| rollout/                |             |
|    ep_len_mean          | 1.04        |
|    ep_rew_mean          | -0.284      |
| time/                   |             |
|    fps                  | 898         |
|    iterations           | 47          |
|    time_elapsed         | 6           |
|    total_timesteps      | 6016        |
| train/                  |             |
|    approx_kl            | 0.004462278 |
|    clip_fraction        | 0           |
|    clip_range           | 0.2         |
|    entropy_loss         | -1.29       |
|    explained_variance   | -0.00249    |
|    learning_rate        | 0.0003      |
|    loss                 | 0.175       |
|    n_updates            | 184         |
|    policy_gradient_loss | -0.00833    |
|    value_loss           | 0.388       |
-----------------------------------------
------------------------------------------
| rollout/                |              |
|    ep_len_mean          | 1.08         |
|    ep_rew_mean          | -0.242       |
| time/                   |              |
|    fps                  | 898          |
|    iterations           | 48           |
|    time_elapsed         | 6            |
|    total_timesteps      | 6144         |
| train/                  |              |
|    approx_kl            | 0.0015969174 |
|    clip_fraction        | 0            |
|    clip_range           | 0.2          |
|    entropy_loss         | -1.27        |
|    explained_variance   | 0.00133      |
|    learning_rate        | 0.0003       |
|    loss                 | 0.165        |
|    n_updates            | 188          |
|    policy_gradient_loss | 0.00226      |
|    value_loss           | 0.411        |
------------------------------------------
-------------------------------------------
| rollout/                |               |
|    ep_len_mean          | 1.05          |
|    ep_rew_mean          | -0.284        |
| time/                   |               |
|    fps                  | 899           |
|    iterations           | 49            |
|    time_elapsed         | 6             |
|    total_timesteps      | 6272          |
| train/                  |               |
|    approx_kl            | 0.00022952678 |
|    clip_fraction        | 0             |
|    clip_range           | 0.2           |
|    entropy_loss         | -1.28         |
|    explained_variance   | 0.00612       |
|    learning_rate        | 0.0003        |
|    loss                 | 0.193         |
|    n_updates            | 192           |
|    policy_gradient_loss | -0.000207     |
|    value_loss           | 0.429         |
-------------------------------------------
------------------------------------------
| rollout/                |              |
|    ep_len_mean          | 1.07         |
|    ep_rew_mean          | -0.253       |
| time/                   |              |
|    fps                  | 898          |
|    iterations           | 50           |
|    time_elapsed         | 7            |
|    total_timesteps      | 6400         |
| train/                  |              |
|    approx_kl            | 0.0022763903 |
|    clip_fraction        | 0            |
|    clip_range           | 0.2          |
|    entropy_loss         | -1.27        |
|    explained_variance   | -0.00309     |
|    learning_rate        | 0.0003       |
|    loss                 | 0.194        |
|    n_updates            | 196          |
|    policy_gradient_loss | -0.00404     |
|    value_loss           | 0.428        |
------------------------------------------
------------------------------------------
| rollout/                |              |
|    ep_len_mean          | 1.05         |
|    ep_rew_mean          | -0.241       |
| time/                   |              |
|    fps                  | 901          |
|    iterations           | 51           |
|    time_elapsed         | 7            |
|    total_timesteps      | 6528         |
| train/                  |              |
|    approx_kl            | 0.0012138374 |
|    clip_fraction        | 0.00586      |
|    clip_range           | 0.2          |
|    entropy_loss         | -1.27        |
|    explained_variance   | 0.000133     |
|    learning_rate        | 0.0003       |
|    loss                 | 0.222        |
|    n_updates            | 200          |
|    policy_gradient_loss | -0.00227     |
|    value_loss           | 0.456        |
------------------------------------------
------------------------------------------
| rollout/                |              |
|    ep_len_mean          | 1.06         |
|    ep_rew_mean          | -0.272       |
| time/                   |              |
|    fps                  | 903          |
|    iterations           | 52           |
|    time_elapsed         | 7            |
|    total_timesteps      | 6656         |
| train/                  |              |
|    approx_kl            | 0.0028969445 |
|    clip_fraction        | 0.00391      |
|    clip_range           | 0.2          |
|    entropy_loss         | -1.26        |
|    explained_variance   | -0.00157     |
|    learning_rate        | 0.0003       |
|    loss                 | 0.213        |
|    n_updates            | 204          |
|    policy_gradient_loss | -0.00592     |
|    value_loss           | 0.433        |
------------------------------------------
------------------------------------------
| rollout/                |              |
|    ep_len_mean          | 1.08         |
|    ep_rew_mean          | -0.297       |
| time/                   |              |
|    fps                  | 905          |
|    iterations           | 53           |
|    time_elapsed         | 7            |
|    total_timesteps      | 6784         |
| train/                  |              |
|    approx_kl            | 0.0009608567 |
|    clip_fraction        | 0            |
|    clip_range           | 0.2          |
|    entropy_loss         | -1.2         |
|    explained_variance   | -0.00225     |
|    learning_rate        | 0.0003       |
|    loss                 | 0.211        |
|    n_updates            | 208          |
|    policy_gradient_loss | -0.000405    |
|    value_loss           | 0.433        |
------------------------------------------
------------------------------------------
| rollout/                |              |
|    ep_len_mean          | 1.06         |
|    ep_rew_mean          | -0.328       |
| time/                   |              |
|    fps                  | 907          |
|    iterations           | 54           |
|    time_elapsed         | 7            |
|    total_timesteps      | 6912         |
| train/                  |              |
|    approx_kl            | 0.0005524233 |
|    clip_fraction        | 0            |
|    clip_range           | 0.2          |
|    entropy_loss         | -1.18        |
|    explained_variance   | 0.00297      |
|    learning_rate        | 0.0003       |
|    loss                 | 0.286        |
|    n_updates            | 212          |
|    policy_gradient_loss | -3.58e-05    |
|    value_loss           | 0.407        |
------------------------------------------
-----------------------------------------
| rollout/                |             |
|    ep_len_mean          | 1.08        |
|    ep_rew_mean          | -0.331      |
| time/                   |             |
|    fps                  | 910         |
|    iterations           | 55          |
|    time_elapsed         | 7           |
|    total_timesteps      | 7040        |
| train/                  |             |
|    approx_kl            | 0.001303318 |
|    clip_fraction        | 0           |
|    clip_range           | 0.2         |
|    entropy_loss         | -1.18       |
|    explained_variance   | 0.00432     |
|    learning_rate        | 0.0003      |
|    loss                 | 0.203       |
|    n_updates            | 216         |
|    policy_gradient_loss | -0.00136    |
|    value_loss           | 0.417       |
-----------------------------------------
------------------------------------------
| rollout/                |              |
|    ep_len_mean          | 1.07         |
|    ep_rew_mean          | -0.193       |
| time/                   |              |
|    fps                  | 912          |
|    iterations           | 56           |
|    time_elapsed         | 7            |
|    total_timesteps      | 7168         |
| train/                  |              |
|    approx_kl            | 0.0024331184 |
|    clip_fraction        | 0.0137       |
|    clip_range           | 0.2          |
|    entropy_loss         | -1.19        |
|    explained_variance   | 0.00627      |
|    learning_rate        | 0.0003       |
|    loss                 | 0.176        |
|    n_updates            | 220          |
|    policy_gradient_loss | -0.0075      |
|    value_loss           | 0.377        |
------------------------------------------
------------------------------------------
| rollout/                |              |
|    ep_len_mean          | 1.13         |
|    ep_rew_mean          | -0.317       |
| time/                   |              |
|    fps                  | 914          |
|    iterations           | 57           |
|    time_elapsed         | 7            |
|    total_timesteps      | 7296         |
| train/                  |              |
|    approx_kl            | 0.0012570904 |
|    clip_fraction        | 0            |
|    clip_range           | 0.2          |
|    entropy_loss         | -1.25        |
|    explained_variance   | -0.00758     |
|    learning_rate        | 0.0003       |
|    loss                 | 0.233        |
|    n_updates            | 224          |
|    policy_gradient_loss | -0.000729    |
|    value_loss           | 0.512        |
------------------------------------------
-------------------------------------------
| rollout/                |               |
|    ep_len_mean          | 1.02          |
|    ep_rew_mean          | -0.222        |
| time/                   |               |
|    fps                  | 914           |
|    iterations           | 58            |
|    time_elapsed         | 8             |
|    total_timesteps      | 7424          |
| train/                  |               |
|    approx_kl            | 0.00011902861 |
|    clip_fraction        | 0             |
|    clip_range           | 0.2           |
|    entropy_loss         | -1.25         |
|    explained_variance   | 0.00277       |
|    learning_rate        | 0.0003        |
|    loss                 | 0.235         |
|    n_updates            | 228           |
|    policy_gradient_loss | 0.000462      |
|    value_loss           | 0.411         |
-------------------------------------------
------------------------------------------
| rollout/                |              |
|    ep_len_mean          | 1.06         |
|    ep_rew_mean          | -0.406       |
| time/                   |              |
|    fps                  | 916          |
|    iterations           | 59           |
|    time_elapsed         | 8            |
|    total_timesteps      | 7552         |
| train/                  |              |
|    approx_kl            | 0.0003278344 |
|    clip_fraction        | 0            |
|    clip_range           | 0.2          |
|    entropy_loss         | -1.25        |
|    explained_variance   | 0.000671     |
|    learning_rate        | 0.0003       |
|    loss                 | 0.244        |
|    n_updates            | 232          |
|    policy_gradient_loss | -0.000763    |
|    value_loss           | 0.435        |
------------------------------------------
------------------------------------------
| rollout/                |              |
|    ep_len_mean          | 1.12         |
|    ep_rew_mean          | -0.316       |
| time/                   |              |
|    fps                  | 917          |
|    iterations           | 60           |
|    time_elapsed         | 8            |
|    total_timesteps      | 7680         |
| train/                  |              |
|    approx_kl            | 0.0007642866 |
|    clip_fraction        | 0            |
|    clip_range           | 0.2          |
|    entropy_loss         | -1.25        |
|    explained_variance   | -0.00103     |
|    learning_rate        | 0.0003       |
|    loss                 | 0.131        |
|    n_updates            | 236          |
|    policy_gradient_loss | -0.000736    |
|    value_loss           | 0.358        |
------------------------------------------
-------------------------------------------
| rollout/                |               |
|    ep_len_mean          | 1.03          |
|    ep_rew_mean          | -0.359        |
| time/                   |               |
|    fps                  | 917           |
|    iterations           | 61            |
|    time_elapsed         | 8             |
|    total_timesteps      | 7808          |
| train/                  |               |
|    approx_kl            | 0.00029211957 |
|    clip_fraction        | 0             |
|    clip_range           | 0.2           |
|    entropy_loss         | -1.22         |
|    explained_variance   | 0.00686       |
|    learning_rate        | 0.0003        |
|    loss                 | 0.22          |
|    n_updates            | 240           |
|    policy_gradient_loss | 0.000333      |
|    value_loss           | 0.399         |
-------------------------------------------
------------------------------------------
| rollout/                |              |
|    ep_len_mean          | 1.12         |
|    ep_rew_mean          | -0.122       |
| time/                   |              |
|    fps                  | 918          |
|    iterations           | 62           |
|    time_elapsed         | 8            |
|    total_timesteps      | 7936         |
| train/                  |              |
|    approx_kl            | 0.0016331808 |
|    clip_fraction        | 0            |
|    clip_range           | 0.2          |
|    entropy_loss         | -1.22        |
|    explained_variance   | -0.000977    |
|    learning_rate        | 0.0003       |
|    loss                 | 0.147        |
|    n_updates            | 244          |
|    policy_gradient_loss | -0.00413     |
|    value_loss           | 0.368        |
------------------------------------------
------------------------------------------
| rollout/                |              |
|    ep_len_mean          | 1.05         |
|    ep_rew_mean          | -0.254       |
| time/                   |              |
|    fps                  | 916          |
|    iterations           | 63           |
|    time_elapsed         | 8            |
|    total_timesteps      | 8064         |
| train/                  |              |
|    approx_kl            | 0.0025107153 |
|    clip_fraction        | 0            |
|    clip_range           | 0.2          |
|    entropy_loss         | -1.19        |
|    explained_variance   | -0.00275     |
|    learning_rate        | 0.0003       |
|    loss                 | 0.23         |
|    n_updates            | 248          |
|    policy_gradient_loss | -0.00281     |
|    value_loss           | 0.503        |
------------------------------------------
-----------------------------------------
| rollout/                |             |
|    ep_len_mean          | 1.08        |
|    ep_rew_mean          | -0.196      |
| time/                   |             |
|    fps                  | 915         |
|    iterations           | 64          |
|    time_elapsed         | 8           |
|    total_timesteps      | 8192        |
| train/                  |             |
|    approx_kl            | 0.004629021 |
|    clip_fraction        | 0           |
|    clip_range           | 0.2         |
|    entropy_loss         | -1.19       |
|    explained_variance   | -0.00034    |
|    learning_rate        | 0.0003      |
|    loss                 | 0.194       |
|    n_updates            | 252         |
|    policy_gradient_loss | -0.00845    |
|    value_loss           | 0.447       |
-----------------------------------------
------------------------------------------
| rollout/                |              |
|    ep_len_mean          | 1.1          |
|    ep_rew_mean          | -0.255       |
| time/                   |              |
|    fps                  | 915          |
|    iterations           | 65           |
|    time_elapsed         | 9            |
|    total_timesteps      | 8320         |
| train/                  |              |
|    approx_kl            | 0.0034255339 |
|    clip_fraction        | 0.00781      |
|    clip_range           | 0.2          |
|    entropy_loss         | -1.21        |
|    explained_variance   | 0.00558      |
|    learning_rate        | 0.0003       |
|    loss                 | 0.194        |
|    n_updates            | 256          |
|    policy_gradient_loss | -0.0046      |
|    value_loss           | 0.473        |
------------------------------------------
------------------------------------------
| rollout/                |              |
|    ep_len_mean          | 1.09         |
|    ep_rew_mean          | -0.33        |
| time/                   |              |
|    fps                  | 916          |
|    iterations           | 66           |
|    time_elapsed         | 9            |
|    total_timesteps      | 8448         |
| train/                  |              |
|    approx_kl            | 0.0007547606 |
|    clip_fraction        | 0            |
|    clip_range           | 0.2          |
|    entropy_loss         | -1.25        |
|    explained_variance   | 0.00406      |
|    learning_rate        | 0.0003       |
|    loss                 | 0.26         |
|    n_updates            | 260          |
|    policy_gradient_loss | -1.67e-05    |
|    value_loss           | 0.427        |
------------------------------------------
------------------------------------------
| rollout/                |              |
|    ep_len_mean          | 1.08         |
|    ep_rew_mean          | -0.374       |
| time/                   |              |
|    fps                  | 916          |
|    iterations           | 67           |
|    time_elapsed         | 9            |
|    total_timesteps      | 8576         |
| train/                  |              |
|    approx_kl            | 0.0019410015 |
|    clip_fraction        | 0            |
|    clip_range           | 0.2          |
|    entropy_loss         | -1.25        |
|    explained_variance   | 0.00287      |
|    learning_rate        | 0.0003       |
|    loss                 | 0.264        |
|    n_updates            | 264          |
|    policy_gradient_loss | -0.00266     |
|    value_loss           | 0.351        |
------------------------------------------
------------------------------------------
| rollout/                |              |
|    ep_len_mean          | 1.09         |
|    ep_rew_mean          | -0.346       |
| time/                   |              |
|    fps                  | 917          |
|    iterations           | 68           |
|    time_elapsed         | 9            |
|    total_timesteps      | 8704         |
| train/                  |              |
|    approx_kl            | 0.0016118786 |
|    clip_fraction        | 0            |
|    clip_range           | 0.2          |
|    entropy_loss         | -1.2         |
|    explained_variance   | 0.00116      |
|    learning_rate        | 0.0003       |
|    loss                 | 0.184        |
|    n_updates            | 268          |
|    policy_gradient_loss | -0.00144     |
|    value_loss           | 0.351        |
------------------------------------------
-----------------------------------------
| rollout/                |             |
|    ep_len_mean          | 1.02        |
|    ep_rew_mean          | -0.268      |
| time/                   |             |
|    fps                  | 916         |
|    iterations           | 69          |
|    time_elapsed         | 9           |
|    total_timesteps      | 8832        |
| train/                  |             |
|    approx_kl            | 0.005238697 |
|    clip_fraction        | 0           |
|    clip_range           | 0.2         |
|    entropy_loss         | -1.17       |
|    explained_variance   | 0.000187    |
|    learning_rate        | 0.0003      |
|    loss                 | 0.14        |
|    n_updates            | 272         |
|    policy_gradient_loss | -0.00787    |
|    value_loss           | 0.394       |
-----------------------------------------
-----------------------------------------
| rollout/                |             |
|    ep_len_mean          | 1.07        |
|    ep_rew_mean          | -0.314      |
| time/                   |             |
|    fps                  | 917         |
|    iterations           | 70          |
|    time_elapsed         | 9           |
|    total_timesteps      | 8960        |
| train/                  |             |
|    approx_kl            | 0.011552394 |
|    clip_fraction        | 0           |
|    clip_range           | 0.2         |
|    entropy_loss         | -1.07       |
|    explained_variance   | 0.000723    |
|    learning_rate        | 0.0003      |
|    loss                 | 0.243       |
|    n_updates            | 276         |
|    policy_gradient_loss | -0.00888    |
|    value_loss           | 0.446       |
-----------------------------------------
-----------------------------------------
| rollout/                |             |
|    ep_len_mean          | 1           |
|    ep_rew_mean          | -0.239      |
| time/                   |             |
|    fps                  | 917         |
|    iterations           | 71          |
|    time_elapsed         | 9           |
|    total_timesteps      | 9088        |
| train/                  |             |
|    approx_kl            | 0.007844317 |
|    clip_fraction        | 0.0156      |
|    clip_range           | 0.2         |
|    entropy_loss         | -0.963      |
|    explained_variance   | -0.00559    |
|    learning_rate        | 0.0003      |
|    loss                 | 0.13        |
|    n_updates            | 280         |
|    policy_gradient_loss | -0.00535    |
|    value_loss           | 0.409       |
-----------------------------------------
-----------------------------------------
| rollout/                |             |
|    ep_len_mean          | 1.02        |
|    ep_rew_mean          | -0.391      |
| time/                   |             |
|    fps                  | 917         |
|    iterations           | 72          |
|    time_elapsed         | 10          |
|    total_timesteps      | 9216        |
| train/                  |             |
|    approx_kl            | 0.002107799 |
|    clip_fraction        | 0           |
|    clip_range           | 0.2         |
|    entropy_loss         | -0.949      |
|    explained_variance   | 0           |
|    learning_rate        | 0.0003      |
|    loss                 | 0.129       |
|    n_updates            | 284         |
|    policy_gradient_loss | -0.00389    |
|    value_loss           | 0.433       |
-----------------------------------------
------------------------------------------
| rollout/                |              |
|    ep_len_mean          | 1.02         |
|    ep_rew_mean          | -0.209       |
| time/                   |              |
|    fps                  | 915          |
|    iterations           | 73           |
|    time_elapsed         | 10           |
|    total_timesteps      | 9344         |
| train/                  |              |
|    approx_kl            | 0.0011475496 |
|    clip_fraction        | 0            |
|    clip_range           | 0.2          |
|    entropy_loss         | -1           |
|    explained_variance   | -5.67e-05    |
|    learning_rate        | 0.0003       |
|    loss                 | 0.117        |
|    n_updates            | 288          |
|    policy_gradient_loss | 0.000775     |
|    value_loss           | 0.349        |
------------------------------------------
------------------------------------------
| rollout/                |              |
|    ep_len_mean          | 1.05         |
|    ep_rew_mean          | -0.344       |
| time/                   |              |
|    fps                  | 915          |
|    iterations           | 74           |
|    time_elapsed         | 10           |
|    total_timesteps      | 9472         |
| train/                  |              |
|    approx_kl            | 0.0038650301 |
|    clip_fraction        | 0            |
|    clip_range           | 0.2          |
|    entropy_loss         | -1.03        |
|    explained_variance   | -0.00237     |
|    learning_rate        | 0.0003       |
|    loss                 | 0.175        |
|    n_updates            | 292          |
|    policy_gradient_loss | -0.0071      |
|    value_loss           | 0.507        |
------------------------------------------
------------------------------------------
| rollout/                |              |
|    ep_len_mean          | 1.01         |
|    ep_rew_mean          | -0.208       |
| time/                   |              |
|    fps                  | 915          |
|    iterations           | 75           |
|    time_elapsed         | 10           |
|    total_timesteps      | 9600         |
| train/                  |              |
|    approx_kl            | 0.0033615753 |
|    clip_fraction        | 0            |
|    clip_range           | 0.2          |
|    entropy_loss         | -1.11        |
|    explained_variance   | 0.00216      |
|    learning_rate        | 0.0003       |
|    loss                 | 0.22         |
|    n_updates            | 296          |
|    policy_gradient_loss | -0.00252     |
|    value_loss           | 0.39         |
------------------------------------------
------------------------------------------
| rollout/                |              |
|    ep_len_mean          | 1.02         |
|    ep_rew_mean          | -0.252       |
| time/                   |              |
|    fps                  | 916          |
|    iterations           | 76           |
|    time_elapsed         | 10           |
|    total_timesteps      | 9728         |
| train/                  |              |
|    approx_kl            | 0.0032858518 |
|    clip_fraction        | 0            |
|    clip_range           | 0.2          |
|    entropy_loss         | -1.16        |
|    explained_variance   | -2.98e-06    |
|    learning_rate        | 0.0003       |
|    loss                 | 0.253        |
|    n_updates            | 300          |
|    policy_gradient_loss | -0.00321     |
|    value_loss           | 0.474        |
------------------------------------------
------------------------------------------
| rollout/                |              |
|    ep_len_mean          | 1.04         |
|    ep_rew_mean          | -0.266       |
| time/                   |              |
|    fps                  | 914          |
|    iterations           | 77           |
|    time_elapsed         | 10           |
|    total_timesteps      | 9856         |
| train/                  |              |
|    approx_kl            | 0.0012519383 |
|    clip_fraction        | 0            |
|    clip_range           | 0.2          |
|    entropy_loss         | -1.2         |
|    explained_variance   | 0.00294      |
|    learning_rate        | 0.0003       |
|    loss                 | 0.205        |
|    n_updates            | 304          |
|    policy_gradient_loss | -0.00491     |
|    value_loss           | 0.462        |
------------------------------------------
-------------------------------------------
| rollout/                |               |
|    ep_len_mean          | 1.06          |
|    ep_rew_mean          | -0.255        |
| time/                   |               |
|    fps                  | 912           |
|    iterations           | 78            |
|    time_elapsed         | 10            |
|    total_timesteps      | 9984          |
| train/                  |               |
|    approx_kl            | 0.00024070451 |
|    clip_fraction        | 0             |
|    clip_range           | 0.2           |
|    entropy_loss         | -1.2          |
|    explained_variance   | 0.00142       |
|    learning_rate        | 0.0003        |
|    loss                 | 0.181         |
|    n_updates            | 308           |
|    policy_gradient_loss | 0.00191       |
|    value_loss           | 0.433         |
-------------------------------------------
------------------------------------------
| rollout/                |              |
|    ep_len_mean          | 1.02         |
|    ep_rew_mean          | -0.356       |
| time/                   |              |
|    fps                  | 911          |
|    iterations           | 79           |
|    time_elapsed         | 11           |
|    total_timesteps      | 10112        |
| train/                  |              |
|    approx_kl            | 0.0030497313 |
|    clip_fraction        | 0            |
|    clip_range           | 0.2          |
|    entropy_loss         | -1.18        |
|    explained_variance   | -0.00144     |
|    learning_rate        | 0.0003       |
|    loss                 | 0.267        |
|    n_updates            | 312          |
|    policy_gradient_loss | -0.00295     |
|    value_loss           | 0.431        |
------------------------------------------
-----------------------------------------
| rollout/                |             |
|    ep_len_mean          | 1.03        |
|    ep_rew_mean          | -0.359      |
| time/                   |             |
|    fps                  | 910         |
|    iterations           | 80          |
|    time_elapsed         | 11          |
|    total_timesteps      | 10240       |
| train/                  |             |
|    approx_kl            | 0.007842924 |
|    clip_fraction        | 0.00195     |
|    clip_range           | 0.2         |
|    entropy_loss         | -1.09       |
|    explained_variance   | 0.000914    |
|    learning_rate        | 0.0003      |
|    loss                 | 0.144       |
|    n_updates            | 316         |
|    policy_gradient_loss | -0.0105     |
|    value_loss           | 0.357       |
-----------------------------------------
-----------------------------------------
| rollout/                |             |
|    ep_len_mean          | 1.01        |
|    ep_rew_mean          | -0.221      |
| time/                   |             |
|    fps                  | 908         |
|    iterations           | 81          |
|    time_elapsed         | 11          |
|    total_timesteps      | 10368       |
| train/                  |             |
|    approx_kl            | 0.005828643 |
|    clip_fraction        | 0           |
|    clip_range           | 0.2         |
|    entropy_loss         | -0.98       |
|    explained_variance   | 0.00027     |
|    learning_rate        | 0.0003      |
|    loss                 | 0.192       |
|    n_updates            | 320         |
|    policy_gradient_loss | -0.00321    |
|    value_loss           | 0.398       |
-----------------------------------------
-----------------------------------------
| rollout/                |             |
|    ep_len_mean          | 1.01        |
|    ep_rew_mean          | -0.205      |
| time/                   |             |
|    fps                  | 909         |
|    iterations           | 82          |
|    time_elapsed         | 11          |
|    total_timesteps      | 10496       |
| train/                  |             |
|    approx_kl            | 0.007393621 |
|    clip_fraction        | 0.0273      |
|    clip_range           | 0.2         |
|    entropy_loss         | -0.91       |
|    explained_variance   | -0.00104    |
|    learning_rate        | 0.0003      |
|    loss                 | 0.176       |
|    n_updates            | 324         |
|    policy_gradient_loss | -0.00837    |
|    value_loss           | 0.454       |
-----------------------------------------
------------------------------------------
| rollout/                |              |
|    ep_len_mean          | 1            |
|    ep_rew_mean          | -0.131       |
| time/                   |              |
|    fps                  | 906          |
|    iterations           | 83           |
|    time_elapsed         | 11           |
|    total_timesteps      | 10624        |
| train/                  |              |
|    approx_kl            | 0.0045730174 |
|    clip_fraction        | 0            |
|    clip_range           | 0.2          |
|    entropy_loss         | -0.797       |
|    explained_variance   | -0.00175     |
|    learning_rate        | 0.0003       |
|    loss                 | 0.301        |
|    n_updates            | 328          |
|    policy_gradient_loss | -0.000952    |
|    value_loss           | 0.471        |
------------------------------------------
------------------------------------------
| rollout/                |              |
|    ep_len_mean          | 1            |
|    ep_rew_mean          | -0.402       |
| time/                   |              |
|    fps                  | 904          |
|    iterations           | 84           |
|    time_elapsed         | 11           |
|    total_timesteps      | 10752        |
| train/                  |              |
|    approx_kl            | 0.0005869786 |
|    clip_fraction        | 0            |
|    clip_range           | 0.2          |
|    entropy_loss         | -0.731       |
|    explained_variance   | 0            |
|    learning_rate        | 0.0003       |
|    loss                 | 0.274        |
|    n_updates            | 332          |
|    policy_gradient_loss | 0.000277     |
|    value_loss           | 0.502        |
------------------------------------------
-------------------------------------------
| rollout/                |               |
|    ep_len_mean          | 1.02          |
|    ep_rew_mean          | -0.208        |
| time/                   |               |
|    fps                  | 904           |
|    iterations           | 85            |
|    time_elapsed         | 12            |
|    total_timesteps      | 10880         |
| train/                  |               |
|    approx_kl            | 0.00020463718 |
|    clip_fraction        | 0             |
|    clip_range           | 0.2           |
|    entropy_loss         | -0.708        |
|    explained_variance   | 0.000516      |
|    learning_rate        | 0.0003        |
|    loss                 | 0.12          |
|    n_updates            | 336           |
|    policy_gradient_loss | -0.000569     |
|    value_loss           | 0.317         |
-------------------------------------------
------------------------------------------
| rollout/                |              |
|    ep_len_mean          | 1            |
|    ep_rew_mean          | -0.309       |
| time/                   |              |
|    fps                  | 903          |
|    iterations           | 86           |
|    time_elapsed         | 12           |
|    total_timesteps      | 11008        |
| train/                  |              |
|    approx_kl            | 0.0020921752 |
|    clip_fraction        | 0.00586      |
|    clip_range           | 0.2          |
|    entropy_loss         | -0.662       |
|    explained_variance   | 0.000429     |
|    learning_rate        | 0.0003       |
|    loss                 | 0.256        |
|    n_updates            | 340          |
|    policy_gradient_loss | -0.00511     |
|    value_loss           | 0.498        |
------------------------------------------
------------------------------------------
| rollout/                |              |
|    ep_len_mean          | 1.03         |
|    ep_rew_mean          | -0.27        |
| time/                   |              |
|    fps                  | 903          |
|    iterations           | 87           |
|    time_elapsed         | 12           |
|    total_timesteps      | 11136        |
| train/                  |              |
|    approx_kl            | 0.0010905503 |
|    clip_fraction        | 0.00195      |
|    clip_range           | 0.2          |
|    entropy_loss         | -0.578       |
|    explained_variance   | 0.000386     |
|    learning_rate        | 0.0003       |
|    loss                 | 0.229        |
|    n_updates            | 344          |
|    policy_gradient_loss | -0.00114     |
|    value_loss           | 0.413        |
------------------------------------------
-----------------------------------------
| rollout/                |             |
|    ep_len_mean          | 1.01        |
|    ep_rew_mean          | -0.252      |
| time/                   |             |
|    fps                  | 902         |
|    iterations           | 88          |
|    time_elapsed         | 12          |
|    total_timesteps      | 11264       |
| train/                  |             |
|    approx_kl            | 0.000857668 |
|    clip_fraction        | 0           |
|    clip_range           | 0.2         |
|    entropy_loss         | -0.539      |
|    explained_variance   | 0.000597    |
|    learning_rate        | 0.0003      |
|    loss                 | 0.237       |
|    n_updates            | 348         |
|    policy_gradient_loss | -0.00124    |
|    value_loss           | 0.387       |
-----------------------------------------
-----------------------------------------
| rollout/                |             |
|    ep_len_mean          | 1           |
|    ep_rew_mean          | -0.356      |
| time/                   |             |
|    fps                  | 901         |
|    iterations           | 89          |
|    time_elapsed         | 12          |
|    total_timesteps      | 11392       |
| train/                  |             |
|    approx_kl            | 0.001271463 |
|    clip_fraction        | 0.00195     |
|    clip_range           | 0.2         |
|    entropy_loss         | -0.491      |
|    explained_variance   | 0.00058     |
|    learning_rate        | 0.0003      |
|    loss                 | 0.166       |
|    n_updates            | 352         |
|    policy_gradient_loss | -0.00258    |
|    value_loss           | 0.46        |
-----------------------------------------
-----------------------------------------
| rollout/                |             |
|    ep_len_mean          | 1.02        |
|    ep_rew_mean          | -0.313      |
| time/                   |             |
|    fps                  | 902         |
|    iterations           | 90          |
|    time_elapsed         | 12          |
|    total_timesteps      | 11520       |
| train/                  |             |
|    approx_kl            | 0.000471842 |
|    clip_fraction        | 0           |
|    clip_range           | 0.2         |
|    entropy_loss         | -0.438      |
|    explained_variance   | 5.96e-08    |
|    learning_rate        | 0.0003      |
|    loss                 | 0.259       |
|    n_updates            | 356         |
|    policy_gradient_loss | -0.000742   |
|    value_loss           | 0.404       |
-----------------------------------------
------------------------------------------
| rollout/                |              |
|    ep_len_mean          | 1.01         |
|    ep_rew_mean          | -0.25        |
| time/                   |              |
|    fps                  | 901          |
|    iterations           | 91           |
|    time_elapsed         | 12           |
|    total_timesteps      | 11648        |
| train/                  |              |
|    approx_kl            | 0.0016739042 |
|    clip_fraction        | 0.00586      |
|    clip_range           | 0.2          |
|    entropy_loss         | -0.396       |
|    explained_variance   | 0.00121      |
|    learning_rate        | 0.0003       |
|    loss                 | 0.196        |
|    n_updates            | 360          |
|    policy_gradient_loss | -0.00353     |
|    value_loss           | 0.409        |
------------------------------------------
------------------------------------------
| rollout/                |              |
|    ep_len_mean          | 1            |
|    ep_rew_mean          | -0.294       |
| time/                   |              |
|    fps                  | 902          |
|    iterations           | 92           |
|    time_elapsed         | 13           |
|    total_timesteps      | 11776        |
| train/                  |              |
|    approx_kl            | 0.0033250838 |
|    clip_fraction        | 0.0254       |
|    clip_range           | 0.2          |
|    entropy_loss         | -0.327       |
|    explained_variance   | 0.00065      |
|    learning_rate        | 0.0003       |
|    loss                 | 0.226        |
|    n_updates            | 364          |
|    policy_gradient_loss | -0.00481     |
|    value_loss           | 0.438        |
------------------------------------------
-------------------------------------------
| rollout/                |               |
|    ep_len_mean          | 1             |
|    ep_rew_mean          | -0.31         |
| time/                   |               |
|    fps                  | 901           |
|    iterations           | 93            |
|    time_elapsed         | 13            |
|    total_timesteps      | 11904         |
| train/                  |               |
|    approx_kl            | 2.3168046e-05 |
|    clip_fraction        | 0             |
|    clip_range           | 0.2           |
|    entropy_loss         | -0.292        |
|    explained_variance   | 0             |
|    learning_rate        | 0.0003        |
|    loss                 | 0.261         |
|    n_updates            | 368           |
|    policy_gradient_loss | 9.76e-05      |
|    value_loss           | 0.448         |
-------------------------------------------
-------------------------------------------
| rollout/                |               |
|    ep_len_mean          | 1             |
|    ep_rew_mean          | -0.253        |
| time/                   |               |
|    fps                  | 901           |
|    iterations           | 94            |
|    time_elapsed         | 13            |
|    total_timesteps      | 12032         |
| train/                  |               |
|    approx_kl            | 2.3028348e-05 |
|    clip_fraction        | 0             |
|    clip_range           | 0.2           |
|    entropy_loss         | -0.299        |
|    explained_variance   | 0             |
|    learning_rate        | 0.0003        |
|    loss                 | 0.19          |
|    n_updates            | 372           |
|    policy_gradient_loss | 2.25e-05      |
|    value_loss           | 0.414         |
-------------------------------------------
-------------------------------------------
| rollout/                |               |
|    ep_len_mean          | 1             |
|    ep_rew_mean          | -0.221        |
| time/                   |               |
|    fps                  | 901           |
|    iterations           | 95            |
|    time_elapsed         | 13            |
|    total_timesteps      | 12160         |
| train/                  |               |
|    approx_kl            | 0.00038817432 |
|    clip_fraction        | 0             |
|    clip_range           | 0.2           |
|    entropy_loss         | -0.285        |
|    explained_variance   | 0             |
|    learning_rate        | 0.0003        |
|    loss                 | 0.241         |
|    n_updates            | 376           |
|    policy_gradient_loss | -0.000149     |
|    value_loss           | 0.45          |
-------------------------------------------
-------------------------------------------
| rollout/                |               |
|    ep_len_mean          | 1.01          |
|    ep_rew_mean          | -0.309        |
| time/                   |               |
|    fps                  | 901           |
|    iterations           | 96            |
|    time_elapsed         | 13            |
|    total_timesteps      | 12288         |
| train/                  |               |
|    approx_kl            | 0.00028462987 |
|    clip_fraction        | 0             |
|    clip_range           | 0.2           |
|    entropy_loss         | -0.259        |
|    explained_variance   | 1.19e-07      |
|    learning_rate        | 0.0003        |
|    loss                 | 0.294         |
|    n_updates            | 380           |
|    policy_gradient_loss | -0.000566     |
|    value_loss           | 0.447         |
-------------------------------------------
------------------------------------------
| rollout/                |              |
|    ep_len_mean          | 1            |
|    ep_rew_mean          | -0.312       |
| time/                   |              |
|    fps                  | 900          |
|    iterations           | 97           |
|    time_elapsed         | 13           |
|    total_timesteps      | 12416        |
| train/                  |              |
|    approx_kl            | 4.625274e-05 |
|    clip_fraction        | 0            |
|    clip_range           | 0.2          |
|    entropy_loss         | -0.244       |
|    explained_variance   | -0.00351     |
|    learning_rate        | 0.0003       |
|    loss                 | 0.157        |
|    n_updates            | 384          |
|    policy_gradient_loss | -0.00051     |
|    value_loss           | 0.42         |
------------------------------------------
-------------------------------------------
| rollout/                |               |
|    ep_len_mean          | 1.01          |
|    ep_rew_mean          | -0.327        |
| time/                   |               |
|    fps                  | 901           |
|    iterations           | 98            |
|    time_elapsed         | 13            |
|    total_timesteps      | 12544         |
| train/                  |               |
|    approx_kl            | 5.0666276e-05 |
|    clip_fraction        | 0             |
|    clip_range           | 0.2           |
|    entropy_loss         | -0.25         |
|    explained_variance   | 0             |
|    learning_rate        | 0.0003        |
|    loss                 | 0.19          |
|    n_updates            | 388           |
|    policy_gradient_loss | -0.000899     |
|    value_loss           | 0.394         |
-------------------------------------------
-------------------------------------------
| rollout/                |               |
|    ep_len_mean          | 1             |
|    ep_rew_mean          | -0.283        |
| time/                   |               |
|    fps                  | 900           |
|    iterations           | 99            |
|    time_elapsed         | 14            |
|    total_timesteps      | 12672         |
| train/                  |               |
|    approx_kl            | 0.00011817226 |
|    clip_fraction        | 0             |
|    clip_range           | 0.2           |
|    entropy_loss         | -0.256        |
|    explained_variance   | 0.000338      |
|    learning_rate        | 0.0003        |
|    loss                 | 0.193         |
|    n_updates            | 392           |
|    policy_gradient_loss | -0.00112      |
|    value_loss           | 0.395         |
-------------------------------------------
-------------------------------------------
| rollout/                |               |
|    ep_len_mean          | 1             |
|    ep_rew_mean          | -0.192        |
| time/                   |               |
|    fps                  | 900           |
|    iterations           | 100           |
|    time_elapsed         | 14            |
|    total_timesteps      | 12800         |
| train/                  |               |
|    approx_kl            | 0.00030717673 |
|    clip_fraction        | 0             |
|    clip_range           | 0.2           |
|    entropy_loss         | -0.264        |
|    explained_variance   | 1.79e-07      |
|    learning_rate        | 0.0003        |
|    loss                 | 0.145         |
|    n_updates            | 396           |
|    policy_gradient_loss | -0.00209      |
|    value_loss           | 0.394         |
-------------------------------------------
-------------------------------------------
| rollout/                |               |
|    ep_len_mean          | 1.01          |
|    ep_rew_mean          | -0.299        |
| time/                   |               |
|    fps                  | 899           |
|    iterations           | 101           |
|    time_elapsed         | 14            |
|    total_timesteps      | 12928         |
| train/                  |               |
|    approx_kl            | 0.00042561674 |
|    clip_fraction        | 0             |
|    clip_range           | 0.2           |
|    entropy_loss         | -0.306        |
|    explained_variance   | -1.19e-07     |
|    learning_rate        | 0.0003        |
|    loss                 | 0.298         |
|    n_updates            | 400           |
|    policy_gradient_loss | 0.000424      |
|    value_loss           | 0.462         |
-------------------------------------------
-----------------------------------------
| rollout/                |             |
|    ep_len_mean          | 1.01        |
|    ep_rew_mean          | -0.388      |
| time/                   |             |
|    fps                  | 899         |
|    iterations           | 102         |
|    time_elapsed         | 14          |
|    total_timesteps      | 13056       |
| train/                  |             |
|    approx_kl            | 0.000981281 |
|    clip_fraction        | 0.00195     |
|    clip_range           | 0.2         |
|    entropy_loss         | -0.292      |
|    explained_variance   | 0.000456    |
|    learning_rate        | 0.0003      |
|    loss                 | 0.186       |
|    n_updates            | 404         |
|    policy_gradient_loss | -0.00229    |
|    value_loss           | 0.399       |
-----------------------------------------
------------------------------------------
| rollout/                |              |
|    ep_len_mean          | 1            |
|    ep_rew_mean          | -0.267       |
| time/                   |              |
|    fps                  | 898          |
|    iterations           | 103          |
|    time_elapsed         | 14           |
|    total_timesteps      | 13184        |
| train/                  |              |
|    approx_kl            | 0.0021329108 |
|    clip_fraction        | 0.0156       |
|    clip_range           | 0.2          |
|    entropy_loss         | -0.239       |
|    explained_variance   | 0.000525     |
|    learning_rate        | 0.0003       |
|    loss                 | 0.196        |
|    n_updates            | 408          |
|    policy_gradient_loss | -0.00342     |
|    value_loss           | 0.309        |
------------------------------------------
------------------------------------------
| rollout/                |              |
|    ep_len_mean          | 1            |
|    ep_rew_mean          | -0.297       |
| time/                   |              |
|    fps                  | 897          |
|    iterations           | 104          |
|    time_elapsed         | 14           |
|    total_timesteps      | 13312        |
| train/                  |              |
|    approx_kl            | 9.242166e-05 |
|    clip_fraction        | 0            |
|    clip_range           | 0.2          |
|    entropy_loss         | -0.201       |
|    explained_variance   | 0            |
|    learning_rate        | 0.0003       |
|    loss                 | 0.243        |
|    n_updates            | 412          |
|    policy_gradient_loss | -0.000306    |
|    value_loss           | 0.41         |
------------------------------------------
-------------------------------------------
| rollout/                |               |
|    ep_len_mean          | 1             |
|    ep_rew_mean          | -0.267        |
| time/                   |               |
|    fps                  | 898           |
|    iterations           | 105           |
|    time_elapsed         | 14            |
|    total_timesteps      | 13440         |
| train/                  |               |
|    approx_kl            | 1.7574057e-05 |
|    clip_fraction        | 0             |
|    clip_range           | 0.2           |
|    entropy_loss         | -0.192        |
|    explained_variance   | 5.96e-08      |
|    learning_rate        | 0.0003        |
|    loss                 | 0.233         |
|    n_updates            | 416           |
|    policy_gradient_loss | -0.000146     |
|    value_loss           | 0.405         |
-------------------------------------------
-------------------------------------------
| rollout/                |               |
|    ep_len_mean          | 1             |
|    ep_rew_mean          | -0.356        |
| time/                   |               |
|    fps                  | 897           |
|    iterations           | 106           |
|    time_elapsed         | 15            |
|    total_timesteps      | 13568         |
| train/                  |               |
|    approx_kl            | 3.2837503e-05 |
|    clip_fraction        | 0             |
|    clip_range           | 0.2           |
|    entropy_loss         | -0.187        |
|    explained_variance   | -0.00124      |
|    learning_rate        | 0.0003        |
|    loss                 | 0.217         |
|    n_updates            | 420           |
|    policy_gradient_loss | -0.000426     |
|    value_loss           | 0.449         |
-------------------------------------------
-------------------------------------------
| rollout/                |               |
|    ep_len_mean          | 1             |
|    ep_rew_mean          | -0.342        |
| time/                   |               |
|    fps                  | 897           |
|    iterations           | 107           |
|    time_elapsed         | 15            |
|    total_timesteps      | 13696         |
| train/                  |               |
|    approx_kl            | 0.00033201603 |
|    clip_fraction        | 0             |
|    clip_range           | 0.2           |
|    entropy_loss         | -0.183        |
|    explained_variance   | 0             |
|    learning_rate        | 0.0003        |
|    loss                 | 0.101         |
|    n_updates            | 424           |
|    policy_gradient_loss | -0.00119      |
|    value_loss           | 0.362         |
-------------------------------------------
------------------------------------------
| rollout/                |              |
|    ep_len_mean          | 1            |
|    ep_rew_mean          | -0.205       |
| time/                   |              |
|    fps                  | 896          |
|    iterations           | 108          |
|    time_elapsed         | 15           |
|    total_timesteps      | 13824        |
| train/                  |              |
|    approx_kl            | 3.746804e-05 |
|    clip_fraction        | 0            |
|    clip_range           | 0.2          |
|    entropy_loss         | -0.161       |
|    explained_variance   | 0            |
|    learning_rate        | 0.0003       |
|    loss                 | 0.262        |
|    n_updates            | 428          |
|    policy_gradient_loss | 1.62e-05     |
|    value_loss           | 0.358        |
------------------------------------------
------------------------------------------
| rollout/                |              |
|    ep_len_mean          | 1.01         |
|    ep_rew_mean          | -0.254       |
| time/                   |              |
|    fps                  | 896          |
|    iterations           | 109          |
|    time_elapsed         | 15           |
|    total_timesteps      | 13952        |
| train/                  |              |
|    approx_kl            | 4.385505e-05 |
|    clip_fraction        | 0            |
|    clip_range           | 0.2          |
|    entropy_loss         | -0.164       |
|    explained_variance   | 0            |
|    learning_rate        | 0.0003       |
|    loss                 | 0.243        |
|    n_updates            | 432          |
|    policy_gradient_loss | -0.000151    |
|    value_loss           | 0.461        |
------------------------------------------
------------------------------------------
| rollout/                |              |
|    ep_len_mean          | 1            |
|    ep_rew_mean          | -0.356       |
| time/                   |              |
|    fps                  | 896          |
|    iterations           | 110          |
|    time_elapsed         | 15           |
|    total_timesteps      | 14080        |
| train/                  |              |
|    approx_kl            | 0.0006224355 |
|    clip_fraction        | 0.00391      |
|    clip_range           | 0.2          |
|    entropy_loss         | -0.181       |
|    explained_variance   | 8.08e-05     |
|    learning_rate        | 0.0003       |
|    loss                 | 0.254        |
|    n_updates            | 436          |
|    policy_gradient_loss | -0.00197     |
|    value_loss           | 0.471        |
------------------------------------------
------------------------------------------
| rollout/                |              |
|    ep_len_mean          | 1            |
|    ep_rew_mean          | -0.235       |
| time/                   |              |
|    fps                  | 896          |
|    iterations           | 111          |
|    time_elapsed         | 15           |
|    total_timesteps      | 14208        |
| train/                  |              |
|    approx_kl            | 9.657256e-05 |
|    clip_fraction        | 0            |
|    clip_range           | 0.2          |
|    entropy_loss         | -0.191       |
|    explained_variance   | -1.19e-07    |
|    learning_rate        | 0.0003       |
|    loss                 | 0.17         |
|    n_updates            | 440          |
|    policy_gradient_loss | -0.000377    |
|    value_loss           | 0.37         |
------------------------------------------
-------------------------------------------
| rollout/                |               |
|    ep_len_mean          | 1             |
|    ep_rew_mean          | -0.193        |
| time/                   |               |
|    fps                  | 896           |
|    iterations           | 112           |
|    time_elapsed         | 15            |
|    total_timesteps      | 14336         |
| train/                  |               |
|    approx_kl            | 5.3368974e-05 |
|    clip_fraction        | 0             |
|    clip_range           | 0.2           |
|    entropy_loss         | -0.173        |
|    explained_variance   | 5.96e-08      |
|    learning_rate        | 0.0003        |
|    loss                 | 0.232         |
|    n_updates            | 444           |
|    policy_gradient_loss | 2.06e-05      |
|    value_loss           | 0.484         |
-------------------------------------------
-------------------------------------------
| rollout/                |               |
|    ep_len_mean          | 1             |
|    ep_rew_mean          | -0.297        |
| time/                   |               |
|    fps                  | 895           |
|    iterations           | 113           |
|    time_elapsed         | 16            |
|    total_timesteps      | 14464         |
| train/                  |               |
|    approx_kl            | 0.00062276283 |
|    clip_fraction        | 0             |
|    clip_range           | 0.2           |
|    entropy_loss         | -0.158        |
|    explained_variance   | 0             |
|    learning_rate        | 0.0003        |
|    loss                 | 0.297         |
|    n_updates            | 448           |
|    policy_gradient_loss | -0.00214      |
|    value_loss           | 0.495         |
-------------------------------------------
------------------------------------------
| rollout/                |              |
|    ep_len_mean          | 1            |
|    ep_rew_mean          | -0.357       |
| time/                   |              |
|    fps                  | 896          |
|    iterations           | 114          |
|    time_elapsed         | 16           |
|    total_timesteps      | 14592        |
| train/                  |              |
|    approx_kl            | 6.714836e-05 |
|    clip_fraction        | 0            |
|    clip_range           | 0.2          |
|    entropy_loss         | -0.135       |
|    explained_variance   | 0            |
|    learning_rate        | 0.0003       |
|    loss                 | 0.197        |
|    n_updates            | 452          |
|    policy_gradient_loss | 0.000183     |
|    value_loss           | 0.426        |
------------------------------------------
-------------------------------------------
| rollout/                |               |
|    ep_len_mean          | 1             |
|    ep_rew_mean          | -0.206        |
| time/                   |               |
|    fps                  | 895           |
|    iterations           | 115           |
|    time_elapsed         | 16            |
|    total_timesteps      | 14720         |
| train/                  |               |
|    approx_kl            | 3.7625432e-06 |
|    clip_fraction        | 0             |
|    clip_range           | 0.2           |
|    entropy_loss         | -0.133        |
|    explained_variance   | 0             |
|    learning_rate        | 0.0003        |
|    loss                 | 0.173         |
|    n_updates            | 456           |
|    policy_gradient_loss | 2.68e-06      |
|    value_loss           | 0.325         |
-------------------------------------------
-------------------------------------------
| rollout/                |               |
|    ep_len_mean          | 1.01          |
|    ep_rew_mean          | -0.208        |
| time/                   |               |
|    fps                  | 894           |
|    iterations           | 116           |
|    time_elapsed         | 16            |
|    total_timesteps      | 14848         |
| train/                  |               |
|    approx_kl            | 7.3896255e-05 |
|    clip_fraction        | 0             |
|    clip_range           | 0.2           |
|    entropy_loss         | -0.133        |
|    explained_variance   | 0             |
|    learning_rate        | 0.0003        |
|    loss                 | 0.236         |
|    n_updates            | 460           |
|    policy_gradient_loss | -0.000764     |
|    value_loss           | 0.509         |
-------------------------------------------
-------------------------------------------
| rollout/                |               |
|    ep_len_mean          | 1             |
|    ep_rew_mean          | -0.222        |
| time/                   |               |
|    fps                  | 895           |
|    iterations           | 117           |
|    time_elapsed         | 16            |
|    total_timesteps      | 14976         |
| train/                  |               |
|    approx_kl            | 1.6287435e-05 |
|    clip_fraction        | 0             |
|    clip_range           | 0.2           |
|    entropy_loss         | -0.145        |
|    explained_variance   | 0.000149      |
|    learning_rate        | 0.0003        |
|    loss                 | 0.248         |
|    n_updates            | 464           |
|    policy_gradient_loss | 0.000344      |
|    value_loss           | 0.438         |
-------------------------------------------
-------------------------------------------
| rollout/                |               |
|    ep_len_mean          | 1             |
|    ep_rew_mean          | -0.162        |
| time/                   |               |
|    fps                  | 894           |
|    iterations           | 118           |
|    time_elapsed         | 16            |
|    total_timesteps      | 15104         |
| train/                  |               |
|    approx_kl            | 0.00069339573 |
|    clip_fraction        | 0             |
|    clip_range           | 0.2           |
|    entropy_loss         | -0.134        |
|    explained_variance   | 0             |
|    learning_rate        | 0.0003        |
|    loss                 | 0.244         |
|    n_updates            | 468           |
|    policy_gradient_loss | -0.00224      |
|    value_loss           | 0.455         |
-------------------------------------------
-------------------------------------------
| rollout/                |               |
|    ep_len_mean          | 1             |
|    ep_rew_mean          | -0.43         |
| time/                   |               |
|    fps                  | 894           |
|    iterations           | 119           |
|    time_elapsed         | 17            |
|    total_timesteps      | 15232         |
| train/                  |               |
|    approx_kl            | 0.00015860517 |
|    clip_fraction        | 0             |
|    clip_range           | 0.2           |
|    entropy_loss         | -0.112        |
|    explained_variance   | 0             |
|    learning_rate        | 0.0003        |
|    loss                 | 0.217         |
|    n_updates            | 472           |
|    policy_gradient_loss | 0.000103      |
|    value_loss           | 0.479         |
-------------------------------------------
------------------------------------------
| rollout/                |              |
|    ep_len_mean          | 1            |
|    ep_rew_mean          | -0.221       |
| time/                   |              |
|    fps                  | 892          |
|    iterations           | 120          |
|    time_elapsed         | 17           |
|    total_timesteps      | 15360        |
| train/                  |              |
|    approx_kl            | 3.618328e-05 |
|    clip_fraction        | 0            |
|    clip_range           | 0.2          |
|    entropy_loss         | -0.106       |
|    explained_variance   | -1.19e-07    |
|    learning_rate        | 0.0003       |
|    loss                 | 0.197        |
|    n_updates            | 476          |
|    policy_gradient_loss | -0.000215    |
|    value_loss           | 0.347        |
------------------------------------------
-------------------------------------------
| rollout/                |               |
|    ep_len_mean          | 1             |
|    ep_rew_mean          | -0.297        |
| time/                   |               |
|    fps                  | 891           |
|    iterations           | 121           |
|    time_elapsed         | 17            |
|    total_timesteps      | 15488         |
| train/                  |               |
|    approx_kl            | 1.1920929e-07 |
|    clip_fraction        | 0             |
|    clip_range           | 0.2           |
|    entropy_loss         | -0.1          |
|    explained_variance   | 0             |
|    learning_rate        | 0.0003        |
|    loss                 | 0.216         |
|    n_updates            | 480           |
|    policy_gradient_loss | -1.8e-08      |
|    value_loss           | 0.49          |
-------------------------------------------
-------------------------------------------
| rollout/                |               |
|    ep_len_mean          | 1             |
|    ep_rew_mean          | -0.297        |
| time/                   |               |
|    fps                  | 891           |
|    iterations           | 122           |
|    time_elapsed         | 17            |
|    total_timesteps      | 15616         |
| train/                  |               |
|    approx_kl            | 4.2567495e-05 |
|    clip_fraction        | 0             |
|    clip_range           | 0.2           |
|    entropy_loss         | -0.101        |
|    explained_variance   | 0             |
|    learning_rate        | 0.0003        |
|    loss                 | 0.248         |
|    n_updates            | 484           |
|    policy_gradient_loss | -0.000771     |
|    value_loss           | 0.411         |
-------------------------------------------
------------------------------------------
| rollout/                |              |
|    ep_len_mean          | 1            |
|    ep_rew_mean          | -0.311       |
| time/                   |              |
|    fps                  | 890          |
|    iterations           | 123          |
|    time_elapsed         | 17           |
|    total_timesteps      | 15744        |
| train/                  |              |
|    approx_kl            | 0.0001533255 |
|    clip_fraction        | 0            |
|    clip_range           | 0.2          |
|    entropy_loss         | -0.104       |
|    explained_variance   | 0            |
|    learning_rate        | 0.0003       |
|    loss                 | 0.246        |
|    n_updates            | 488          |
|    policy_gradient_loss | -0.000703    |
|    value_loss           | 0.423        |
------------------------------------------
-------------------------------------------
| rollout/                |               |
|    ep_len_mean          | 1             |
|    ep_rew_mean          | -0.312        |
| time/                   |               |
|    fps                  | 890           |
|    iterations           | 124           |
|    time_elapsed         | 17            |
|    total_timesteps      | 15872         |
| train/                  |               |
|    approx_kl            | 1.1706725e-06 |
|    clip_fraction        | 0             |
|    clip_range           | 0.2           |
|    entropy_loss         | -0.094        |
|    explained_variance   | 0             |
|    learning_rate        | 0.0003        |
|    loss                 | 0.227         |
|    n_updates            | 492           |
|    policy_gradient_loss | 0.000508      |
|    value_loss           | 0.421         |
-------------------------------------------
------------------------------------------
| rollout/                |              |
|    ep_len_mean          | 1            |
|    ep_rew_mean          | -0.328       |
| time/                   |              |
|    fps                  | 890          |
|    iterations           | 125          |
|    time_elapsed         | 17           |
|    total_timesteps      | 16000        |
| train/                  |              |
|    approx_kl            | 2.111774e-06 |
|    clip_fraction        | 0            |
|    clip_range           | 0.2          |
|    entropy_loss         | -0.0975      |
|    explained_variance   | 1.19e-07     |
|    learning_rate        | 0.0003       |
|    loss                 | 0.213        |
|    n_updates            | 496          |
|    policy_gradient_loss | 0.000121     |
|    value_loss           | 0.432        |
------------------------------------------
------------------------------------------
| rollout/                |              |
|    ep_len_mean          | 1            |
|    ep_rew_mean          | -0.236       |
| time/                   |              |
|    fps                  | 891          |
|    iterations           | 126          |
|    time_elapsed         | 18           |
|    total_timesteps      | 16128        |
| train/                  |              |
|    approx_kl            | 2.315035e-05 |
|    clip_fraction        | 0            |
|    clip_range           | 0.2          |
|    entropy_loss         | -0.0945      |
|    explained_variance   | 0            |
|    learning_rate        | 0.0003       |
|    loss                 | 0.193        |
|    n_updates            | 500          |
|    policy_gradient_loss | -0.000165    |
|    value_loss           | 0.376        |
------------------------------------------
------------------------------------------
| rollout/                |              |
|    ep_len_mean          | 1            |
|    ep_rew_mean          | -0.223       |
| time/                   |              |
|    fps                  | 890          |
|    iterations           | 127          |
|    time_elapsed         | 18           |
|    total_timesteps      | 16256        |
| train/                  |              |
|    approx_kl            | 3.215298e-05 |
|    clip_fraction        | 0            |
|    clip_range           | 0.2          |
|    entropy_loss         | -0.0885      |
|    explained_variance   | 0            |
|    learning_rate        | 0.0003       |
|    loss                 | 0.241        |
|    n_updates            | 504          |
|    policy_gradient_loss | -0.000226    |
|    value_loss           | 0.467        |
------------------------------------------
-------------------------------------------
| rollout/                |               |
|    ep_len_mean          | 1             |
|    ep_rew_mean          | -0.282        |
| time/                   |               |
|    fps                  | 890           |
|    iterations           | 128           |
|    time_elapsed         | 18            |
|    total_timesteps      | 16384         |
| train/                  |               |
|    approx_kl            | 3.1571835e-06 |
|    clip_fraction        | 0             |
|    clip_range           | 0.2           |
|    entropy_loss         | -0.0843       |
|    explained_variance   | 1.19e-07      |
|    learning_rate        | 0.0003        |
|    loss                 | 0.212         |
|    n_updates            | 508           |
|    policy_gradient_loss | -2.76e-05     |
|    value_loss           | 0.465         |
-------------------------------------------
------------------------------------------
| rollout/                |              |
|    ep_len_mean          | 1            |
|    ep_rew_mean          | -0.341       |
| time/                   |              |
|    fps                  | 890          |
|    iterations           | 129          |
|    time_elapsed         | 18           |
|    total_timesteps      | 16512        |
| train/                  |              |
|    approx_kl            | 0.0009634029 |
|    clip_fraction        | 0.00586      |
|    clip_range           | 0.2          |
|    entropy_loss         | -0.0924      |
|    explained_variance   | 0            |
|    learning_rate        | 0.0003       |
|    loss                 | 0.123        |
|    n_updates            | 512          |
|    policy_gradient_loss | -0.00474     |
|    value_loss           | 0.414        |
------------------------------------------
-------------------------------------------
| rollout/                |               |
|    ep_len_mean          | 1             |
|    ep_rew_mean          | -0.37         |
| time/                   |               |
|    fps                  | 890           |
|    iterations           | 130           |
|    time_elapsed         | 18            |
|    total_timesteps      | 16640         |
| train/                  |               |
|    approx_kl            | 2.0320993e-05 |
|    clip_fraction        | 0             |
|    clip_range           | 0.2           |
|    entropy_loss         | -0.11         |
|    explained_variance   | 0             |
|    learning_rate        | 0.0003        |
|    loss                 | 0.212         |
|    n_updates            | 516           |
|    policy_gradient_loss | 0.000241      |
|    value_loss           | 0.385         |
-------------------------------------------
------------------------------------------
| rollout/                |              |
|    ep_len_mean          | 1            |
|    ep_rew_mean          | -0.341       |
| time/                   |              |
|    fps                  | 890          |
|    iterations           | 131          |
|    time_elapsed         | 18           |
|    total_timesteps      | 16768        |
| train/                  |              |
|    approx_kl            | 6.142119e-05 |
|    clip_fraction        | 0            |
|    clip_range           | 0.2          |
|    entropy_loss         | -0.108       |
|    explained_variance   | 5.96e-08     |
|    learning_rate        | 0.0003       |
|    loss                 | 0.151        |
|    n_updates            | 520          |
|    policy_gradient_loss | -0.000325    |
|    value_loss           | 0.362        |
------------------------------------------
-------------------------------------------
| rollout/                |               |
|    ep_len_mean          | 1             |
|    ep_rew_mean          | -0.267        |
| time/                   |               |
|    fps                  | 890           |
|    iterations           | 132           |
|    time_elapsed         | 18            |
|    total_timesteps      | 16896         |
| train/                  |               |
|    approx_kl            | 3.3698045e-05 |
|    clip_fraction        | 0             |
|    clip_range           | 0.2           |
|    entropy_loss         | -0.0994       |
|    explained_variance   | 0             |
|    learning_rate        | 0.0003        |
|    loss                 | 0.257         |
|    n_updates            | 524           |
|    policy_gradient_loss | -0.000216     |
|    value_loss           | 0.439         |
-------------------------------------------
------------------------------------------
| rollout/                |              |
|    ep_len_mean          | 1.01         |
|    ep_rew_mean          | -0.177       |
| time/                   |              |
|    fps                  | 890          |
|    iterations           | 133          |
|    time_elapsed         | 19           |
|    total_timesteps      | 17024        |
| train/                  |              |
|    approx_kl            | 2.216734e-05 |
|    clip_fraction        | 0            |
|    clip_range           | 0.2          |
|    entropy_loss         | -0.0926      |
|    explained_variance   | 0            |
|    learning_rate        | 0.0003       |
|    loss                 | 0.176        |
|    n_updates            | 528          |
|    policy_gradient_loss | -0.000178    |
|    value_loss           | 0.423        |
------------------------------------------
-------------------------------------------
| rollout/                |               |
|    ep_len_mean          | 1             |
|    ep_rew_mean          | -0.22         |
| time/                   |               |
|    fps                  | 889           |
|    iterations           | 134           |
|    time_elapsed         | 19            |
|    total_timesteps      | 17152         |
| train/                  |               |
|    approx_kl            | 5.0913077e-05 |
|    clip_fraction        | 0             |
|    clip_range           | 0.2           |
|    entropy_loss         | -0.0886       |
|    explained_variance   | -0.00014      |
|    learning_rate        | 0.0003        |
|    loss                 | 0.329         |
|    n_updates            | 532           |
|    policy_gradient_loss | -0.000476     |
|    value_loss           | 0.512         |
-------------------------------------------
-------------------------------------------
| rollout/                |               |
|    ep_len_mean          | 1             |
|    ep_rew_mean          | -0.328        |
| time/                   |               |
|    fps                  | 889           |
|    iterations           | 135           |
|    time_elapsed         | 19            |
|    total_timesteps      | 17280         |
| train/                  |               |
|    approx_kl            | 3.4474768e-05 |
|    clip_fraction        | 0             |
|    clip_range           | 0.2           |
|    entropy_loss         | -0.0874       |
|    explained_variance   | 0             |
|    learning_rate        | 0.0003        |
|    loss                 | 0.231         |
|    n_updates            | 536           |
|    policy_gradient_loss | -0.000216     |
|    value_loss           | 0.437         |
-------------------------------------------
-------------------------------------------
| rollout/                |               |
|    ep_len_mean          | 1             |
|    ep_rew_mean          | -0.311        |
| time/                   |               |
|    fps                  | 889           |
|    iterations           | 136           |
|    time_elapsed         | 19            |
|    total_timesteps      | 17408         |
| train/                  |               |
|    approx_kl            | 0.00022063777 |
|    clip_fraction        | 0             |
|    clip_range           | 0.2           |
|    entropy_loss         | -0.0819       |
|    explained_variance   | 0.000745      |
|    learning_rate        | 0.0003        |
|    loss                 | 0.226         |
|    n_updates            | 540           |
|    policy_gradient_loss | -0.000882     |
|    value_loss           | 0.403         |
-------------------------------------------
-------------------------------------------
| rollout/                |               |
|    ep_len_mean          | 1             |
|    ep_rew_mean          | -0.252        |
| time/                   |               |
|    fps                  | 889           |
|    iterations           | 137           |
|    time_elapsed         | 19            |
|    total_timesteps      | 17536         |
| train/                  |               |
|    approx_kl            | 8.3761755e-05 |
|    clip_fraction        | 0             |
|    clip_range           | 0.2           |
|    entropy_loss         | -0.0712       |
|    explained_variance   | 0             |
|    learning_rate        | 0.0003        |
|    loss                 | 0.258         |
|    n_updates            | 544           |
|    policy_gradient_loss | -0.00035      |
|    value_loss           | 0.424         |
-------------------------------------------
--------------------------------------------
| rollout/                |                |
|    ep_len_mean          | 1              |
|    ep_rew_mean          | -0.342         |
| time/                   |                |
|    fps                  | 890            |
|    iterations           | 138            |
|    time_elapsed         | 19             |
|    total_timesteps      | 17664          |
| train/                  |                |
|    approx_kl            | 1.28867105e-05 |
|    clip_fraction        | 0              |
|    clip_range           | 0.2            |
|    entropy_loss         | -0.0668        |
|    explained_variance   | 0              |
|    learning_rate        | 0.0003         |
|    loss                 | 0.179          |
|    n_updates            | 548            |
|    policy_gradient_loss | -0.000272      |
|    value_loss           | 0.43           |
--------------------------------------------
-------------------------------------------
| rollout/                |               |
|    ep_len_mean          | 1             |
|    ep_rew_mean          | -0.222        |
| time/                   |               |
|    fps                  | 889           |
|    iterations           | 139           |
|    time_elapsed         | 20            |
|    total_timesteps      | 17792         |
| train/                  |               |
|    approx_kl            | 5.9604645e-08 |
|    clip_fraction        | 0             |
|    clip_range           | 0.2           |
|    entropy_loss         | -0.0691       |
|    explained_variance   | 0             |
|    learning_rate        | 0.0003        |
|    loss                 | 0.149         |
|    n_updates            | 552           |
|    policy_gradient_loss | -5.82e-10     |
|    value_loss           | 0.357         |
-------------------------------------------
-------------------------------------------
| rollout/                |               |
|    ep_len_mean          | 1.01          |
|    ep_rew_mean          | -0.209        |
| time/                   |               |
|    fps                  | 889           |
|    iterations           | 140           |
|    time_elapsed         | 20            |
|    total_timesteps      | 17920         |
| train/                  |               |
|    approx_kl            | 4.5002904e-05 |
|    clip_fraction        | 0             |
|    clip_range           | 0.2           |
|    entropy_loss         | -0.0684       |
|    explained_variance   | 1.19e-07      |
|    learning_rate        | 0.0003        |
|    loss                 | 0.21          |
|    n_updates            | 556           |
|    policy_gradient_loss | -0.000277     |
|    value_loss           | 0.458         |
-------------------------------------------
------------------------------------------
| rollout/                |              |
|    ep_len_mean          | 1            |
|    ep_rew_mean          | -0.238       |
| time/                   |              |
|    fps                  | 889          |
|    iterations           | 141          |
|    time_elapsed         | 20           |
|    total_timesteps      | 18048        |
| train/                  |              |
|    approx_kl            | 7.956009e-05 |
|    clip_fraction        | 0            |
|    clip_range           | 0.2          |
|    entropy_loss         | -0.063       |
|    explained_variance   | 0.000387     |
|    learning_rate        | 0.0003       |
|    loss                 | 0.188        |
|    n_updates            | 560          |
|    policy_gradient_loss | -0.000293    |
|    value_loss           | 0.472        |
------------------------------------------
-----------------------------------------
| rollout/                |             |
|    ep_len_mean          | 1           |
|    ep_rew_mean          | -0.208      |
| time/                   |             |
|    fps                  | 889         |
|    iterations           | 142         |
|    time_elapsed         | 20          |
|    total_timesteps      | 18176       |
| train/                  |             |
|    approx_kl            | 7.10506e-06 |
|    clip_fraction        | 0           |
|    clip_range           | 0.2         |
|    entropy_loss         | -0.0601     |
|    explained_variance   | -1.19e-07   |
|    learning_rate        | 0.0003      |
|    loss                 | 0.274       |
|    n_updates            | 564         |
|    policy_gradient_loss | -8.63e-05   |
|    value_loss           | 0.463       |
-----------------------------------------
-------------------------------------------
| rollout/                |               |
|    ep_len_mean          | 1             |
|    ep_rew_mean          | -0.251        |
| time/                   |               |
|    fps                  | 889           |
|    iterations           | 143           |
|    time_elapsed         | 20            |
|    total_timesteps      | 18304         |
| train/                  |               |
|    approx_kl            | 5.3239055e-06 |
|    clip_fraction        | 0             |
|    clip_range           | 0.2           |
|    entropy_loss         | -0.061        |
|    explained_variance   | 0             |
|    learning_rate        | 0.0003        |
|    loss                 | 0.228         |
|    n_updates            | 568           |
|    policy_gradient_loss | -5.97e-05     |
|    value_loss           | 0.447         |
-------------------------------------------
-------------------------------------------
| rollout/                |               |
|    ep_len_mean          | 1             |
|    ep_rew_mean          | -0.238        |
| time/                   |               |
|    fps                  | 888           |
|    iterations           | 144           |
|    time_elapsed         | 20            |
|    total_timesteps      | 18432         |
| train/                  |               |
|    approx_kl            | 0.00012123259 |
|    clip_fraction        | 0             |
|    clip_range           | 0.2           |
|    entropy_loss         | -0.057        |
|    explained_variance   | 0             |
|    learning_rate        | 0.0003        |
|    loss                 | 0.209         |
|    n_updates            | 572           |
|    policy_gradient_loss | -0.000519     |
|    value_loss           | 0.448         |
-------------------------------------------
------------------------------------------
| rollout/                |              |
|    ep_len_mean          | 1            |
|    ep_rew_mean          | -0.372       |
| time/                   |              |
|    fps                  | 888          |
|    iterations           | 145          |
|    time_elapsed         | 20           |
|    total_timesteps      | 18560        |
| train/                  |              |
|    approx_kl            | 6.969459e-05 |
|    clip_fraction        | 0            |
|    clip_range           | 0.2          |
|    entropy_loss         | -0.0506      |
|    explained_variance   | 1.19e-07     |
|    learning_rate        | 0.0003       |
|    loss                 | 0.21         |
|    n_updates            | 576          |
|    policy_gradient_loss | -0.00033     |
|    value_loss           | 0.424        |
------------------------------------------
-------------------------------------------
| rollout/                |               |
|    ep_len_mean          | 1             |
|    ep_rew_mean          | -0.387        |
| time/                   |               |
|    fps                  | 887           |
|    iterations           | 146           |
|    time_elapsed         | 21            |
|    total_timesteps      | 18688         |
| train/                  |               |
|    approx_kl            | 2.6906375e-05 |
|    clip_fraction        | 0             |
|    clip_range           | 0.2           |
|    entropy_loss         | -0.0487       |
|    explained_variance   | 0             |
|    learning_rate        | 0.0003        |
|    loss                 | 0.11          |
|    n_updates            | 580           |
|    policy_gradient_loss | -0.000515     |
|    value_loss           | 0.375         |
-------------------------------------------
-------------------------------------------
| rollout/                |               |
|    ep_len_mean          | 1             |
|    ep_rew_mean          | -0.342        |
| time/                   |               |
|    fps                  | 887           |
|    iterations           | 147           |
|    time_elapsed         | 21            |
|    total_timesteps      | 18816         |
| train/                  |               |
|    approx_kl            | 7.4505806e-08 |
|    clip_fraction        | 0             |
|    clip_range           | 0.2           |
|    entropy_loss         | -0.0526       |
|    explained_variance   | 0             |
|    learning_rate        | 0.0003        |
|    loss                 | 0.149         |
|    n_updates            | 584           |
|    policy_gradient_loss | -1.09e-08     |
|    value_loss           | 0.353         |
-------------------------------------------
-------------------------------------------
| rollout/                |               |
|    ep_len_mean          | 1             |
|    ep_rew_mean          | -0.328        |
| time/                   |               |
|    fps                  | 888           |
|    iterations           | 148           |
|    time_elapsed         | 21            |
|    total_timesteps      | 18944         |
| train/                  |               |
|    approx_kl            | 5.2512623e-06 |
|    clip_fraction        | 0             |
|    clip_range           | 0.2           |
|    entropy_loss         | -0.0534       |
|    explained_variance   | -1.19e-07     |
|    learning_rate        | 0.0003        |
|    loss                 | 0.259         |
|    n_updates            | 588           |
|    policy_gradient_loss | -5.58e-05     |
|    value_loss           | 0.367         |
-------------------------------------------
------------------------------------------
| rollout/                |              |
|    ep_len_mean          | 1            |
|    ep_rew_mean          | -0.234       |
| time/                   |              |
|    fps                  | 887          |
|    iterations           | 149          |
|    time_elapsed         | 21           |
|    total_timesteps      | 19072        |
| train/                  |              |
|    approx_kl            | 2.019573e-05 |
|    clip_fraction        | 0            |
|    clip_range           | 0.2          |
|    entropy_loss         | -0.0511      |
|    explained_variance   | 2.38e-07     |
|    learning_rate        | 0.0003       |
|    loss                 | 0.176        |
|    n_updates            | 592          |
|    policy_gradient_loss | -0.000133    |
|    value_loss           | 0.406        |
------------------------------------------
-------------------------------------------
| rollout/                |               |
|    ep_len_mean          | 1             |
|    ep_rew_mean          | -0.326        |
| time/                   |               |
|    fps                  | 886           |
|    iterations           | 150           |
|    time_elapsed         | 21            |
|    total_timesteps      | 19200         |
| train/                  |               |
|    approx_kl            | 3.2177195e-05 |
|    clip_fraction        | 0             |
|    clip_range           | 0.2           |
|    entropy_loss         | -0.0478       |
|    explained_variance   | 0             |
|    learning_rate        | 0.0003        |
|    loss                 | 0.26          |
|    n_updates            | 596           |
|    policy_gradient_loss | -0.000222     |
|    value_loss           | 0.49          |
-------------------------------------------
--------------------------------------
| rollout/                |          |
|    ep_len_mean          | 1        |
|    ep_rew_mean          | -0.222   |
| time/                   |          |
|    fps                  | 886      |
|    iterations           | 151      |
|    time_elapsed         | 21       |
|    total_timesteps      | 19328    |
| train/                  |          |
|    approx_kl            | 0.0      |
|    clip_fraction        | 0        |
|    clip_range           | 0.2      |
|    entropy_loss         | -0.0448  |
|    explained_variance   | 5.96e-08 |
|    learning_rate        | 0.0003   |
|    loss                 | 0.155    |
|    n_updates            | 600      |
|    policy_gradient_loss | -5.7e-09 |
|    value_loss           | 0.409    |
--------------------------------------
------------------------------------------
| rollout/                |              |
|    ep_len_mean          | 1            |
|    ep_rew_mean          | -0.295       |
| time/                   |              |
|    fps                  | 886          |
|    iterations           | 152          |
|    time_elapsed         | 21           |
|    total_timesteps      | 19456        |
| train/                  |              |
|    approx_kl            | 0.0001115473 |
|    clip_fraction        | 0            |
|    clip_range           | 0.2          |
|    entropy_loss         | -0.0423      |
|    explained_variance   | 0            |
|    learning_rate        | 0.0003       |
|    loss                 | 0.213        |
|    n_updates            | 604          |
|    policy_gradient_loss | -0.000565    |
|    value_loss           | 0.486        |
------------------------------------------
-------------------------------------------
| rollout/                |               |
|    ep_len_mean          | 1             |
|    ep_rew_mean          | -0.283        |
| time/                   |               |
|    fps                  | 885           |
|    iterations           | 153           |
|    time_elapsed         | 22            |
|    total_timesteps      | 19584         |
| train/                  |               |
|    approx_kl            | 0.00013946509 |
|    clip_fraction        | 0             |
|    clip_range           | 0.2           |
|    entropy_loss         | -0.0375       |
|    explained_variance   | 0             |
|    learning_rate        | 0.0003        |
|    loss                 | 0.212         |
|    n_updates            | 608           |
|    policy_gradient_loss | -0.000514     |
|    value_loss           | 0.403         |
-------------------------------------------
---------------------------------------
| rollout/                |           |
|    ep_len_mean          | 1         |
|    ep_rew_mean          | -0.31     |
| time/                   |           |
|    fps                  | 884       |
|    iterations           | 154       |
|    time_elapsed         | 22        |
|    total_timesteps      | 19712     |
| train/                  |           |
|    approx_kl            | 0.0       |
|    clip_fraction        | 0         |
|    clip_range           | 0.2       |
|    entropy_loss         | -0.0341   |
|    explained_variance   | 0         |
|    learning_rate        | 0.0003    |
|    loss                 | 0.227     |
|    n_updates            | 612       |
|    policy_gradient_loss | -2.21e-09 |
|    value_loss           | 0.457     |
---------------------------------------
---------------------------------------
| rollout/                |           |
|    ep_len_mean          | 1         |
|    ep_rew_mean          | -0.328    |
| time/                   |           |
|    fps                  | 883       |
|    iterations           | 155       |
|    time_elapsed         | 22        |
|    total_timesteps      | 19840     |
| train/                  |           |
|    approx_kl            | 0.0       |
|    clip_fraction        | 0         |
|    clip_range           | 0.2       |
|    entropy_loss         | -0.0332   |
|    explained_variance   | 0         |
|    learning_rate        | 0.0003    |
|    loss                 | 0.159     |
|    n_updates            | 616       |
|    policy_gradient_loss | -1.09e-08 |
|    value_loss           | 0.418     |
---------------------------------------
--------------------------------------
| rollout/                |          |
|    ep_len_mean          | 1        |
|    ep_rew_mean          | -0.177   |
| time/                   |          |
|    fps                  | 883      |
|    iterations           | 156      |
|    time_elapsed         | 22       |
|    total_timesteps      | 19968    |
| train/                  |          |
|    approx_kl            | 0.0      |
|    clip_fraction        | 0        |
|    clip_range           | 0.2      |
|    entropy_loss         | -0.033   |
|    explained_variance   | 0        |
|    learning_rate        | 0.0003   |
|    loss                 | 0.172    |
|    n_updates            | 620      |
|    policy_gradient_loss | 1.05e-09 |
|    value_loss           | 0.367    |
--------------------------------------
--------------------------------------
| rollout/                |          |
|    ep_len_mean          | 1        |
|    ep_rew_mean          | -0.252   |
| time/                   |          |
|    fps                  | 883      |
|    iterations           | 157      |
|    time_elapsed         | 22       |
|    total_timesteps      | 20096    |
| train/                  |          |
|    approx_kl            | 0.0      |
|    clip_fraction        | 0        |
|    clip_range           | 0.2      |
|    entropy_loss         | -0.033   |
|    explained_variance   | 0        |
|    learning_rate        | 0.0003   |
|    loss                 | 0.219    |
|    n_updates            | 624      |
|    policy_gradient_loss | 7.57e-09 |
|    value_loss           | 0.474    |
--------------------------------------
------------------------------------------
| rollout/                |              |
|    ep_len_mean          | 1            |
|    ep_rew_mean          | -0.311       |
| time/                   |              |
|    fps                  | 882          |
|    iterations           | 158          |
|    time_elapsed         | 22           |
|    total_timesteps      | 20224        |
| train/                  |              |
|    approx_kl            | 1.631584e-05 |
|    clip_fraction        | 0            |
|    clip_range           | 0.2          |
|    entropy_loss         | -0.0323      |
|    explained_variance   | 0            |
|    learning_rate        | 0.0003       |
|    loss                 | 0.213        |
|    n_updates            | 628          |
|    policy_gradient_loss | -0.000153    |
|    value_loss           | 0.448        |
------------------------------------------
--------------------------------------
| rollout/                |          |
|    ep_len_mean          | 1        |
|    ep_rew_mean          | -0.356   |
| time/                   |          |
|    fps                  | 882      |
|    iterations           | 159      |
|    time_elapsed         | 23       |
|    total_timesteps      | 20352    |
| train/                  |          |
|    approx_kl            | 0.0      |
|    clip_fraction        | 0        |
|    clip_range           | 0.2      |
|    entropy_loss         | -0.0304  |
|    explained_variance   | 0        |
|    learning_rate        | 0.0003   |
|    loss                 | 0.178    |
|    n_updates            | 632      |
|    policy_gradient_loss | 9.31e-10 |
|    value_loss           | 0.439    |
--------------------------------------
-------------------------------------------
| rollout/                |               |
|    ep_len_mean          | 1             |
|    ep_rew_mean          | -0.206        |
| time/                   |               |
|    fps                  | 883           |
|    iterations           | 160           |
|    time_elapsed         | 23            |
|    total_timesteps      | 20480         |
| train/                  |               |
|    approx_kl            | 1.4265999e-05 |
|    clip_fraction        | 0             |
|    clip_range           | 0.2           |
|    entropy_loss         | -0.0294       |
|    explained_variance   | -1.19e-07     |
|    learning_rate        | 0.0003        |
|    loss                 | 0.212         |
|    n_updates            | 636           |
|    policy_gradient_loss | -0.000104     |
|    value_loss           | 0.396         |
-------------------------------------------
---------------------------------------
| rollout/                |           |
|    ep_len_mean          | 1         |
|    ep_rew_mean          | -0.283    |
| time/                   |           |
|    fps                  | 883       |
|    iterations           | 161       |
|    time_elapsed         | 23        |
|    total_timesteps      | 20608     |
| train/                  |           |
|    approx_kl            | 0.0       |
|    clip_fraction        | 0         |
|    clip_range           | 0.2       |
|    entropy_loss         | -0.028    |
|    explained_variance   | 0         |
|    learning_rate        | 0.0003    |
|    loss                 | 0.244     |
|    n_updates            | 640       |
|    policy_gradient_loss | -8.85e-09 |
|    value_loss           | 0.478     |
---------------------------------------
-------------------------------------------
| rollout/                |               |
|    ep_len_mean          | 1             |
|    ep_rew_mean          | -0.343        |
| time/                   |               |
|    fps                  | 883           |
|    iterations           | 162           |
|    time_elapsed         | 23            |
|    total_timesteps      | 20736         |
| train/                  |               |
|    approx_kl            | 0.00019672047 |
|    clip_fraction        | 0             |
|    clip_range           | 0.2           |
|    entropy_loss         | -0.0264       |
|    explained_variance   | 0             |
|    learning_rate        | 0.0003        |
|    loss                 | 0.187         |
|    n_updates            | 644           |
|    policy_gradient_loss | -0.000622     |
|    value_loss           | 0.414         |
-------------------------------------------
---------------------------------------
| rollout/                |           |
|    ep_len_mean          | 1         |
|    ep_rew_mean          | -0.174    |
| time/                   |           |
|    fps                  | 884       |
|    iterations           | 163       |
|    time_elapsed         | 23        |
|    total_timesteps      | 20864     |
| train/                  |           |
|    approx_kl            | 0.0       |
|    clip_fraction        | 0         |
|    clip_range           | 0.2       |
|    entropy_loss         | -0.0236   |
|    explained_variance   | 0         |
|    learning_rate        | 0.0003    |
|    loss                 | 0.235     |
|    n_updates            | 648       |
|    policy_gradient_loss | -5.24e-09 |
|    value_loss           | 0.396     |
---------------------------------------
--------------------------------------
| rollout/                |          |
|    ep_len_mean          | 1        |
|    ep_rew_mean          | -0.282   |
| time/                   |          |
|    fps                  | 885      |
|    iterations           | 164      |
|    time_elapsed         | 23       |
|    total_timesteps      | 20992    |
| train/                  |          |
|    approx_kl            | 0.0      |
|    clip_fraction        | 0        |
|    clip_range           | 0.2      |
|    entropy_loss         | -0.0227  |
|    explained_variance   | 0        |
|    learning_rate        | 0.0003   |
|    loss                 | 0.264    |
|    n_updates            | 652      |
|    policy_gradient_loss | 3.49e-09 |
|    value_loss           | 0.509    |
--------------------------------------
--------------------------------------
| rollout/                |          |
|    ep_len_mean          | 1        |
|    ep_rew_mean          | -0.221   |
| time/                   |          |
|    fps                  | 886      |
|    iterations           | 165      |
|    time_elapsed         | 23       |
|    total_timesteps      | 21120    |
| train/                  |          |
|    approx_kl            | 0.0      |
|    clip_fraction        | 0        |
|    clip_range           | 0.2      |
|    entropy_loss         | -0.0226  |
|    explained_variance   | 0        |
|    learning_rate        | 0.0003   |
|    loss                 | 0.212    |
|    n_updates            | 656      |
|    policy_gradient_loss | 9.31e-10 |
|    value_loss           | 0.438    |
--------------------------------------
---------------------------------------
| rollout/                |           |
|    ep_len_mean          | 1         |
|    ep_rew_mean          | -0.295    |
| time/                   |           |
|    fps                  | 885       |
|    iterations           | 166       |
|    time_elapsed         | 23        |
|    total_timesteps      | 21248     |
| train/                  |           |
|    approx_kl            | 0.0       |
|    clip_fraction        | 0         |
|    clip_range           | 0.2       |
|    entropy_loss         | -0.0225   |
|    explained_variance   | 1.79e-07  |
|    learning_rate        | 0.0003    |
|    loss                 | 0.276     |
|    n_updates            | 660       |
|    policy_gradient_loss | -1.02e-08 |
|    value_loss           | 0.467     |
---------------------------------------
-------------------------------------------
| rollout/                |               |
|    ep_len_mean          | 1             |
|    ep_rew_mean          | -0.295        |
| time/                   |               |
|    fps                  | 885           |
|    iterations           | 167           |
|    time_elapsed         | 24            |
|    total_timesteps      | 21376         |
| train/                  |               |
|    approx_kl            | 0.00015325053 |
|    clip_fraction        | 0.00195       |
|    clip_range           | 0.2           |
|    entropy_loss         | -0.0236       |
|    explained_variance   | -1.19e-07     |
|    learning_rate        | 0.0003        |
|    loss                 | 0.196         |
|    n_updates            | 664           |
|    policy_gradient_loss | -0.00104      |
|    value_loss           | 0.443         |
-------------------------------------------
--------------------------------------
| rollout/                |          |
|    ep_len_mean          | 1        |
|    ep_rew_mean          | -0.312   |
| time/                   |          |
|    fps                  | 886      |
|    iterations           | 168      |
|    time_elapsed         | 24       |
|    total_timesteps      | 21504    |
| train/                  |          |
|    approx_kl            | 0.0      |
|    clip_fraction        | 0        |
|    clip_range           | 0.2      |
|    entropy_loss         | -0.0259  |
|    explained_variance   | 0        |
|    learning_rate        | 0.0003   |
|    loss                 | 0.234    |
|    n_updates            | 668      |
|    policy_gradient_loss | 4.89e-09 |
|    value_loss           | 0.388    |
--------------------------------------
-------------------------------------------
| rollout/                |               |
|    ep_len_mean          | 1             |
|    ep_rew_mean          | -0.223        |
| time/                   |               |
|    fps                  | 886           |
|    iterations           | 169           |
|    time_elapsed         | 24            |
|    total_timesteps      | 21632         |
| train/                  |               |
|    approx_kl            | 6.0670543e-05 |
|    clip_fraction        | 0             |
|    clip_range           | 0.2           |
|    entropy_loss         | -0.0275       |
|    explained_variance   | -1.19e-07     |
|    learning_rate        | 0.0003        |
|    loss                 | 0.175         |
|    n_updates            | 672           |
|    policy_gradient_loss | -0.000633     |
|    value_loss           | 0.413         |
-------------------------------------------
------------------------------------------
| rollout/                |              |
|    ep_len_mean          | 1            |
|    ep_rew_mean          | -0.267       |
| time/                   |              |
|    fps                  | 887          |
|    iterations           | 170          |
|    time_elapsed         | 24           |
|    total_timesteps      | 21760        |
| train/                  |              |
|    approx_kl            | 8.315779e-06 |
|    clip_fraction        | 0            |
|    clip_range           | 0.2          |
|    entropy_loss         | -0.0308      |
|    explained_variance   | 0            |
|    learning_rate        | 0.0003       |
|    loss                 | 0.226        |
|    n_updates            | 676          |
|    policy_gradient_loss | -2.79e-05    |
|    value_loss           | 0.448        |
------------------------------------------
---------------------------------------
| rollout/                |           |
|    ep_len_mean          | 1         |
|    ep_rew_mean          | -0.282    |
| time/                   |           |
|    fps                  | 888       |
|    iterations           | 171       |
|    time_elapsed         | 24        |
|    total_timesteps      | 21888     |
| train/                  |           |
|    approx_kl            | 0.0       |
|    clip_fraction        | 0         |
|    clip_range           | 0.2       |
|    entropy_loss         | -0.0303   |
|    explained_variance   | -1.19e-07 |
|    learning_rate        | 0.0003    |
|    loss                 | 0.227     |
|    n_updates            | 680       |
|    policy_gradient_loss | 6.64e-09  |
|    value_loss           | 0.432     |
---------------------------------------
---------------------------------------
| rollout/                |           |
|    ep_len_mean          | 1         |
|    ep_rew_mean          | -0.234    |
| time/                   |           |
|    fps                  | 888       |
|    iterations           | 172       |
|    time_elapsed         | 24        |
|    total_timesteps      | 22016     |
| train/                  |           |
|    approx_kl            | 0.0       |
|    clip_fraction        | 0         |
|    clip_range           | 0.2       |
|    entropy_loss         | -0.0299   |
|    explained_variance   | -1.19e-07 |
|    learning_rate        | 0.0003    |
|    loss                 | 0.272     |
|    n_updates            | 684       |
|    policy_gradient_loss | 4.07e-09  |
|    value_loss           | 0.458     |
---------------------------------------
---------------------------------------
| rollout/                |           |
|    ep_len_mean          | 1         |
|    ep_rew_mean          | -0.297    |
| time/                   |           |
|    fps                  | 888       |
|    iterations           | 173       |
|    time_elapsed         | 24        |
|    total_timesteps      | 22144     |
| train/                  |           |
|    approx_kl            | 0.0       |
|    clip_fraction        | 0         |
|    clip_range           | 0.2       |
|    entropy_loss         | -0.0299   |
|    explained_variance   | 0         |
|    learning_rate        | 0.0003    |
|    loss                 | 0.232     |
|    n_updates            | 688       |
|    policy_gradient_loss | -6.98e-09 |
|    value_loss           | 0.456     |
---------------------------------------
-------------------------------------------
| rollout/                |               |
|    ep_len_mean          | 1             |
|    ep_rew_mean          | -0.265        |
| time/                   |               |
|    fps                  | 889           |
|    iterations           | 174           |
|    time_elapsed         | 25            |
|    total_timesteps      | 22272         |
| train/                  |               |
|    approx_kl            | 1.5453435e-05 |
|    clip_fraction        | 0             |
|    clip_range           | 0.2           |
|    entropy_loss         | -0.0293       |
|    explained_variance   | 0             |
|    learning_rate        | 0.0003        |
|    loss                 | 0.297         |
|    n_updates            | 692           |
|    policy_gradient_loss | -9.71e-05     |
|    value_loss           | 0.44          |
-------------------------------------------
-------------------------------------------
| rollout/                |               |
|    ep_len_mean          | 1             |
|    ep_rew_mean          | -0.162        |
| time/                   |               |
|    fps                  | 889           |
|    iterations           | 175           |
|    time_elapsed         | 25            |
|    total_timesteps      | 22400         |
| train/                  |               |
|    approx_kl            | 5.6578778e-05 |
|    clip_fraction        | 0             |
|    clip_range           | 0.2           |
|    entropy_loss         | -0.0271       |
|    explained_variance   | 0             |
|    learning_rate        | 0.0003        |
|    loss                 | 0.157         |
|    n_updates            | 696           |
|    policy_gradient_loss | -0.000237     |
|    value_loss           | 0.43          |
-------------------------------------------
------------------------------------------
| rollout/                |              |
|    ep_len_mean          | 1            |
|    ep_rew_mean          | -0.329       |
| time/                   |              |
|    fps                  | 889          |
|    iterations           | 176          |
|    time_elapsed         | 25           |
|    total_timesteps      | 22528        |
| train/                  |              |
|    approx_kl            | 6.535603e-05 |
|    clip_fraction        | 0            |
|    clip_range           | 0.2          |
|    entropy_loss         | -0.0269      |
|    explained_variance   | -1.19e-07    |
|    learning_rate        | 0.0003       |
|    loss                 | 0.244        |
|    n_updates            | 700          |
|    policy_gradient_loss | -0.000722    |
|    value_loss           | 0.479        |
------------------------------------------
-------------------------------------------
| rollout/                |               |
|    ep_len_mean          | 1             |
|    ep_rew_mean          | -0.25         |
| time/                   |               |
|    fps                  | 889           |
|    iterations           | 177           |
|    time_elapsed         | 25            |
|    total_timesteps      | 22656         |
| train/                  |               |
|    approx_kl            | 5.9604645e-08 |
|    clip_fraction        | 0             |
|    clip_range           | 0.2           |
|    entropy_loss         | -0.0305       |
|    explained_variance   | 0             |
|    learning_rate        | 0.0003        |
|    loss                 | 0.226         |
|    n_updates            | 704           |
|    policy_gradient_loss | -3.03e-09     |
|    value_loss           | 0.449         |
-------------------------------------------
---------------------------------------
| rollout/                |           |
|    ep_len_mean          | 1         |
|    ep_rew_mean          | -0.238    |
| time/                   |           |
|    fps                  | 889       |
|    iterations           | 178       |
|    time_elapsed         | 25        |
|    total_timesteps      | 22784     |
| train/                  |           |
|    approx_kl            | 0.0       |
|    clip_fraction        | 0         |
|    clip_range           | 0.2       |
|    entropy_loss         | -0.0317   |
|    explained_variance   | 0         |
|    learning_rate        | 0.0003    |
|    loss                 | 0.244     |
|    n_updates            | 708       |
|    policy_gradient_loss | -6.29e-09 |
|    value_loss           | 0.446     |
---------------------------------------
--------------------------------------
| rollout/                |          |
|    ep_len_mean          | 1        |
|    ep_rew_mean          | -0.328   |
| time/                   |          |
|    fps                  | 889      |
|    iterations           | 179      |
|    time_elapsed         | 25       |
|    total_timesteps      | 22912    |
| train/                  |          |
|    approx_kl            | 0.0      |
|    clip_fraction        | 0        |
|    clip_range           | 0.2      |
|    entropy_loss         | -0.0319  |
|    explained_variance   | 0        |
|    learning_rate        | 0.0003   |
|    loss                 | 0.256    |
|    n_updates            | 712      |
|    policy_gradient_loss | -1.4e-09 |
|    value_loss           | 0.47     |
--------------------------------------
---------------------------------------
| rollout/                |           |
|    ep_len_mean          | 1.01      |
|    ep_rew_mean          | -0.269    |
| time/                   |           |
|    fps                  | 889       |
|    iterations           | 180       |
|    time_elapsed         | 25        |
|    total_timesteps      | 23040     |
| train/                  |           |
|    approx_kl            | 0.0       |
|    clip_fraction        | 0         |
|    clip_range           | 0.2       |
|    entropy_loss         | -0.032    |
|    explained_variance   | 5.96e-08  |
|    learning_rate        | 0.0003    |
|    loss                 | 0.194     |
|    n_updates            | 716       |
|    policy_gradient_loss | -2.03e-08 |
|    value_loss           | 0.385     |
---------------------------------------
-------------------------------------------
| rollout/                |               |
|    ep_len_mean          | 1             |
|    ep_rew_mean          | -0.295        |
| time/                   |               |
|    fps                  | 889           |
|    iterations           | 181           |
|    time_elapsed         | 26            |
|    total_timesteps      | 23168         |
| train/                  |               |
|    approx_kl            | 4.2422675e-05 |
|    clip_fraction        | 0             |
|    clip_range           | 0.2           |
|    entropy_loss         | -0.0315       |
|    explained_variance   | 0.000582      |
|    learning_rate        | 0.0003        |
|    loss                 | 0.211         |
|    n_updates            | 720           |
|    policy_gradient_loss | -0.000243     |
|    value_loss           | 0.426         |
-------------------------------------------
--------------------------------------
| rollout/                |          |
|    ep_len_mean          | 1        |
|    ep_rew_mean          | -0.252   |
| time/                   |          |
|    fps                  | 890      |
|    iterations           | 182      |
|    time_elapsed         | 26       |
|    total_timesteps      | 23296    |
| train/                  |          |
|    approx_kl            | 0.0      |
|    clip_fraction        | 0        |
|    clip_range           | 0.2      |
|    entropy_loss         | -0.0301  |
|    explained_variance   | 0        |
|    learning_rate        | 0.0003   |
|    loss                 | 0.226    |
|    n_updates            | 724      |
|    policy_gradient_loss | 1.16e-09 |
|    value_loss           | 0.44     |
--------------------------------------
--------------------------------------
| rollout/                |          |
|    ep_len_mean          | 1        |
|    ep_rew_mean          | -0.282   |
| time/                   |          |
|    fps                  | 890      |
|    iterations           | 183      |
|    time_elapsed         | 26       |
|    total_timesteps      | 23424    |
| train/                  |          |
|    approx_kl            | 0.0      |
|    clip_fraction        | 0        |
|    clip_range           | 0.2      |
|    entropy_loss         | -0.0297  |
|    explained_variance   | 0        |
|    learning_rate        | 0.0003   |
|    loss                 | 0.259    |
|    n_updates            | 728      |
|    policy_gradient_loss | 1.51e-09 |
|    value_loss           | 0.446    |
--------------------------------------
-------------------------------------------
| rollout/                |               |
|    ep_len_mean          | 1             |
|    ep_rew_mean          | -0.206        |
| time/                   |               |
|    fps                  | 890           |
|    iterations           | 184           |
|    time_elapsed         | 26            |
|    total_timesteps      | 23552         |
| train/                  |               |
|    approx_kl            | 3.1277537e-05 |
|    clip_fraction        | 0             |
|    clip_range           | 0.2           |
|    entropy_loss         | -0.0291       |
|    explained_variance   | -1.19e-07     |
|    learning_rate        | 0.0003        |
|    loss                 | 0.173         |
|    n_updates            | 732           |
|    policy_gradient_loss | -0.000196     |
|    value_loss           | 0.395         |
-------------------------------------------
--------------------------------------
| rollout/                |          |
|    ep_len_mean          | 1        |
|    ep_rew_mean          | -0.294   |
| time/                   |          |
|    fps                  | 891      |
|    iterations           | 185      |
|    time_elapsed         | 26       |
|    total_timesteps      | 23680    |
| train/                  |          |
|    approx_kl            | 0.0      |
|    clip_fraction        | 0        |
|    clip_range           | 0.2      |
|    entropy_loss         | -0.0275  |
|    explained_variance   | 0        |
|    learning_rate        | 0.0003   |
|    loss                 | 0.213    |
|    n_updates            | 736      |
|    policy_gradient_loss | 3.96e-09 |
|    value_loss           | 0.457    |
--------------------------------------
-------------------------------------------
| rollout/                |               |
|    ep_len_mean          | 1             |
|    ep_rew_mean          | -0.221        |
| time/                   |               |
|    fps                  | 891           |
|    iterations           | 186           |
|    time_elapsed         | 26            |
|    total_timesteps      | 23808         |
| train/                  |               |
|    approx_kl            | 2.2522174e-05 |
|    clip_fraction        | 0             |
|    clip_range           | 0.2           |
|    entropy_loss         | -0.0263       |
|    explained_variance   | -1.19e-07     |
|    learning_rate        | 0.0003        |
|    loss                 | 0.155         |
|    n_updates            | 740           |
|    policy_gradient_loss | -0.00011      |
|    value_loss           | 0.41          |
-------------------------------------------
---------------------------------------
| rollout/                |           |
|    ep_len_mean          | 1         |
|    ep_rew_mean          | -0.297    |
| time/                   |           |
|    fps                  | 892       |
|    iterations           | 187       |
|    time_elapsed         | 26        |
|    total_timesteps      | 23936     |
| train/                  |           |
|    approx_kl            | 0.0       |
|    clip_fraction        | 0         |
|    clip_range           | 0.2       |
|    entropy_loss         | -0.025    |
|    explained_variance   | -1.19e-07 |
|    learning_rate        | 0.0003    |
|    loss                 | 0.269     |
|    n_updates            | 744       |
|    policy_gradient_loss | -9.9e-09  |
|    value_loss           | 0.445     |
---------------------------------------
-------------------------------------------
| rollout/                |               |
|    ep_len_mean          | 1             |
|    ep_rew_mean          | -0.326        |
| time/                   |               |
|    fps                  | 891           |
|    iterations           | 188           |
|    time_elapsed         | 26            |
|    total_timesteps      | 24064         |
| train/                  |               |
|    approx_kl            | 1.8597115e-05 |
|    clip_fraction        | 0             |
|    clip_range           | 0.2           |
|    entropy_loss         | -0.024        |
|    explained_variance   | 0             |
|    learning_rate        | 0.0003        |
|    loss                 | 0.177         |
|    n_updates            | 748           |
|    policy_gradient_loss | -0.000139     |
|    value_loss           | 0.407         |
-------------------------------------------
---------------------------------------
| rollout/                |           |
|    ep_len_mean          | 1         |
|    ep_rew_mean          | -0.282    |
| time/                   |           |
|    fps                  | 891       |
|    iterations           | 189       |
|    time_elapsed         | 27        |
|    total_timesteps      | 24192     |
| train/                  |           |
|    approx_kl            | 0.0       |
|    clip_fraction        | 0         |
|    clip_range           | 0.2       |
|    entropy_loss         | -0.0225   |
|    explained_variance   | 0         |
|    learning_rate        | 0.0003    |
|    loss                 | 0.21      |
|    n_updates            | 752       |
|    policy_gradient_loss | -5.59e-09 |
|    value_loss           | 0.384     |
---------------------------------------
--------------------------------------
| rollout/                |          |
|    ep_len_mean          | 1        |
|    ep_rew_mean          | -0.251   |
| time/                   |          |
|    fps                  | 892      |
|    iterations           | 190      |
|    time_elapsed         | 27       |
|    total_timesteps      | 24320    |
| train/                  |          |
|    approx_kl            | 0.0      |
|    clip_fraction        | 0        |
|    clip_range           | 0.2      |
|    entropy_loss         | -0.0221  |
|    explained_variance   | 0        |
|    learning_rate        | 0.0003   |
|    loss                 | 0.228    |
|    n_updates            | 756      |
|    policy_gradient_loss | 5.24e-09 |
|    value_loss           | 0.445    |
--------------------------------------
---------------------------------------
| rollout/                |           |
|    ep_len_mean          | 1         |
|    ep_rew_mean          | -0.355    |
| time/                   |           |
|    fps                  | 892       |
|    iterations           | 191       |
|    time_elapsed         | 27        |
|    total_timesteps      | 24448     |
| train/                  |           |
|    approx_kl            | 0.0       |
|    clip_fraction        | 0         |
|    clip_range           | 0.2       |
|    entropy_loss         | -0.022    |
|    explained_variance   | 0         |
|    learning_rate        | 0.0003    |
|    loss                 | 0.227     |
|    n_updates            | 760       |
|    policy_gradient_loss | -2.79e-09 |
|    value_loss           | 0.44      |
---------------------------------------
--------------------------------------
| rollout/                |          |
|    ep_len_mean          | 1        |
|    ep_rew_mean          | -0.237   |
| time/                   |          |
|    fps                  | 892      |
|    iterations           | 192      |
|    time_elapsed         | 27       |
|    total_timesteps      | 24576    |
| train/                  |          |
|    approx_kl            | 0.0      |
|    clip_fraction        | 0        |
|    clip_range           | 0.2      |
|    entropy_loss         | -0.022   |
|    explained_variance   | 0        |
|    learning_rate        | 0.0003   |
|    loss                 | 0.0895   |
|    n_updates            | 764      |
|    policy_gradient_loss | 1.16e-09 |
|    value_loss           | 0.369    |
--------------------------------------
--------------------------------------
| rollout/                |          |
|    ep_len_mean          | 1        |
|    ep_rew_mean          | -0.178   |
| time/                   |          |
|    fps                  | 893      |
|    iterations           | 193      |
|    time_elapsed         | 27       |
|    total_timesteps      | 24704    |
| train/                  |          |
|    approx_kl            | 0.0      |
|    clip_fraction        | 0        |
|    clip_range           | 0.2      |
|    entropy_loss         | -0.022   |
|    explained_variance   | 0        |
|    learning_rate        | 0.0003   |
|    loss                 | 0.227    |
|    n_updates            | 768      |
|    policy_gradient_loss | 8.5e-09  |
|    value_loss           | 0.503    |
--------------------------------------
------------------------------------------
| rollout/                |              |
|    ep_len_mean          | 1            |
|    ep_rew_mean          | -0.341       |
| time/                   |              |
|    fps                  | 892          |
|    iterations           | 194          |
|    time_elapsed         | 27           |
|    total_timesteps      | 24832        |
| train/                  |              |
|    approx_kl            | 9.658141e-05 |
|    clip_fraction        | 0            |
|    clip_range           | 0.2          |
|    entropy_loss         | -0.0234      |
|    explained_variance   | 0            |
|    learning_rate        | 0.0003       |
|    loss                 | 0.2          |
|    n_updates            | 772          |
|    policy_gradient_loss | -0.000832    |
|    value_loss           | 0.504        |
------------------------------------------
------------------------------------------
| rollout/                |              |
|    ep_len_mean          | 1            |
|    ep_rew_mean          | -0.28        |
| time/                   |              |
|    fps                  | 892          |
|    iterations           | 195          |
|    time_elapsed         | 27           |
|    total_timesteps      | 24960        |
| train/                  |              |
|    approx_kl            | 8.940697e-08 |
|    clip_fraction        | 0            |
|    clip_range           | 0.2          |
|    entropy_loss         | -0.0279      |
|    explained_variance   | 0            |
|    learning_rate        | 0.0003       |
|    loss                 | 0.172        |
|    n_updates            | 776          |
|    policy_gradient_loss | 1.75e-08     |
|    value_loss           | 0.389        |
------------------------------------------
---------------------------------------
| rollout/                |           |
|    ep_len_mean          | 1         |
|    ep_rew_mean          | -0.252    |
| time/                   |           |
|    fps                  | 893       |
|    iterations           | 196       |
|    time_elapsed         | 28        |
|    total_timesteps      | 25088     |
| train/                  |           |
|    approx_kl            | 0.0       |
|    clip_fraction        | 0         |
|    clip_range           | 0.2       |
|    entropy_loss         | -0.0294   |
|    explained_variance   | 0         |
|    learning_rate        | 0.0003    |
|    loss                 | 0.235     |
|    n_updates            | 780       |
|    policy_gradient_loss | -2.56e-09 |
|    value_loss           | 0.421     |
---------------------------------------
------------------------------------------
| rollout/                |              |
|    ep_len_mean          | 1            |
|    ep_rew_mean          | -0.254       |
| time/                   |              |
|    fps                  | 893          |
|    iterations           | 197          |
|    time_elapsed         | 28           |
|    total_timesteps      | 25216        |
| train/                  |              |
|    approx_kl            | 8.797739e-05 |
|    clip_fraction        | 0            |
|    clip_range           | 0.2          |
|    entropy_loss         | -0.0311      |
|    explained_variance   | 0            |
|    learning_rate        | 0.0003       |
|    loss                 | 0.272        |
|    n_updates            | 784          |
|    policy_gradient_loss | -0.000874    |
|    value_loss           | 0.46         |
------------------------------------------
-------------------------------------------
| rollout/                |               |
|    ep_len_mean          | 1             |
|    ep_rew_mean          | -0.373        |
| time/                   |               |
|    fps                  | 893           |
|    iterations           | 198           |
|    time_elapsed         | 28            |
|    total_timesteps      | 25344         |
| train/                  |               |
|    approx_kl            | 0.00026583392 |
|    clip_fraction        | 0.00195       |
|    clip_range           | 0.2           |
|    entropy_loss         | -0.0376       |
|    explained_variance   | 5.96e-08      |
|    learning_rate        | 0.0003        |
|    loss                 | 0.211         |
|    n_updates            | 788           |
|    policy_gradient_loss | -0.00155      |
|    value_loss           | 0.442         |
-------------------------------------------
-------------------------------------------
| rollout/                |               |
|    ep_len_mean          | 1             |
|    ep_rew_mean          | -0.266        |
| time/                   |               |
|    fps                  | 894           |
|    iterations           | 199           |
|    time_elapsed         | 28            |
|    total_timesteps      | 25472         |
| train/                  |               |
|    approx_kl            | 1.3411045e-07 |
|    clip_fraction        | 0             |
|    clip_range           | 0.2           |
|    entropy_loss         | -0.044        |
|    explained_variance   | 0             |
|    learning_rate        | 0.0003        |
|    loss                 | 0.235         |
|    n_updates            | 792           |
|    policy_gradient_loss | 7.68e-09      |
|    value_loss           | 0.386         |
-------------------------------------------
------------------------------------------
| rollout/                |              |
|    ep_len_mean          | 1            |
|    ep_rew_mean          | -0.283       |
| time/                   |              |
|    fps                  | 895          |
|    iterations           | 200          |
|    time_elapsed         | 28           |
|    total_timesteps      | 25600        |
| train/                  |              |
|    approx_kl            | 9.487616e-05 |
|    clip_fraction        | 0            |
|    clip_range           | 0.2          |
|    entropy_loss         | -0.0469      |
|    explained_variance   | 0            |
|    learning_rate        | 0.0003       |
|    loss                 | 0.213        |
|    n_updates            | 796          |
|    policy_gradient_loss | -0.000263    |
|    value_loss           | 0.445        |
------------------------------------------
-------------------------------------------
| rollout/                |               |
|    ep_len_mean          | 1             |
|    ep_rew_mean          | -0.311        |
| time/                   |               |
|    fps                  | 895           |
|    iterations           | 201           |
|    time_elapsed         | 28            |
|    total_timesteps      | 25728         |
| train/                  |               |
|    approx_kl            | 1.3411045e-07 |
|    clip_fraction        | 0             |
|    clip_range           | 0.2           |
|    entropy_loss         | -0.0522       |
|    explained_variance   | 1.19e-07      |
|    learning_rate        | 0.0003        |
|    loss                 | 0.198         |
|    n_updates            | 800           |
|    policy_gradient_loss | 6.05e-09      |
|    value_loss           | 0.44          |
-------------------------------------------
-------------------------------------------
| rollout/                |               |
|    ep_len_mean          | 1             |
|    ep_rew_mean          | -0.281        |
| time/                   |               |
|    fps                  | 896           |
|    iterations           | 202           |
|    time_elapsed         | 28            |
|    total_timesteps      | 25856         |
| train/                  |               |
|    approx_kl            | 1.6069971e-05 |
|    clip_fraction        | 0             |
|    clip_range           | 0.2           |
|    entropy_loss         | -0.0526       |
|    explained_variance   | -1.19e-07     |
|    learning_rate        | 0.0003        |
|    loss                 | 0.266         |
|    n_updates            | 804           |
|    policy_gradient_loss | -9.81e-05     |
|    value_loss           | 0.424         |
-------------------------------------------
-------------------------------------------
| rollout/                |               |
|    ep_len_mean          | 1             |
|    ep_rew_mean          | -0.327        |
| time/                   |               |
|    fps                  | 895           |
|    iterations           | 203           |
|    time_elapsed         | 29            |
|    total_timesteps      | 25984         |
| train/                  |               |
|    approx_kl            | 1.1920929e-07 |
|    clip_fraction        | 0             |
|    clip_range           | 0.2           |
|    entropy_loss         | -0.0492       |
|    explained_variance   | 0             |
|    learning_rate        | 0.0003        |
|    loss                 | 0.165         |
|    n_updates            | 808           |
|    policy_gradient_loss | -6.29e-09     |
|    value_loss           | 0.441         |
-------------------------------------------
---------------------------------------
| rollout/                |           |
|    ep_len_mean          | 1         |
|    ep_rew_mean          | -0.236    |
| time/                   |           |
|    fps                  | 896       |
|    iterations           | 204       |
|    time_elapsed         | 29        |
|    total_timesteps      | 26112     |
| train/                  |           |
|    approx_kl            | 0.0       |
|    clip_fraction        | 0         |
|    clip_range           | 0.2       |
|    entropy_loss         | -0.048    |
|    explained_variance   | 0         |
|    learning_rate        | 0.0003    |
|    loss                 | 0.192     |
|    n_updates            | 812       |
|    policy_gradient_loss | -4.54e-09 |
|    value_loss           | 0.385     |
---------------------------------------
---------------------------------------
| rollout/                |           |
|    ep_len_mean          | 1         |
|    ep_rew_mean          | -0.22     |
| time/                   |           |
|    fps                  | 896       |
|    iterations           | 205       |
|    time_elapsed         | 29        |
|    total_timesteps      | 26240     |
| train/                  |           |
|    approx_kl            | 0.0       |
|    clip_fraction        | 0         |
|    clip_range           | 0.2       |
|    entropy_loss         | -0.0478   |
|    explained_variance   | 5.96e-08  |
|    learning_rate        | 0.0003    |
|    loss                 | 0.255     |
|    n_updates            | 816       |
|    policy_gradient_loss | -2.91e-09 |
|    value_loss           | 0.502     |
---------------------------------------
--------------------------------------
| rollout/                |          |
|    ep_len_mean          | 1        |
|    ep_rew_mean          | -0.163   |
| time/                   |          |
|    fps                  | 896      |
|    iterations           | 206      |
|    time_elapsed         | 29       |
|    total_timesteps      | 26368    |
| train/                  |          |
|    approx_kl            | 0.0      |
|    clip_fraction        | 0        |
|    clip_range           | 0.2      |
|    entropy_loss         | -0.0477  |
|    explained_variance   | 0        |
|    learning_rate        | 0.0003   |
|    loss                 | 0.172    |
|    n_updates            | 820      |
|    policy_gradient_loss | 7.92e-09 |
|    value_loss           | 0.456    |
--------------------------------------
-------------------------------------------
| rollout/                |               |
|    ep_len_mean          | 1             |
|    ep_rew_mean          | -0.071        |
| time/                   |               |
|    fps                  | 897           |
|    iterations           | 207           |
|    time_elapsed         | 29            |
|    total_timesteps      | 26496         |
| train/                  |               |
|    approx_kl            | 0.00020821393 |
|    clip_fraction        | 0             |
|    clip_range           | 0.2           |
|    entropy_loss         | -0.0452       |
|    explained_variance   | 0             |
|    learning_rate        | 0.0003        |
|    loss                 | 0.194         |
|    n_updates            | 824           |
|    policy_gradient_loss | -0.000621     |
|    value_loss           | 0.477         |
-------------------------------------------
------------------------------------------
| rollout/                |              |
|    ep_len_mean          | 1            |
|    ep_rew_mean          | -0.254       |
| time/                   |              |
|    fps                  | 897          |
|    iterations           | 208          |
|    time_elapsed         | 29           |
|    total_timesteps      | 26624        |
| train/                  |              |
|    approx_kl            | 0.0001868913 |
|    clip_fraction        | 0.00195      |
|    clip_range           | 0.2          |
|    entropy_loss         | -0.0383      |
|    explained_variance   | 0            |
|    learning_rate        | 0.0003       |
|    loss                 | 0.267        |
|    n_updates            | 828          |
|    policy_gradient_loss | -0.000705    |
|    value_loss           | 0.537        |
------------------------------------------
------------------------------------------
| rollout/                |              |
|    ep_len_mean          | 1            |
|    ep_rew_mean          | -0.267       |
| time/                   |              |
|    fps                  | 897          |
|    iterations           | 209          |
|    time_elapsed         | 29           |
|    total_timesteps      | 26752        |
| train/                  |              |
|    approx_kl            | 4.464155e-05 |
|    clip_fraction        | 0            |
|    clip_range           | 0.2          |
|    entropy_loss         | -0.0338      |
|    explained_variance   | 0            |
|    learning_rate        | 0.0003       |
|    loss                 | 0.148        |
|    n_updates            | 832          |
|    policy_gradient_loss | -0.000184    |
|    value_loss           | 0.44         |
------------------------------------------
--------------------------------------
| rollout/                |          |
|    ep_len_mean          | 1        |
|    ep_rew_mean          | -0.238   |
| time/                   |          |
|    fps                  | 897      |
|    iterations           | 210      |
|    time_elapsed         | 29       |
|    total_timesteps      | 26880    |
| train/                  |          |
|    approx_kl            | 0.0      |
|    clip_fraction        | 0        |
|    clip_range           | 0.2      |
|    entropy_loss         | -0.0315  |
|    explained_variance   | 0        |
|    learning_rate        | 0.0003   |
|    loss                 | 0.324    |
|    n_updates            | 836      |
|    policy_gradient_loss | 4.66e-09 |
|    value_loss           | 0.461    |
--------------------------------------
---------------------------------------
| rollout/                |           |
|    ep_len_mean          | 1         |
|    ep_rew_mean          | -0.309    |
| time/                   |           |
|    fps                  | 897       |
|    iterations           | 211       |
|    time_elapsed         | 30        |
|    total_timesteps      | 27008     |
| train/                  |           |
|    approx_kl            | 0.0       |
|    clip_fraction        | 0         |
|    clip_range           | 0.2       |
|    entropy_loss         | -0.0309   |
|    explained_variance   | 1.19e-07  |
|    learning_rate        | 0.0003    |
|    loss                 | 0.285     |
|    n_updates            | 840       |
|    policy_gradient_loss | -2.33e-09 |
|    value_loss           | 0.465     |
---------------------------------------
--------------------------------------
| rollout/                |          |
|    ep_len_mean          | 1        |
|    ep_rew_mean          | -0.131   |
| time/                   |          |
|    fps                  | 898      |
|    iterations           | 212      |
|    time_elapsed         | 30       |
|    total_timesteps      | 27136    |
| train/                  |          |
|    approx_kl            | 0.0      |
|    clip_fraction        | 0        |
|    clip_range           | 0.2      |
|    entropy_loss         | -0.0308  |
|    explained_variance   | 0        |
|    learning_rate        | 0.0003   |
|    loss                 | 0.211    |
|    n_updates            | 844      |
|    policy_gradient_loss | 6.98e-10 |
|    value_loss           | 0.399    |
--------------------------------------
---------------------------------------
| rollout/                |           |
|    ep_len_mean          | 1         |
|    ep_rew_mean          | -0.401    |
| time/                   |           |
|    fps                  | 898       |
|    iterations           | 213       |
|    time_elapsed         | 30        |
|    total_timesteps      | 27264     |
| train/                  |           |
|    approx_kl            | 0.0       |
|    clip_fraction        | 0         |
|    clip_range           | 0.2       |
|    entropy_loss         | -0.0308   |
|    explained_variance   | 0         |
|    learning_rate        | 0.0003    |
|    loss                 | 0.251     |
|    n_updates            | 848       |
|    policy_gradient_loss | -6.64e-09 |
|    value_loss           | 0.525     |
---------------------------------------
------------------------------------------
| rollout/                |              |
|    ep_len_mean          | 1            |
|    ep_rew_mean          | -0.221       |
| time/                   |              |
|    fps                  | 898          |
|    iterations           | 214          |
|    time_elapsed         | 30           |
|    total_timesteps      | 27392        |
| train/                  |              |
|    approx_kl            | 9.083189e-05 |
|    clip_fraction        | 0            |
|    clip_range           | 0.2          |
|    entropy_loss         | -0.0299      |
|    explained_variance   | 5.96e-08     |
|    learning_rate        | 0.0003       |
|    loss                 | 0.171        |
|    n_updates            | 852          |
|    policy_gradient_loss | -0.000348    |
|    value_loss           | 0.381        |
------------------------------------------
-------------------------------------------
| rollout/                |               |
|    ep_len_mean          | 1             |
|    ep_rew_mean          | -0.28         |
| time/                   |               |
|    fps                  | 898           |
|    iterations           | 215           |
|    time_elapsed         | 30            |
|    total_timesteps      | 27520         |
| train/                  |               |
|    approx_kl            | 0.00011293031 |
|    clip_fraction        | 0             |
|    clip_range           | 0.2           |
|    entropy_loss         | -0.0278       |
|    explained_variance   | 0             |
|    learning_rate        | 0.0003        |
|    loss                 | 0.211         |
|    n_updates            | 856           |
|    policy_gradient_loss | -0.000645     |
|    value_loss           | 0.479         |
-------------------------------------------
-------------------------------------------
| rollout/                |               |
|    ep_len_mean          | 1             |
|    ep_rew_mean          | -0.251        |
| time/                   |               |
|    fps                  | 899           |
|    iterations           | 216           |
|    time_elapsed         | 30            |
|    total_timesteps      | 27648         |
| train/                  |               |
|    approx_kl            | 3.4114346e-06 |
|    clip_fraction        | 0             |
|    clip_range           | 0.2           |
|    entropy_loss         | -0.03         |
|    explained_variance   | 0             |
|    learning_rate        | 0.0003        |
|    loss                 | 0.195         |
|    n_updates            | 860           |
|    policy_gradient_loss | -8.81e-06     |
|    value_loss           | 0.432         |
-------------------------------------------
-------------------------------------------
| rollout/                |               |
|    ep_len_mean          | 1             |
|    ep_rew_mean          | -0.237        |
| time/                   |               |
|    fps                  | 899           |
|    iterations           | 217           |
|    time_elapsed         | 30            |
|    total_timesteps      | 27776         |
| train/                  |               |
|    approx_kl            | 0.00032582972 |
|    clip_fraction        | 0.00195       |
|    clip_range           | 0.2           |
|    entropy_loss         | -0.0277       |
|    explained_variance   | 0             |
|    learning_rate        | 0.0003        |
|    loss                 | 0.175         |
|    n_updates            | 864           |
|    policy_gradient_loss | -0.000884     |
|    value_loss           | 0.446         |
-------------------------------------------
-------------------------------------------
| rollout/                |               |
|    ep_len_mean          | 1             |
|    ep_rew_mean          | -0.205        |
| time/                   |               |
|    fps                  | 899           |
|    iterations           | 218           |
|    time_elapsed         | 31            |
|    total_timesteps      | 27904         |
| train/                  |               |
|    approx_kl            | 0.00028419448 |
|    clip_fraction        | 0.00195       |
|    clip_range           | 0.2           |
|    entropy_loss         | -0.0264       |
|    explained_variance   | 5.96e-08      |
|    learning_rate        | 0.0003        |
|    loss                 | 0.238         |
|    n_updates            | 868           |
|    policy_gradient_loss | -0.00138      |
|    value_loss           | 0.464         |
-------------------------------------------
-------------------------------------------
| rollout/                |               |
|    ep_len_mean          | 1             |
|    ep_rew_mean          | -0.28         |
| time/                   |               |
|    fps                  | 899           |
|    iterations           | 219           |
|    time_elapsed         | 31            |
|    total_timesteps      | 28032         |
| train/                  |               |
|    approx_kl            | 2.8777868e-07 |
|    clip_fraction        | 0             |
|    clip_range           | 0.2           |
|    entropy_loss         | -0.0313       |
|    explained_variance   | 0             |
|    learning_rate        | 0.0003        |
|    loss                 | 0.21          |
|    n_updates            | 872           |
|    policy_gradient_loss | 4.6e-05       |
|    value_loss           | 0.446         |
-------------------------------------------
-------------------------------------------
| rollout/                |               |
|    ep_len_mean          | 1             |
|    ep_rew_mean          | -0.355        |
| time/                   |               |
|    fps                  | 898           |
|    iterations           | 220           |
|    time_elapsed         | 31            |
|    total_timesteps      | 28160         |
| train/                  |               |
|    approx_kl            | 8.3292834e-05 |
|    clip_fraction        | 0             |
|    clip_range           | 0.2           |
|    entropy_loss         | -0.0322       |
|    explained_variance   | 0             |
|    learning_rate        | 0.0003        |
|    loss                 | 0.191         |
|    n_updates            | 876           |
|    policy_gradient_loss | -0.000301     |
|    value_loss           | 0.447         |
-------------------------------------------
-------------------------------------------
| rollout/                |               |
|    ep_len_mean          | 1             |
|    ep_rew_mean          | -0.4          |
| time/                   |               |
|    fps                  | 898           |
|    iterations           | 221           |
|    time_elapsed         | 31            |
|    total_timesteps      | 28288         |
| train/                  |               |
|    approx_kl            | 1.6391277e-07 |
|    clip_fraction        | 0             |
|    clip_range           | 0.2           |
|    entropy_loss         | -0.0363       |
|    explained_variance   | 5.96e-08      |
|    learning_rate        | 0.0003        |
|    loss                 | 0.194         |
|    n_updates            | 880           |
|    policy_gradient_loss | -7.1e-09      |
|    value_loss           | 0.406         |
-------------------------------------------
---------------------------------------
| rollout/                |           |
|    ep_len_mean          | 1         |
|    ep_rew_mean          | -0.236    |
| time/                   |           |
|    fps                  | 899       |
|    iterations           | 222       |
|    time_elapsed         | 31        |
|    total_timesteps      | 28416     |
| train/                  |           |
|    approx_kl            | 0.0       |
|    clip_fraction        | 0         |
|    clip_range           | 0.2       |
|    entropy_loss         | -0.0382   |
|    explained_variance   | 0         |
|    learning_rate        | 0.0003    |
|    loss                 | 0.17      |
|    n_updates            | 884       |
|    policy_gradient_loss | -1.37e-08 |
|    value_loss           | 0.376     |
---------------------------------------
--------------------------------------
| rollout/                |          |
|    ep_len_mean          | 1        |
|    ep_rew_mean          | -0.358   |
| time/                   |          |
|    fps                  | 899      |
|    iterations           | 223      |
|    time_elapsed         | 31       |
|    total_timesteps      | 28544    |
| train/                  |          |
|    approx_kl            | 0.0      |
|    clip_fraction        | 0        |
|    clip_range           | 0.2      |
|    entropy_loss         | -0.0386  |
|    explained_variance   | 0        |
|    learning_rate        | 0.0003   |
|    loss                 | 0.196    |
|    n_updates            | 888      |
|    policy_gradient_loss | 2.33e-09 |
|    value_loss           | 0.454    |
--------------------------------------
-------------------------------------------
| rollout/                |               |
|    ep_len_mean          | 1             |
|    ep_rew_mean          | -0.281        |
| time/                   |               |
|    fps                  | 900           |
|    iterations           | 224           |
|    time_elapsed         | 31            |
|    total_timesteps      | 28672         |
| train/                  |               |
|    approx_kl            | 0.00017006136 |
|    clip_fraction        | 0.00195       |
|    clip_range           | 0.2           |
|    entropy_loss         | -0.0413       |
|    explained_variance   | 0             |
|    learning_rate        | 0.0003        |
|    loss                 | 0.286         |
|    n_updates            | 892           |
|    policy_gradient_loss | -0.00133      |
|    value_loss           | 0.399         |
-------------------------------------------
-------------------------------------------
| rollout/                |               |
|    ep_len_mean          | 1             |
|    ep_rew_mean          | -0.297        |
| time/                   |               |
|    fps                  | 900           |
|    iterations           | 225           |
|    time_elapsed         | 31            |
|    total_timesteps      | 28800         |
| train/                  |               |
|    approx_kl            | 2.8755516e-05 |
|    clip_fraction        | 0             |
|    clip_range           | 0.2           |
|    entropy_loss         | -0.0452       |
|    explained_variance   | 0             |
|    learning_rate        | 0.0003        |
|    loss                 | 0.192         |
|    n_updates            | 896           |
|    policy_gradient_loss | -4.72e-05     |
|    value_loss           | 0.408         |
-------------------------------------------
------------------------------------------
| rollout/                |              |
|    ep_len_mean          | 1            |
|    ep_rew_mean          | -0.28        |
| time/                   |              |
|    fps                  | 900          |
|    iterations           | 226          |
|    time_elapsed         | 32           |
|    total_timesteps      | 28928        |
| train/                  |              |
|    approx_kl            | 0.0006182133 |
|    clip_fraction        | 0.00391      |
|    clip_range           | 0.2          |
|    entropy_loss         | -0.0385      |
|    explained_variance   | -1.19e-07    |
|    learning_rate        | 0.0003       |
|    loss                 | 0.233        |
|    n_updates            | 900          |
|    policy_gradient_loss | -0.00133     |
|    value_loss           | 0.394        |
------------------------------------------
-------------------------------------------
| rollout/                |               |
|    ep_len_mean          | 1             |
|    ep_rew_mean          | -0.207        |
| time/                   |               |
|    fps                  | 901           |
|    iterations           | 227           |
|    time_elapsed         | 32            |
|    total_timesteps      | 29056         |
| train/                  |               |
|    approx_kl            | 0.00012214296 |
|    clip_fraction        | 0             |
|    clip_range           | 0.2           |
|    entropy_loss         | -0.031        |
|    explained_variance   | 0             |
|    learning_rate        | 0.0003        |
|    loss                 | 0.229         |
|    n_updates            | 904           |
|    policy_gradient_loss | -0.000409     |
|    value_loss           | 0.404         |
-------------------------------------------
-----------------------------------------
| rollout/                |             |
|    ep_len_mean          | 1           |
|    ep_rew_mean          | -0.237      |
| time/                   |             |
|    fps                  | 900         |
|    iterations           | 228         |
|    time_elapsed         | 32          |
|    total_timesteps      | 29184       |
| train/                  |             |
|    approx_kl            | 3.87677e-05 |
|    clip_fraction        | 0           |
|    clip_range           | 0.2         |
|    entropy_loss         | -0.0291     |
|    explained_variance   | 0           |
|    learning_rate        | 0.0003      |
|    loss                 | 0.215       |
|    n_updates            | 908         |
|    policy_gradient_loss | -0.000386   |
|    value_loss           | 0.491       |
-----------------------------------------
------------------------------------------
| rollout/                |              |
|    ep_len_mean          | 1            |
|    ep_rew_mean          | -0.296       |
| time/                   |              |
|    fps                  | 901          |
|    iterations           | 229          |
|    time_elapsed         | 32           |
|    total_timesteps      | 29312        |
| train/                  |              |
|    approx_kl            | 5.030073e-06 |
|    clip_fraction        | 0            |
|    clip_range           | 0.2          |
|    entropy_loss         | -0.0325      |
|    explained_variance   | 0            |
|    learning_rate        | 0.0003       |
|    loss                 | 0.213        |
|    n_updates            | 912          |
|    policy_gradient_loss | 0.000294     |
|    value_loss           | 0.434        |
------------------------------------------
--------------------------------------
| rollout/                |          |
|    ep_len_mean          | 1        |
|    ep_rew_mean          | -0.265   |
| time/                   |          |
|    fps                  | 901      |
|    iterations           | 230      |
|    time_elapsed         | 32       |
|    total_timesteps      | 29440    |
| train/                  |          |
|    approx_kl            | 0.0      |
|    clip_fraction        | 0        |
|    clip_range           | 0.2      |
|    entropy_loss         | -0.0311  |
|    explained_variance   | 0        |
|    learning_rate        | 0.0003   |
|    loss                 | 0.211    |
|    n_updates            | 916      |
|    policy_gradient_loss | 8.85e-09 |
|    value_loss           | 0.424    |
--------------------------------------
--------------------------------------
| rollout/                |          |
|    ep_len_mean          | 1        |
|    ep_rew_mean          | -0.251   |
| time/                   |          |
|    fps                  | 901      |
|    iterations           | 231      |
|    time_elapsed         | 32       |
|    total_timesteps      | 29568    |
| train/                  |          |
|    approx_kl            | 0.0      |
|    clip_fraction        | 0        |
|    clip_range           | 0.2      |
|    entropy_loss         | -0.0304  |
|    explained_variance   | 5.96e-08 |
|    learning_rate        | 0.0003   |
|    loss                 | 0.195    |
|    n_updates            | 920      |
|    policy_gradient_loss | 3.73e-09 |
|    value_loss           | 0.449    |
--------------------------------------
------------------------------------------
| rollout/                |              |
|    ep_len_mean          | 1            |
|    ep_rew_mean          | -0.33        |
| time/                   |              |
|    fps                  | 901          |
|    iterations           | 232          |
|    time_elapsed         | 32           |
|    total_timesteps      | 29696        |
| train/                  |              |
|    approx_kl            | 6.805919e-05 |
|    clip_fraction        | 0            |
|    clip_range           | 0.2          |
|    entropy_loss         | -0.0321      |
|    explained_variance   | 0            |
|    learning_rate        | 0.0003       |
|    loss                 | 0.148        |
|    n_updates            | 924          |
|    policy_gradient_loss | -0.000911    |
|    value_loss           | 0.439        |
------------------------------------------
-------------------------------------------
| rollout/                |               |
|    ep_len_mean          | 1             |
|    ep_rew_mean          | -0.328        |
| time/                   |               |
|    fps                  | 901           |
|    iterations           | 233           |
|    time_elapsed         | 33            |
|    total_timesteps      | 29824         |
| train/                  |               |
|    approx_kl            | 1.3890676e-06 |
|    clip_fraction        | 0             |
|    clip_range           | 0.2           |
|    entropy_loss         | -0.0381       |
|    explained_variance   | 0             |
|    learning_rate        | 0.0003        |
|    loss                 | 0.153         |
|    n_updates            | 928           |
|    policy_gradient_loss | 6.31e-05      |
|    value_loss           | 0.387         |
-------------------------------------------
---------------------------------------
| rollout/                |           |
|    ep_len_mean          | 1         |
|    ep_rew_mean          | -0.264    |
| time/                   |           |
|    fps                  | 901       |
|    iterations           | 234       |
|    time_elapsed         | 33        |
|    total_timesteps      | 29952     |
| train/                  |           |
|    approx_kl            | 0.0       |
|    clip_fraction        | 0         |
|    clip_range           | 0.2       |
|    entropy_loss         | -0.0383   |
|    explained_variance   | 0         |
|    learning_rate        | 0.0003    |
|    loss                 | 0.113     |
|    n_updates            | 932       |
|    policy_gradient_loss | -3.03e-09 |
|    value_loss           | 0.397     |
---------------------------------------
-------------------------------------------
| rollout/                |               |
|    ep_len_mean          | 1             |
|    ep_rew_mean          | -0.236        |
| time/                   |               |
|    fps                  | 900           |
|    iterations           | 235           |
|    time_elapsed         | 33            |
|    total_timesteps      | 30080         |
| train/                  |               |
|    approx_kl            | 2.6346184e-05 |
|    clip_fraction        | 0             |
|    clip_range           | 0.2           |
|    entropy_loss         | -0.0372       |
|    explained_variance   | 0             |
|    learning_rate        | 0.0003        |
|    loss                 | 0.21          |
|    n_updates            | 936           |
|    policy_gradient_loss | -0.000146     |
|    value_loss           | 0.395         |
-------------------------------------------
---------------------------------------
| rollout/                |           |
|    ep_len_mean          | 1         |
|    ep_rew_mean          | -0.296    |
| time/                   |           |
|    fps                  | 900       |
|    iterations           | 236       |
|    time_elapsed         | 33        |
|    total_timesteps      | 30208     |
| train/                  |           |
|    approx_kl            | 0.0       |
|    clip_fraction        | 0         |
|    clip_range           | 0.2       |
|    entropy_loss         | -0.0343   |
|    explained_variance   | 0         |
|    learning_rate        | 0.0003    |
|    loss                 | 0.26      |
|    n_updates            | 940       |
|    policy_gradient_loss | -9.31e-10 |
|    value_loss           | 0.448     |
---------------------------------------
--------------------------------------
| rollout/                |          |
|    ep_len_mean          | 1        |
|    ep_rew_mean          | -0.296   |
| time/                   |          |
|    fps                  | 901      |
|    iterations           | 237      |
|    time_elapsed         | 33       |
|    total_timesteps      | 30336    |
| train/                  |          |
|    approx_kl            | 0.0      |
|    clip_fraction        | 0        |
|    clip_range           | 0.2      |
|    entropy_loss         | -0.0333  |
|    explained_variance   | 0        |
|    learning_rate        | 0.0003   |
|    loss                 | 0.284    |
|    n_updates            | 944      |
|    policy_gradient_loss | 4.42e-09 |
|    value_loss           | 0.417    |
--------------------------------------
------------------------------------------
| rollout/                |              |
|    ep_len_mean          | 1            |
|    ep_rew_mean          | -0.308       |
| time/                   |              |
|    fps                  | 901          |
|    iterations           | 238          |
|    time_elapsed         | 33           |
|    total_timesteps      | 30464        |
| train/                  |              |
|    approx_kl            | 5.177129e-05 |
|    clip_fraction        | 0            |
|    clip_range           | 0.2          |
|    entropy_loss         | -0.034       |
|    explained_variance   | 0            |
|    learning_rate        | 0.0003       |
|    loss                 | 0.273        |
|    n_updates            | 948          |
|    policy_gradient_loss | -0.000402    |
|    value_loss           | 0.405        |
------------------------------------------
-------------------------------------------
| rollout/                |               |
|    ep_len_mean          | 1             |
|    ep_rew_mean          | -0.268        |
| time/                   |               |
|    fps                  | 901           |
|    iterations           | 239           |
|    time_elapsed         | 33            |
|    total_timesteps      | 30592         |
| train/                  |               |
|    approx_kl            | 1.1920929e-07 |
|    clip_fraction        | 0             |
|    clip_range           | 0.2           |
|    entropy_loss         | -0.038        |
|    explained_variance   | 0             |
|    learning_rate        | 0.0003        |
|    loss                 | 0.135         |
|    n_updates            | 952           |
|    policy_gradient_loss | 5.82e-09      |
|    value_loss           | 0.398         |
-------------------------------------------
---------------------------------------
| rollout/                |           |
|    ep_len_mean          | 1         |
|    ep_rew_mean          | -0.341    |
| time/                   |           |
|    fps                  | 901       |
|    iterations           | 240       |
|    time_elapsed         | 34        |
|    total_timesteps      | 30720     |
| train/                  |           |
|    approx_kl            | 0.0       |
|    clip_fraction        | 0         |
|    clip_range           | 0.2       |
|    entropy_loss         | -0.0397   |
|    explained_variance   | 0         |
|    learning_rate        | 0.0003    |
|    loss                 | 0.215     |
|    n_updates            | 956       |
|    policy_gradient_loss | -6.87e-09 |
|    value_loss           | 0.481     |
---------------------------------------
---------------------------------------
| rollout/                |           |
|    ep_len_mean          | 1         |
|    ep_rew_mean          | -0.221    |
| time/                   |           |
|    fps                  | 900       |
|    iterations           | 241       |
|    time_elapsed         | 34        |
|    total_timesteps      | 30848     |
| train/                  |           |
|    approx_kl            | 0.0       |
|    clip_fraction        | 0         |
|    clip_range           | 0.2       |
|    entropy_loss         | -0.0401   |
|    explained_variance   | -1.19e-07 |
|    learning_rate        | 0.0003    |
|    loss                 | 0.193     |
|    n_updates            | 960       |
|    policy_gradient_loss | 2.1e-09   |
|    value_loss           | 0.41      |
---------------------------------------
-------------------------------------------
| rollout/                |               |
|    ep_len_mean          | 1             |
|    ep_rew_mean          | -0.297        |
| time/                   |               |
|    fps                  | 900           |
|    iterations           | 242           |
|    time_elapsed         | 34            |
|    total_timesteps      | 30976         |
| train/                  |               |
|    approx_kl            | 2.3197848e-05 |
|    clip_fraction        | 0             |
|    clip_range           | 0.2           |
|    entropy_loss         | -0.0389       |
|    explained_variance   | 0             |
|    learning_rate        | 0.0003        |
|    loss                 | 0.21          |
|    n_updates            | 964           |
|    policy_gradient_loss | -0.000181     |
|    value_loss           | 0.479         |
-------------------------------------------
-------------------------------------------
| rollout/                |               |
|    ep_len_mean          | 1             |
|    ep_rew_mean          | -0.161        |
| time/                   |               |
|    fps                  | 901           |
|    iterations           | 243           |
|    time_elapsed         | 34            |
|    total_timesteps      | 31104         |
| train/                  |               |
|    approx_kl            | 0.00011293031 |
|    clip_fraction        | 0             |
|    clip_range           | 0.2           |
|    entropy_loss         | -0.0345       |
|    explained_variance   | 5.96e-08      |
|    learning_rate        | 0.0003        |
|    loss                 | 0.266         |
|    n_updates            | 968           |
|    policy_gradient_loss | -0.000333     |
|    value_loss           | 0.426         |
-------------------------------------------
---------------------------------------
| rollout/                |           |
|    ep_len_mean          | 1         |
|    ep_rew_mean          | -0.252    |
| time/                   |           |
|    fps                  | 901       |
|    iterations           | 244       |
|    time_elapsed         | 34        |
|    total_timesteps      | 31232     |
| train/                  |           |
|    approx_kl            | 0.0       |
|    clip_fraction        | 0         |
|    clip_range           | 0.2       |
|    entropy_loss         | -0.0315   |
|    explained_variance   | -2.38e-07 |
|    learning_rate        | 0.0003    |
|    loss                 | 0.185     |
|    n_updates            | 972       |
|    policy_gradient_loss | -1.11e-08 |
|    value_loss           | 0.489     |
---------------------------------------
-------------------------------------------
| rollout/                |               |
|    ep_len_mean          | 1             |
|    ep_rew_mean          | -0.282        |
| time/                   |               |
|    fps                  | 902           |
|    iterations           | 245           |
|    time_elapsed         | 34            |
|    total_timesteps      | 31360         |
| train/                  |               |
|    approx_kl            | 7.6730736e-05 |
|    clip_fraction        | 0             |
|    clip_range           | 0.2           |
|    entropy_loss         | -0.0295       |
|    explained_variance   | 1.19e-07      |
|    learning_rate        | 0.0003        |
|    loss                 | 0.194         |
|    n_updates            | 976           |
|    policy_gradient_loss | -0.000292     |
|    value_loss           | 0.442         |
-------------------------------------------
--------------------------------------
| rollout/                |          |
|    ep_len_mean          | 1        |
|    ep_rew_mean          | -0.4     |
| time/                   |          |
|    fps                  | 901      |
|    iterations           | 246      |
|    time_elapsed         | 34       |
|    total_timesteps      | 31488    |
| train/                  |          |
|    approx_kl            | 0.0      |
|    clip_fraction        | 0        |
|    clip_range           | 0.2      |
|    entropy_loss         | -0.0264  |
|    explained_variance   | 0        |
|    learning_rate        | 0.0003   |
|    loss                 | 0.193    |
|    n_updates            | 980      |
|    policy_gradient_loss | 3.96e-09 |
|    value_loss           | 0.377    |
--------------------------------------
--------------------------------------
| rollout/                |          |
|    ep_len_mean          | 1        |
|    ep_rew_mean          | -0.282   |
| time/                   |          |
|    fps                  | 901      |
|    iterations           | 247      |
|    time_elapsed         | 35       |
|    total_timesteps      | 31616    |
| train/                  |          |
|    approx_kl            | 0.0      |
|    clip_fraction        | 0        |
|    clip_range           | 0.2      |
|    entropy_loss         | -0.0255  |
|    explained_variance   | 0        |
|    learning_rate        | 0.0003   |
|    loss                 | 0.237    |
|    n_updates            | 984      |
|    policy_gradient_loss | 7.33e-09 |
|    value_loss           | 0.364    |
--------------------------------------
---------------------------------------
| rollout/                |           |
|    ep_len_mean          | 1         |
|    ep_rew_mean          | -0.132    |
| time/                   |           |
|    fps                  | 902       |
|    iterations           | 248       |
|    time_elapsed         | 35        |
|    total_timesteps      | 31744     |
| train/                  |           |
|    approx_kl            | 0.0       |
|    clip_fraction        | 0         |
|    clip_range           | 0.2       |
|    entropy_loss         | -0.0253   |
|    explained_variance   | -1.19e-07 |
|    learning_rate        | 0.0003    |
|    loss                 | 0.241     |
|    n_updates            | 988       |
|    policy_gradient_loss | -6.4e-09  |
|    value_loss           | 0.443     |
---------------------------------------
------------------------------------------
| rollout/                |              |
|    ep_len_mean          | 1            |
|    ep_rew_mean          | -0.163       |
| time/                   |              |
|    fps                  | 901          |
|    iterations           | 249          |
|    time_elapsed         | 35           |
|    total_timesteps      | 31872        |
| train/                  |              |
|    approx_kl            | 0.0017656647 |
|    clip_fraction        | 0.0117       |
|    clip_range           | 0.2          |
|    entropy_loss         | -0.0298      |
|    explained_variance   | 1.19e-07     |
|    learning_rate        | 0.0003       |
|    loss                 | 0.256        |
|    n_updates            | 992          |
|    policy_gradient_loss | -0.00404     |
|    value_loss           | 0.518        |
------------------------------------------
------------------------------------------
| rollout/                |              |
|    ep_len_mean          | 1            |
|    ep_rew_mean          | -0.34        |
| time/                   |              |
|    fps                  | 901          |
|    iterations           | 250          |
|    time_elapsed         | 35           |
|    total_timesteps      | 32000        |
| train/                  |              |
|    approx_kl            | 0.0003075851 |
|    clip_fraction        | 0.00391      |
|    clip_range           | 0.2          |
|    entropy_loss         | -0.0403      |
|    explained_variance   | 5.96e-08     |
|    learning_rate        | 0.0003       |
|    loss                 | 0.229        |
|    n_updates            | 996          |
|    policy_gradient_loss | -0.00168     |
|    value_loss           | 0.465        |
------------------------------------------
-------------------------------------------
| rollout/                |               |
|    ep_len_mean          | 1             |
|    ep_rew_mean          | -0.191        |
| time/                   |               |
|    fps                  | 902           |
|    iterations           | 251           |
|    time_elapsed         | 35            |
|    total_timesteps      | 32128         |
| train/                  |               |
|    approx_kl            | 0.00037672604 |
|    clip_fraction        | 0.00195       |
|    clip_range           | 0.2           |
|    entropy_loss         | -0.0494       |
|    explained_variance   | 5.96e-08      |
|    learning_rate        | 0.0003        |
|    loss                 | 0.278         |
|    n_updates            | 1000          |
|    policy_gradient_loss | -0.00115      |
|    value_loss           | 0.431         |
-------------------------------------------
-------------------------------------------
| rollout/                |               |
|    ep_len_mean          | 1             |
|    ep_rew_mean          | -0.268        |
| time/                   |               |
|    fps                  | 902           |
|    iterations           | 252           |
|    time_elapsed         | 35            |
|    total_timesteps      | 32256         |
| train/                  |               |
|    approx_kl            | 3.5762787e-07 |
|    clip_fraction        | 0             |
|    clip_range           | 0.2           |
|    entropy_loss         | -0.0589       |
|    explained_variance   | 0             |
|    learning_rate        | 0.0003        |
|    loss                 | 0.274         |
|    n_updates            | 1004          |
|    policy_gradient_loss | -8.73e-09     |
|    value_loss           | 0.456         |
-------------------------------------------
-------------------------------------------
| rollout/                |               |
|    ep_len_mean          | 1             |
|    ep_rew_mean          | -0.266        |
| time/                   |               |
|    fps                  | 903           |
|    iterations           | 253           |
|    time_elapsed         | 35            |
|    total_timesteps      | 32384         |
| train/                  |               |
|    approx_kl            | 0.00017381134 |
|    clip_fraction        | 0.00195       |
|    clip_range           | 0.2           |
|    entropy_loss         | -0.0659       |
|    explained_variance   | 0             |
|    learning_rate        | 0.0003        |
|    loss                 | 0.214         |
|    n_updates            | 1008          |
|    policy_gradient_loss | -0.00139      |
|    value_loss           | 0.449         |
-------------------------------------------
------------------------------------------
| rollout/                |              |
|    ep_len_mean          | 1            |
|    ep_rew_mean          | -0.297       |
| time/                   |              |
|    fps                  | 903          |
|    iterations           | 254          |
|    time_elapsed         | 35           |
|    total_timesteps      | 32512        |
| train/                  |              |
|    approx_kl            | 7.026829e-06 |
|    clip_fraction        | 0            |
|    clip_range           | 0.2          |
|    entropy_loss         | -0.0757      |
|    explained_variance   | 0            |
|    learning_rate        | 0.0003       |
|    loss                 | 0.136        |
|    n_updates            | 1012         |
|    policy_gradient_loss | 0.00017      |
|    value_loss           | 0.406        |
------------------------------------------
-------------------------------------------
| rollout/                |               |
|    ep_len_mean          | 1             |
|    ep_rew_mean          | -0.267        |
| time/                   |               |
|    fps                  | 904           |
|    iterations           | 255           |
|    time_elapsed         | 36            |
|    total_timesteps      | 32640         |
| train/                  |               |
|    approx_kl            | 5.8918726e-05 |
|    clip_fraction        | 0             |
|    clip_range           | 0.2           |
|    entropy_loss         | -0.0714       |
|    explained_variance   | 0             |
|    learning_rate        | 0.0003        |
|    loss                 | 0.311         |
|    n_updates            | 1016          |
|    policy_gradient_loss | -0.000351     |
|    value_loss           | 0.405         |
-------------------------------------------
------------------------------------------
| rollout/                |              |
|    ep_len_mean          | 1            |
|    ep_rew_mean          | -0.237       |
| time/                   |              |
|    fps                  | 904          |
|    iterations           | 256          |
|    time_elapsed         | 36           |
|    total_timesteps      | 32768        |
| train/                  |              |
|    approx_kl            | 0.0005207113 |
|    clip_fraction        | 0.00391      |
|    clip_range           | 0.2          |
|    entropy_loss         | -0.0601      |
|    explained_variance   | 1.19e-07     |
|    learning_rate        | 0.0003       |
|    loss                 | 0.225        |
|    n_updates            | 1020         |
|    policy_gradient_loss | -0.00125     |
|    value_loss           | 0.46         |
------------------------------------------
-------------------------------------------
| rollout/                |               |
|    ep_len_mean          | 1             |
|    ep_rew_mean          | -0.177        |
| time/                   |               |
|    fps                  | 904           |
|    iterations           | 257           |
|    time_elapsed         | 36            |
|    total_timesteps      | 32896         |
| train/                  |               |
|    approx_kl            | 2.9802322e-07 |
|    clip_fraction        | 0             |
|    clip_range           | 0.2           |
|    entropy_loss         | -0.0504       |
|    explained_variance   | 5.96e-08      |
|    learning_rate        | 0.0003        |
|    loss                 | 0.229         |
|    n_updates            | 1024          |
|    policy_gradient_loss | -2.91e-09     |
|    value_loss           | 0.472         |
-------------------------------------------
---------------------------------------
| rollout/                |           |
|    ep_len_mean          | 1         |
|    ep_rew_mean          | -0.236    |
| time/                   |           |
|    fps                  | 904       |
|    iterations           | 258       |
|    time_elapsed         | 36        |
|    total_timesteps      | 33024     |
| train/                  |           |
|    approx_kl            | 0.0       |
|    clip_fraction        | 0         |
|    clip_range           | 0.2       |
|    entropy_loss         | -0.0482   |
|    explained_variance   | 0         |
|    learning_rate        | 0.0003    |
|    loss                 | 0.298     |
|    n_updates            | 1028      |
|    policy_gradient_loss | -4.19e-09 |
|    value_loss           | 0.484     |
---------------------------------------
---------------------------------------
| rollout/                |           |
|    ep_len_mean          | 1         |
|    ep_rew_mean          | -0.164    |
| time/                   |           |
|    fps                  | 905       |
|    iterations           | 259       |
|    time_elapsed         | 36        |
|    total_timesteps      | 33152     |
| train/                  |           |
|    approx_kl            | 0.0       |
|    clip_fraction        | 0         |
|    clip_range           | 0.2       |
|    entropy_loss         | -0.0478   |
|    explained_variance   | 0         |
|    learning_rate        | 0.0003    |
|    loss                 | 0.213     |
|    n_updates            | 1032      |
|    policy_gradient_loss | -5.12e-09 |
|    value_loss           | 0.449     |
---------------------------------------
---------------------------------------
| rollout/                |           |
|    ep_len_mean          | 1         |
|    ep_rew_mean          | -0.268    |
| time/                   |           |
|    fps                  | 906       |
|    iterations           | 260       |
|    time_elapsed         | 36        |
|    total_timesteps      | 33280     |
| train/                  |           |
|    approx_kl            | 0.0       |
|    clip_fraction        | 0         |
|    clip_range           | 0.2       |
|    entropy_loss         | -0.0478   |
|    explained_variance   | 0         |
|    learning_rate        | 0.0003    |
|    loss                 | 0.27      |
|    n_updates            | 1036      |
|    policy_gradient_loss | -4.89e-09 |
|    value_loss           | 0.493     |
---------------------------------------
---------------------------------------
| rollout/                |           |
|    ep_len_mean          | 1         |
|    ep_rew_mean          | -0.252    |
| time/                   |           |
|    fps                  | 906       |
|    iterations           | 261       |
|    time_elapsed         | 36        |
|    total_timesteps      | 33408     |
| train/                  |           |
|    approx_kl            | 0.0       |
|    clip_fraction        | 0         |
|    clip_range           | 0.2       |
|    entropy_loss         | -0.0477   |
|    explained_variance   | 0         |
|    learning_rate        | 0.0003    |
|    loss                 | 0.118     |
|    n_updates            | 1040      |
|    policy_gradient_loss | -1.98e-09 |
|    value_loss           | 0.427     |
---------------------------------------
---------------------------------------
| rollout/                |           |
|    ep_len_mean          | 1         |
|    ep_rew_mean          | -0.164    |
| time/                   |           |
|    fps                  | 907       |
|    iterations           | 262       |
|    time_elapsed         | 36        |
|    total_timesteps      | 33536     |
| train/                  |           |
|    approx_kl            | 0.0       |
|    clip_fraction        | 0         |
|    clip_range           | 0.2       |
|    entropy_loss         | -0.0477   |
|    explained_variance   | -1.19e-07 |
|    learning_rate        | 0.0003    |
|    loss                 | 0.309     |
|    n_updates            | 1044      |
|    policy_gradient_loss | -2.56e-09 |
|    value_loss           | 0.455     |
---------------------------------------
---------------------------------------
| rollout/                |           |
|    ep_len_mean          | 1         |
|    ep_rew_mean          | -0.312    |
| time/                   |           |
|    fps                  | 907       |
|    iterations           | 263       |
|    time_elapsed         | 37        |
|    total_timesteps      | 33664     |
| train/                  |           |
|    approx_kl            | 0.0       |
|    clip_fraction        | 0         |
|    clip_range           | 0.2       |
|    entropy_loss         | -0.0477   |
|    explained_variance   | 0         |
|    learning_rate        | 0.0003    |
|    loss                 | 0.19      |
|    n_updates            | 1048      |
|    policy_gradient_loss | -2.79e-09 |
|    value_loss           | 0.478     |
---------------------------------------
------------------------------------------
| rollout/                |              |
|    ep_len_mean          | 1            |
|    ep_rew_mean          | -0.265       |
| time/                   |              |
|    fps                  | 907          |
|    iterations           | 264          |
|    time_elapsed         | 37           |
|    total_timesteps      | 33792        |
| train/                  |              |
|    approx_kl            | 0.0002611163 |
|    clip_fraction        | 0.00195      |
|    clip_range           | 0.2          |
|    entropy_loss         | -0.0509      |
|    explained_variance   | 0            |
|    learning_rate        | 0.0003       |
|    loss                 | 0.212        |
|    n_updates            | 1052         |
|    policy_gradient_loss | -0.000528    |
|    value_loss           | 0.427        |
------------------------------------------
-------------------------------------------
| rollout/                |               |
|    ep_len_mean          | 1             |
|    ep_rew_mean          | -0.341        |
| time/                   |               |
|    fps                  | 907           |
|    iterations           | 265           |
|    time_elapsed         | 37            |
|    total_timesteps      | 33920         |
| train/                  |               |
|    approx_kl            | 0.00036390405 |
|    clip_fraction        | 0.00391       |
|    clip_range           | 0.2           |
|    entropy_loss         | -0.0651       |
|    explained_variance   | 5.96e-08      |
|    learning_rate        | 0.0003        |
|    loss                 | 0.159         |
|    n_updates            | 1056          |
|    policy_gradient_loss | -0.00146      |
|    value_loss           | 0.442         |
-------------------------------------------
-------------------------------------------
| rollout/                |               |
|    ep_len_mean          | 1             |
|    ep_rew_mean          | -0.236        |
| time/                   |               |
|    fps                  | 907           |
|    iterations           | 266           |
|    time_elapsed         | 37            |
|    total_timesteps      | 34048         |
| train/                  |               |
|    approx_kl            | 2.8684735e-07 |
|    clip_fraction        | 0             |
|    clip_range           | 0.2           |
|    entropy_loss         | -0.0737       |
|    explained_variance   | -1.19e-07     |
|    learning_rate        | 0.0003        |
|    loss                 | 0.172         |
|    n_updates            | 1060          |
|    policy_gradient_loss | 6.61e-05      |
|    value_loss           | 0.348         |
-------------------------------------------
-------------------------------------------
| rollout/                |               |
|    ep_len_mean          | 1             |
|    ep_rew_mean          | -0.103        |
| time/                   |               |
|    fps                  | 907           |
|    iterations           | 267           |
|    time_elapsed         | 37            |
|    total_timesteps      | 34176         |
| train/                  |               |
|    approx_kl            | 0.00057258643 |
|    clip_fraction        | 0.00586       |
|    clip_range           | 0.2           |
|    entropy_loss         | -0.0777       |
|    explained_variance   | 0             |
|    learning_rate        | 0.0003        |
|    loss                 | 0.309         |
|    n_updates            | 1064          |
|    policy_gradient_loss | -0.0013       |
|    value_loss           | 0.506         |
-------------------------------------------
-------------------------------------------
| rollout/                |               |
|    ep_len_mean          | 1             |
|    ep_rew_mean          | -0.266        |
| time/                   |               |
|    fps                  | 908           |
|    iterations           | 268           |
|    time_elapsed         | 37            |
|    total_timesteps      | 34304         |
| train/                  |               |
|    approx_kl            | 0.00065529114 |
|    clip_fraction        | 0.00781       |
|    clip_range           | 0.2           |
|    entropy_loss         | -0.0926       |
|    explained_variance   | 0             |
|    learning_rate        | 0.0003        |
|    loss                 | 0.286         |
|    n_updates            | 1068          |
|    policy_gradient_loss | -0.000672     |
|    value_loss           | 0.548         |
-------------------------------------------
-------------------------------------------
| rollout/                |               |
|    ep_len_mean          | 1             |
|    ep_rew_mean          | -0.25         |
| time/                   |               |
|    fps                  | 908           |
|    iterations           | 269           |
|    time_elapsed         | 37            |
|    total_timesteps      | 34432         |
| train/                  |               |
|    approx_kl            | 0.00018930435 |
|    clip_fraction        | 0.00195       |
|    clip_range           | 0.2           |
|    entropy_loss         | -0.108        |
|    explained_variance   | 0             |
|    learning_rate        | 0.0003        |
|    loss                 | 0.215         |
|    n_updates            | 1072          |
|    policy_gradient_loss | -0.00116      |
|    value_loss           | 0.461         |
-------------------------------------------
-----------------------------------------
| rollout/                |             |
|    ep_len_mean          | 1           |
|    ep_rew_mean          | -0.206      |
| time/                   |             |
|    fps                  | 909         |
|    iterations           | 270         |
|    time_elapsed         | 38          |
|    total_timesteps      | 34560       |
| train/                  |             |
|    approx_kl            | 0.003479037 |
|    clip_fraction        | 0.0195      |
|    clip_range           | 0.2         |
|    entropy_loss         | -0.141      |
|    explained_variance   | 2.38e-07    |
|    learning_rate        | 0.0003      |
|    loss                 | 0.238       |
|    n_updates            | 1076        |
|    policy_gradient_loss | -0.0038     |
|    value_loss           | 0.452       |
-----------------------------------------
-------------------------------------------
| rollout/                |               |
|    ep_len_mean          | 1             |
|    ep_rew_mean          | -0.327        |
| time/                   |               |
|    fps                  | 909           |
|    iterations           | 271           |
|    time_elapsed         | 38            |
|    total_timesteps      | 34688         |
| train/                  |               |
|    approx_kl            | 0.00033864938 |
|    clip_fraction        | 0.00195       |
|    clip_range           | 0.2           |
|    entropy_loss         | -0.16         |
|    explained_variance   | 1.19e-07      |
|    learning_rate        | 0.0003        |
|    loss                 | 0.209         |
|    n_updates            | 1080          |
|    policy_gradient_loss | -0.0014       |
|    value_loss           | 0.465         |
-------------------------------------------
------------------------------------------
| rollout/                |              |
|    ep_len_mean          | 1            |
|    ep_rew_mean          | -0.192       |
| time/                   |              |
|    fps                  | 909          |
|    iterations           | 272          |
|    time_elapsed         | 38           |
|    total_timesteps      | 34816        |
| train/                  |              |
|    approx_kl            | 0.0011337064 |
|    clip_fraction        | 0.00781      |
|    clip_range           | 0.2          |
|    entropy_loss         | -0.139       |
|    explained_variance   | -1.19e-07    |
|    learning_rate        | 0.0003       |
|    loss                 | 0.154        |
|    n_updates            | 1084         |
|    policy_gradient_loss | -0.00157     |
|    value_loss           | 0.409        |
------------------------------------------
-------------------------------------------
| rollout/                |               |
|    ep_len_mean          | 1             |
|    ep_rew_mean          | -0.417        |
| time/                   |               |
|    fps                  | 909           |
|    iterations           | 273           |
|    time_elapsed         | 38            |
|    total_timesteps      | 34944         |
| train/                  |               |
|    approx_kl            | 0.00035284786 |
|    clip_fraction        | 0.00195       |
|    clip_range           | 0.2           |
|    entropy_loss         | -0.129        |
|    explained_variance   | 0             |
|    learning_rate        | 0.0003        |
|    loss                 | 0.236         |
|    n_updates            | 1088          |
|    policy_gradient_loss | -0.00105      |
|    value_loss           | 0.439         |
-------------------------------------------
------------------------------------------
| rollout/                |              |
|    ep_len_mean          | 1            |
|    ep_rew_mean          | -0.221       |
| time/                   |              |
|    fps                  | 910          |
|    iterations           | 274          |
|    time_elapsed         | 38           |
|    total_timesteps      | 35072        |
| train/                  |              |
|    approx_kl            | 0.0009025759 |
|    clip_fraction        | 0.00391      |
|    clip_range           | 0.2          |
|    entropy_loss         | -0.151       |
|    explained_variance   | 0            |
|    learning_rate        | 0.0003       |
|    loss                 | 0.172        |
|    n_updates            | 1092         |
|    policy_gradient_loss | -0.0015      |
|    value_loss           | 0.349        |
------------------------------------------
------------------------------------------
| rollout/                |              |
|    ep_len_mean          | 1            |
|    ep_rew_mean          | -0.297       |
| time/                   |              |
|    fps                  | 910          |
|    iterations           | 275          |
|    time_elapsed         | 38           |
|    total_timesteps      | 35200        |
| train/                  |              |
|    approx_kl            | 8.514803e-05 |
|    clip_fraction        | 0            |
|    clip_range           | 0.2          |
|    entropy_loss         | -0.153       |
|    explained_variance   | -1.19e-07    |
|    learning_rate        | 0.0003       |
|    loss                 | 0.158        |
|    n_updates            | 1096         |
|    policy_gradient_loss | -0.00042     |
|    value_loss           | 0.458        |
------------------------------------------
-------------------------------------------
| rollout/                |               |
|    ep_len_mean          | 1             |
|    ep_rew_mean          | -0.31         |
| time/                   |               |
|    fps                  | 910           |
|    iterations           | 276           |
|    time_elapsed         | 38            |
|    total_timesteps      | 35328         |
| train/                  |               |
|    approx_kl            | 0.00047742948 |
|    clip_fraction        | 0.00391       |
|    clip_range           | 0.2           |
|    entropy_loss         | -0.128        |
|    explained_variance   | -2.38e-07     |
|    learning_rate        | 0.0003        |
|    loss                 | 0.244         |
|    n_updates            | 1100          |
|    policy_gradient_loss | -0.00114      |
|    value_loss           | 0.433         |
-------------------------------------------
------------------------------------------
| rollout/                |              |
|    ep_len_mean          | 1            |
|    ep_rew_mean          | -0.237       |
| time/                   |              |
|    fps                  | 911          |
|    iterations           | 277          |
|    time_elapsed         | 38           |
|    total_timesteps      | 35456        |
| train/                  |              |
|    approx_kl            | 0.0003957064 |
|    clip_fraction        | 0.00391      |
|    clip_range           | 0.2          |
|    entropy_loss         | -0.106       |
|    explained_variance   | 0            |
|    learning_rate        | 0.0003       |
|    loss                 | 0.0916       |
|    n_updates            | 1104         |
|    policy_gradient_loss | -0.000779    |
|    value_loss           | 0.377        |
------------------------------------------
------------------------------------------
| rollout/                |              |
|    ep_len_mean          | 1            |
|    ep_rew_mean          | -0.221       |
| time/                   |              |
|    fps                  | 912          |
|    iterations           | 278          |
|    time_elapsed         | 39           |
|    total_timesteps      | 35584        |
| train/                  |              |
|    approx_kl            | 0.0010806252 |
|    clip_fraction        | 0.00586      |
|    clip_range           | 0.2          |
|    entropy_loss         | -0.105       |
|    explained_variance   | -1.19e-07    |
|    learning_rate        | 0.0003       |
|    loss                 | 0.219        |
|    n_updates            | 1108         |
|    policy_gradient_loss | -0.00351     |
|    value_loss           | 0.453        |
------------------------------------------
-------------------------------------------
| rollout/                |               |
|    ep_len_mean          | 1             |
|    ep_rew_mean          | -0.177        |
| time/                   |               |
|    fps                  | 912           |
|    iterations           | 279           |
|    time_elapsed         | 39            |
|    total_timesteps      | 35712         |
| train/                  |               |
|    approx_kl            | 0.00029159756 |
|    clip_fraction        | 0.00586       |
|    clip_range           | 0.2           |
|    entropy_loss         | -0.139        |
|    explained_variance   | 0             |
|    learning_rate        | 0.0003        |
|    loss                 | 0.214         |
|    n_updates            | 1112          |
|    policy_gradient_loss | -0.00176      |
|    value_loss           | 0.462         |
-------------------------------------------
-------------------------------------------
| rollout/                |               |
|    ep_len_mean          | 1             |
|    ep_rew_mean          | -0.31         |
| time/                   |               |
|    fps                  | 913           |
|    iterations           | 280           |
|    time_elapsed         | 39            |
|    total_timesteps      | 35840         |
| train/                  |               |
|    approx_kl            | 3.8092025e-05 |
|    clip_fraction        | 0             |
|    clip_range           | 0.2           |
|    entropy_loss         | -0.151        |
|    explained_variance   | 0             |
|    learning_rate        | 0.0003        |
|    loss                 | 0.242         |
|    n_updates            | 1116          |
|    policy_gradient_loss | 0.000175      |
|    value_loss           | 0.503         |
-------------------------------------------
-------------------------------------------
| rollout/                |               |
|    ep_len_mean          | 1.01          |
|    ep_rew_mean          | -0.146        |
| time/                   |               |
|    fps                  | 913           |
|    iterations           | 281           |
|    time_elapsed         | 39            |
|    total_timesteps      | 35968         |
| train/                  |               |
|    approx_kl            | 0.00017914968 |
|    clip_fraction        | 0             |
|    clip_range           | 0.2           |
|    entropy_loss         | -0.147        |
|    explained_variance   | 0             |
|    learning_rate        | 0.0003        |
|    loss                 | 0.143         |
|    n_updates            | 1120          |
|    policy_gradient_loss | -0.000566     |
|    value_loss           | 0.418         |
-------------------------------------------
------------------------------------------
| rollout/                |              |
|    ep_len_mean          | 1            |
|    ep_rew_mean          | -0.163       |
| time/                   |              |
|    fps                  | 913          |
|    iterations           | 282          |
|    time_elapsed         | 39           |
|    total_timesteps      | 36096        |
| train/                  |              |
|    approx_kl            | 0.0004287213 |
|    clip_fraction        | 0.00391      |
|    clip_range           | 0.2          |
|    entropy_loss         | -0.157       |
|    explained_variance   | -0.00144     |
|    learning_rate        | 0.0003       |
|    loss                 | 0.272        |
|    n_updates            | 1124         |
|    policy_gradient_loss | -0.00166     |
|    value_loss           | 0.498        |
------------------------------------------
------------------------------------------
| rollout/                |              |
|    ep_len_mean          | 1            |
|    ep_rew_mean          | -0.281       |
| time/                   |              |
|    fps                  | 913          |
|    iterations           | 283          |
|    time_elapsed         | 39           |
|    total_timesteps      | 36224        |
| train/                  |              |
|    approx_kl            | 0.0005672476 |
|    clip_fraction        | 0.00586      |
|    clip_range           | 0.2          |
|    entropy_loss         | -0.132       |
|    explained_variance   | 0            |
|    learning_rate        | 0.0003       |
|    loss                 | 0.252        |
|    n_updates            | 1128         |
|    policy_gradient_loss | -0.00152     |
|    value_loss           | 0.497        |
------------------------------------------
------------------------------------------
| rollout/                |              |
|    ep_len_mean          | 1.01         |
|    ep_rew_mean          | -0.238       |
| time/                   |              |
|    fps                  | 914          |
|    iterations           | 284          |
|    time_elapsed         | 39           |
|    total_timesteps      | 36352        |
| train/                  |              |
|    approx_kl            | 5.088281e-05 |
|    clip_fraction        | 0            |
|    clip_range           | 0.2          |
|    entropy_loss         | -0.111       |
|    explained_variance   | 0            |
|    learning_rate        | 0.0003       |
|    loss                 | 0.227        |
|    n_updates            | 1132         |
|    policy_gradient_loss | -0.00026     |
|    value_loss           | 0.441        |
------------------------------------------
-------------------------------------------
| rollout/                |               |
|    ep_len_mean          | 1             |
|    ep_rew_mean          | -0.312        |
| time/                   |               |
|    fps                  | 914           |
|    iterations           | 285           |
|    time_elapsed         | 39            |
|    total_timesteps      | 36480         |
| train/                  |               |
|    approx_kl            | 0.00012602052 |
|    clip_fraction        | 0             |
|    clip_range           | 0.2           |
|    entropy_loss         | -0.103        |
|    explained_variance   | 0.000658      |
|    learning_rate        | 0.0003        |
|    loss                 | 0.245         |
|    n_updates            | 1136          |
|    policy_gradient_loss | -0.000249     |
|    value_loss           | 0.466         |
-------------------------------------------
------------------------------------------
| rollout/                |              |
|    ep_len_mean          | 1            |
|    ep_rew_mean          | -0.297       |
| time/                   |              |
|    fps                  | 914          |
|    iterations           | 286          |
|    time_elapsed         | 40           |
|    total_timesteps      | 36608        |
| train/                  |              |
|    approx_kl            | 0.0002578604 |
|    clip_fraction        | 0.00195      |
|    clip_range           | 0.2          |
|    entropy_loss         | -0.11        |
|    explained_variance   | 0            |
|    learning_rate        | 0.0003       |
|    loss                 | 0.216        |
|    n_updates            | 1140         |
|    policy_gradient_loss | -0.000479    |
|    value_loss           | 0.423        |
------------------------------------------
-------------------------------------------
| rollout/                |               |
|    ep_len_mean          | 1             |
|    ep_rew_mean          | -0.433        |
| time/                   |               |
|    fps                  | 915           |
|    iterations           | 287           |
|    time_elapsed         | 40            |
|    total_timesteps      | 36736         |
| train/                  |               |
|    approx_kl            | 1.1026859e-06 |
|    clip_fraction        | 0             |
|    clip_range           | 0.2           |
|    entropy_loss         | -0.123        |
|    explained_variance   | -1.19e-07     |
|    learning_rate        | 0.0003        |
|    loss                 | 0.134         |
|    n_updates            | 1144          |
|    policy_gradient_loss | -8.85e-09     |
|    value_loss           | 0.378         |
-------------------------------------------
------------------------------------------
| rollout/                |              |
|    ep_len_mean          | 1            |
|    ep_rew_mean          | -0.252       |
| time/                   |              |
|    fps                  | 915          |
|    iterations           | 288          |
|    time_elapsed         | 40           |
|    total_timesteps      | 36864        |
| train/                  |              |
|    approx_kl            | 6.055925e-06 |
|    clip_fraction        | 0            |
|    clip_range           | 0.2          |
|    entropy_loss         | -0.124       |
|    explained_variance   | 0            |
|    learning_rate        | 0.0003       |
|    loss                 | 0.173        |
|    n_updates            | 1148         |
|    policy_gradient_loss | -5.83e-05    |
|    value_loss           | 0.312        |
------------------------------------------
------------------------------------------
| rollout/                |              |
|    ep_len_mean          | 1            |
|    ep_rew_mean          | -0.283       |
| time/                   |              |
|    fps                  | 915          |
|    iterations           | 289          |
|    time_elapsed         | 40           |
|    total_timesteps      | 36992        |
| train/                  |              |
|    approx_kl            | 5.066395e-07 |
|    clip_fraction        | 0            |
|    clip_range           | 0.2          |
|    entropy_loss         | -0.116       |
|    explained_variance   | 0            |
|    learning_rate        | 0.0003       |
|    loss                 | 0.19         |
|    n_updates            | 1152         |
|    policy_gradient_loss | 2.56e-09     |
|    value_loss           | 0.454        |
------------------------------------------
-------------------------------------------
| rollout/                |               |
|    ep_len_mean          | 1             |
|    ep_rew_mean          | -0.204        |
| time/                   |               |
|    fps                  | 916           |
|    iterations           | 290           |
|    time_elapsed         | 40            |
|    total_timesteps      | 37120         |
| train/                  |               |
|    approx_kl            | 2.0040665e-05 |
|    clip_fraction        | 0             |
|    clip_range           | 0.2           |
|    entropy_loss         | -0.111        |
|    explained_variance   | 0             |
|    learning_rate        | 0.0003        |
|    loss                 | 0.21          |
|    n_updates            | 1156          |
|    policy_gradient_loss | -0.000149     |
|    value_loss           | 0.424         |
-------------------------------------------
------------------------------------------
| rollout/                |              |
|    ep_len_mean          | 1            |
|    ep_rew_mean          | -0.251       |
| time/                   |              |
|    fps                  | 917          |
|    iterations           | 291          |
|    time_elapsed         | 40           |
|    total_timesteps      | 37248        |
| train/                  |              |
|    approx_kl            | 0.0019775191 |
|    clip_fraction        | 0.0137       |
|    clip_range           | 0.2          |
|    entropy_loss         | -0.118       |
|    explained_variance   | 0            |
|    learning_rate        | 0.0003       |
|    loss                 | 0.198        |
|    n_updates            | 1160         |
|    policy_gradient_loss | -0.00317     |
|    value_loss           | 0.432        |
------------------------------------------
-------------------------------------------
| rollout/                |               |
|    ep_len_mean          | 1             |
|    ep_rew_mean          | -0.312        |
| time/                   |               |
|    fps                  | 917           |
|    iterations           | 292           |
|    time_elapsed         | 40            |
|    total_timesteps      | 37376         |
| train/                  |               |
|    approx_kl            | 3.7965365e-06 |
|    clip_fraction        | 0             |
|    clip_range           | 0.2           |
|    entropy_loss         | -0.134        |
|    explained_variance   | 0             |
|    learning_rate        | 0.0003        |
|    loss                 | 0.194         |
|    n_updates            | 1164          |
|    policy_gradient_loss | -2.63e-05     |
|    value_loss           | 0.441         |
-------------------------------------------
------------------------------------------
| rollout/                |              |
|    ep_len_mean          | 1            |
|    ep_rew_mean          | -0.192       |
| time/                   |              |
|    fps                  | 918          |
|    iterations           | 293          |
|    time_elapsed         | 40           |
|    total_timesteps      | 37504        |
| train/                  |              |
|    approx_kl            | 0.0005911151 |
|    clip_fraction        | 0.00391      |
|    clip_range           | 0.2          |
|    entropy_loss         | -0.119       |
|    explained_variance   | 0            |
|    learning_rate        | 0.0003       |
|    loss                 | 0.243        |
|    n_updates            | 1168         |
|    policy_gradient_loss | -0.00126     |
|    value_loss           | 0.414        |
------------------------------------------
------------------------------------------
| rollout/                |              |
|    ep_len_mean          | 1            |
|    ep_rew_mean          | -0.311       |
| time/                   |              |
|    fps                  | 918          |
|    iterations           | 294          |
|    time_elapsed         | 40           |
|    total_timesteps      | 37632        |
| train/                  |              |
|    approx_kl            | 0.0015772646 |
|    clip_fraction        | 0.00977      |
|    clip_range           | 0.2          |
|    entropy_loss         | -0.0918      |
|    explained_variance   | -2.38e-07    |
|    learning_rate        | 0.0003       |
|    loss                 | 0.281        |
|    n_updates            | 1172         |
|    policy_gradient_loss | -0.0028      |
|    value_loss           | 0.476        |
------------------------------------------
------------------------------------------
| rollout/                |              |
|    ep_len_mean          | 1            |
|    ep_rew_mean          | -0.191       |
| time/                   |              |
|    fps                  | 918          |
|    iterations           | 295          |
|    time_elapsed         | 41           |
|    total_timesteps      | 37760        |
| train/                  |              |
|    approx_kl            | 0.0017509703 |
|    clip_fraction        | 0.0137       |
|    clip_range           | 0.2          |
|    entropy_loss         | -0.0679      |
|    explained_variance   | 0            |
|    learning_rate        | 0.0003       |
|    loss                 | 0.222        |
|    n_updates            | 1176         |
|    policy_gradient_loss | -0.0022      |
|    value_loss           | 0.4          |
------------------------------------------
------------------------------------------
| rollout/                |              |
|    ep_len_mean          | 1            |
|    ep_rew_mean          | -0.192       |
| time/                   |              |
|    fps                  | 919          |
|    iterations           | 296          |
|    time_elapsed         | 41           |
|    total_timesteps      | 37888        |
| train/                  |              |
|    approx_kl            | 0.0004951991 |
|    clip_fraction        | 0.00391      |
|    clip_range           | 0.2          |
|    entropy_loss         | -0.0532      |
|    explained_variance   | 0            |
|    learning_rate        | 0.0003       |
|    loss                 | 0.208        |
|    n_updates            | 1180         |
|    policy_gradient_loss | -0.000979    |
|    value_loss           | 0.451        |
------------------------------------------
-------------------------------------------
| rollout/                |               |
|    ep_len_mean          | 1             |
|    ep_rew_mean          | -0.208        |
| time/                   |               |
|    fps                  | 919           |
|    iterations           | 297           |
|    time_elapsed         | 41            |
|    total_timesteps      | 38016         |
| train/                  |               |
|    approx_kl            | 2.6486814e-06 |
|    clip_fraction        | 0             |
|    clip_range           | 0.2           |
|    entropy_loss         | -0.0458       |
|    explained_variance   | -1.19e-07     |
|    learning_rate        | 0.0003        |
|    loss                 | 0.243         |
|    n_updates            | 1184          |
|    policy_gradient_loss | 0.000196      |
|    value_loss           | 0.479         |
-------------------------------------------
------------------------------------------
| rollout/                |              |
|    ep_len_mean          | 1            |
|    ep_rew_mean          | -0.401       |
| time/                   |              |
|    fps                  | 919          |
|    iterations           | 298          |
|    time_elapsed         | 41           |
|    total_timesteps      | 38144        |
| train/                  |              |
|    approx_kl            | 2.185395e-05 |
|    clip_fraction        | 0            |
|    clip_range           | 0.2          |
|    entropy_loss         | -0.0436      |
|    explained_variance   | -1.19e-07    |
|    learning_rate        | 0.0003       |
|    loss                 | 0.199        |
|    n_updates            | 1188         |
|    policy_gradient_loss | -0.000164    |
|    value_loss           | 0.457        |
------------------------------------------
--------------------------------------
| rollout/                |          |
|    ep_len_mean          | 1        |
|    ep_rew_mean          | -0.311   |
| time/                   |          |
|    fps                  | 920      |
|    iterations           | 299      |
|    time_elapsed         | 41       |
|    total_timesteps      | 38272    |
| train/                  |          |
|    approx_kl            | 0.0      |
|    clip_fraction        | 0        |
|    clip_range           | 0.2      |
|    entropy_loss         | -0.0404  |
|    explained_variance   | 0        |
|    learning_rate        | 0.0003   |
|    loss                 | 0.126    |
|    n_updates            | 1192     |
|    policy_gradient_loss | 2.33e-10 |
|    value_loss           | 0.332    |
--------------------------------------
--------------------------------------
| rollout/                |          |
|    ep_len_mean          | 1        |
|    ep_rew_mean          | -0.327   |
| time/                   |          |
|    fps                  | 920      |
|    iterations           | 300      |
|    time_elapsed         | 41       |
|    total_timesteps      | 38400    |
| train/                  |          |
|    approx_kl            | 0.0      |
|    clip_fraction        | 0        |
|    clip_range           | 0.2      |
|    entropy_loss         | -0.0395  |
|    explained_variance   | 5.96e-08 |
|    learning_rate        | 0.0003   |
|    loss                 | 0.255    |
|    n_updates            | 1196     |
|    policy_gradient_loss | 4.66e-09 |
|    value_loss           | 0.41     |
--------------------------------------
---------------------------------------
| rollout/                |           |
|    ep_len_mean          | 1         |
|    ep_rew_mean          | -0.296    |
| time/                   |           |
|    fps                  | 921       |
|    iterations           | 301       |
|    time_elapsed         | 41        |
|    total_timesteps      | 38528     |
| train/                  |           |
|    approx_kl            | 0.0       |
|    clip_fraction        | 0         |
|    clip_range           | 0.2       |
|    entropy_loss         | -0.0393   |
|    explained_variance   | -1.19e-07 |
|    learning_rate        | 0.0003    |
|    loss                 | 0.0981    |
|    n_updates            | 1200      |
|    policy_gradient_loss | -6.64e-09 |
|    value_loss           | 0.384     |
---------------------------------------
-------------------------------------------
| rollout/                |               |
|    ep_len_mean          | 1             |
|    ep_rew_mean          | -0.252        |
| time/                   |               |
|    fps                  | 921           |
|    iterations           | 302           |
|    time_elapsed         | 41            |
|    total_timesteps      | 38656         |
| train/                  |               |
|    approx_kl            | 0.00018354459 |
|    clip_fraction        | 0.00195       |
|    clip_range           | 0.2           |
|    entropy_loss         | -0.0423       |
|    explained_variance   | 1.19e-07      |
|    learning_rate        | 0.0003        |
|    loss                 | 0.272         |
|    n_updates            | 1204          |
|    policy_gradient_loss | -0.00133      |
|    value_loss           | 0.404         |
-------------------------------------------
-------------------------------------------
| rollout/                |               |
|    ep_len_mean          | 1             |
|    ep_rew_mean          | -0.313        |
| time/                   |               |
|    fps                  | 922           |
|    iterations           | 303           |
|    time_elapsed         | 42            |
|    total_timesteps      | 38784         |
| train/                  |               |
|    approx_kl            | 1.3969839e-09 |
|    clip_fraction        | 0             |
|    clip_range           | 0.2           |
|    entropy_loss         | -0.0469       |
|    explained_variance   | -1.19e-07     |
|    learning_rate        | 0.0003        |
|    loss                 | 0.18          |
|    n_updates            | 1208          |
|    policy_gradient_loss | 4.74e-05      |
|    value_loss           | 0.448         |
-------------------------------------------
-------------------------------------------
| rollout/                |               |
|    ep_len_mean          | 1             |
|    ep_rew_mean          | -0.309        |
| time/                   |               |
|    fps                  | 922           |
|    iterations           | 304           |
|    time_elapsed         | 42            |
|    total_timesteps      | 38912         |
| train/                  |               |
|    approx_kl            | 8.6573884e-05 |
|    clip_fraction        | 0             |
|    clip_range           | 0.2           |
|    entropy_loss         | -0.0429       |
|    explained_variance   | 0             |
|    learning_rate        | 0.0003        |
|    loss                 | 0.247         |
|    n_updates            | 1212          |
|    policy_gradient_loss | -0.0003       |
|    value_loss           | 0.388         |
-------------------------------------------
-------------------------------------------
| rollout/                |               |
|    ep_len_mean          | 1             |
|    ep_rew_mean          | -0.357        |
| time/                   |               |
|    fps                  | 923           |
|    iterations           | 305           |
|    time_elapsed         | 42            |
|    total_timesteps      | 39040         |
| train/                  |               |
|    approx_kl            | 5.9604645e-08 |
|    clip_fraction        | 0             |
|    clip_range           | 0.2           |
|    entropy_loss         | -0.0387       |
|    explained_variance   | 0             |
|    learning_rate        | 0.0003        |
|    loss                 | 0.152         |
|    n_updates            | 1216          |
|    policy_gradient_loss | 8.85e-09      |
|    value_loss           | 0.375         |
-------------------------------------------
------------------------------------------
| rollout/                |              |
|    ep_len_mean          | 1            |
|    ep_rew_mean          | -0.326       |
| time/                   |              |
|    fps                  | 923          |
|    iterations           | 306          |
|    time_elapsed         | 42           |
|    total_timesteps      | 39168        |
| train/                  |              |
|    approx_kl            | 2.847379e-05 |
|    clip_fraction        | 0            |
|    clip_range           | 0.2          |
|    entropy_loss         | -0.0366      |
|    explained_variance   | 0            |
|    learning_rate        | 0.0003       |
|    loss                 | 0.131        |
|    n_updates            | 1220         |
|    policy_gradient_loss | -0.000171    |
|    value_loss           | 0.366        |
------------------------------------------
------------------------------------------
| rollout/                |              |
|    ep_len_mean          | 1            |
|    ep_rew_mean          | -0.265       |
| time/                   |              |
|    fps                  | 924          |
|    iterations           | 307          |
|    time_elapsed         | 42           |
|    total_timesteps      | 39296        |
| train/                  |              |
|    approx_kl            | 6.980961e-05 |
|    clip_fraction        | 0            |
|    clip_range           | 0.2          |
|    entropy_loss         | -0.0332      |
|    explained_variance   | 0            |
|    learning_rate        | 0.0003       |
|    loss                 | 0.155        |
|    n_updates            | 1224         |
|    policy_gradient_loss | -0.000242    |
|    value_loss           | 0.416        |
------------------------------------------
-------------------------------------------
| rollout/                |               |
|    ep_len_mean          | 1             |
|    ep_rew_mean          | -0.223        |
| time/                   |               |
|    fps                  | 924           |
|    iterations           | 308           |
|    time_elapsed         | 42            |
|    total_timesteps      | 39424         |
| train/                  |               |
|    approx_kl            | 7.0694834e-05 |
|    clip_fraction        | 0             |
|    clip_range           | 0.2           |
|    entropy_loss         | -0.0296       |
|    explained_variance   | 0             |
|    learning_rate        | 0.0003        |
|    loss                 | 0.181         |
|    n_updates            | 1228          |
|    policy_gradient_loss | -0.000296     |
|    value_loss           | 0.432         |
-------------------------------------------
--------------------------------------
| rollout/                |          |
|    ep_len_mean          | 1        |
|    ep_rew_mean          | -0.36    |
| time/                   |          |
|    fps                  | 924      |
|    iterations           | 309      |
|    time_elapsed         | 42       |
|    total_timesteps      | 39552    |
| train/                  |          |
|    approx_kl            | 0.0      |
|    clip_fraction        | 0        |
|    clip_range           | 0.2      |
|    entropy_loss         | -0.0266  |
|    explained_variance   | 0        |
|    learning_rate        | 0.0003   |
|    loss                 | 0.227    |
|    n_updates            | 1232     |
|    policy_gradient_loss | 1.53e-08 |
|    value_loss           | 0.447    |
--------------------------------------
---------------------------------------
| rollout/                |           |
|    ep_len_mean          | 1         |
|    ep_rew_mean          | -0.235    |
| time/                   |           |
|    fps                  | 925       |
|    iterations           | 310       |
|    time_elapsed         | 42        |
|    total_timesteps      | 39680     |
| train/                  |           |
|    approx_kl            | 0.0       |
|    clip_fraction        | 0         |
|    clip_range           | 0.2       |
|    entropy_loss         | -0.0258   |
|    explained_variance   | 0         |
|    learning_rate        | 0.0003    |
|    loss                 | 0.175     |
|    n_updates            | 1236      |
|    policy_gradient_loss | -9.31e-09 |
|    value_loss           | 0.407     |
---------------------------------------
-------------------------------------------
| rollout/                |               |
|    ep_len_mean          | 1             |
|    ep_rew_mean          | -0.209        |
| time/                   |               |
|    fps                  | 925           |
|    iterations           | 311           |
|    time_elapsed         | 42            |
|    total_timesteps      | 39808         |
| train/                  |               |
|    approx_kl            | 0.00031659473 |
|    clip_fraction        | 0.00391       |
|    clip_range           | 0.2           |
|    entropy_loss         | -0.0256       |
|    explained_variance   | -0.00194      |
|    learning_rate        | 0.0003        |
|    loss                 | 0.278         |
|    n_updates            | 1240          |
|    policy_gradient_loss | -0.00131      |
|    value_loss           | 0.48          |
-------------------------------------------
--------------------------------------
| rollout/                |          |
|    ep_len_mean          | 1        |
|    ep_rew_mean          | -0.133   |
| time/                   |          |
|    fps                  | 926      |
|    iterations           | 312      |
|    time_elapsed         | 43       |
|    total_timesteps      | 39936    |
| train/                  |          |
|    approx_kl            | 0.0      |
|    clip_fraction        | 0        |
|    clip_range           | 0.2      |
|    entropy_loss         | -0.0249  |
|    explained_variance   | 0        |
|    learning_rate        | 0.0003   |
|    loss                 | 0.244    |
|    n_updates            | 1244     |
|    policy_gradient_loss | 1.62e-08 |
|    value_loss           | 0.457    |
--------------------------------------
--------------------------------------
| rollout/                |          |
|    ep_len_mean          | 1        |
|    ep_rew_mean          | -0.267   |
| time/                   |          |
|    fps                  | 926      |
|    iterations           | 313      |
|    time_elapsed         | 43       |
|    total_timesteps      | 40064    |
| train/                  |          |
|    approx_kl            | 0.0      |
|    clip_fraction        | 0        |
|    clip_range           | 0.2      |
|    entropy_loss         | -0.0245  |
|    explained_variance   | 0        |
|    learning_rate        | 0.0003   |
|    loss                 | 0.2      |
|    n_updates            | 1248     |
|    policy_gradient_loss | 5.47e-09 |
|    value_loss           | 0.484    |
--------------------------------------
---------------------------------------
| rollout/                |           |
|    ep_len_mean          | 1         |
|    ep_rew_mean          | -0.222    |
| time/                   |           |
|    fps                  | 927       |
|    iterations           | 314       |
|    time_elapsed         | 43        |
|    total_timesteps      | 40192     |
| train/                  |           |
|    approx_kl            | 0.0       |
|    clip_fraction        | 0         |
|    clip_range           | 0.2       |
|    entropy_loss         | -0.0244   |
|    explained_variance   | 0         |
|    learning_rate        | 0.0003    |
|    loss                 | 0.231     |
|    n_updates            | 1252      |
|    policy_gradient_loss | -7.45e-09 |
|    value_loss           | 0.419     |
---------------------------------------
---------------------------------------
| rollout/                |           |
|    ep_len_mean          | 1         |
|    ep_rew_mean          | -0.3      |
| time/                   |           |
|    fps                  | 927       |
|    iterations           | 315       |
|    time_elapsed         | 43        |
|    total_timesteps      | 40320     |
| train/                  |           |
|    approx_kl            | 0.0       |
|    clip_fraction        | 0         |
|    clip_range           | 0.2       |
|    entropy_loss         | -0.0244   |
|    explained_variance   | 0         |
|    learning_rate        | 0.0003    |
|    loss                 | 0.195     |
|    n_updates            | 1256      |
|    policy_gradient_loss | -6.75e-09 |
|    value_loss           | 0.451     |
---------------------------------------
--------------------------------------
| rollout/                |          |
|    ep_len_mean          | 1        |
|    ep_rew_mean          | -0.192   |
| time/                   |          |
|    fps                  | 927      |
|    iterations           | 316      |
|    time_elapsed         | 43       |
|    total_timesteps      | 40448    |
| train/                  |          |
|    approx_kl            | 0.0      |
|    clip_fraction        | 0        |
|    clip_range           | 0.2      |
|    entropy_loss         | -0.0244  |
|    explained_variance   | 0        |
|    learning_rate        | 0.0003   |
|    loss                 | 0.194    |
|    n_updates            | 1260     |
|    policy_gradient_loss | 9.08e-09 |
|    value_loss           | 0.413    |
--------------------------------------
--------------------------------------
| rollout/                |          |
|    ep_len_mean          | 1        |
|    ep_rew_mean          | -0.296   |
| time/                   |          |
|    fps                  | 928      |
|    iterations           | 317      |
|    time_elapsed         | 43       |
|    total_timesteps      | 40576    |
| train/                  |          |
|    approx_kl            | 0.0      |
|    clip_fraction        | 0        |
|    clip_range           | 0.2      |
|    entropy_loss         | -0.0244  |
|    explained_variance   | 0        |
|    learning_rate        | 0.0003   |
|    loss                 | 0.182    |
|    n_updates            | 1264     |
|    policy_gradient_loss | 3.96e-09 |
|    value_loss           | 0.456    |
--------------------------------------
---------------------------------------
| rollout/                |           |
|    ep_len_mean          | 1         |
|    ep_rew_mean          | -0.31     |
| time/                   |           |
|    fps                  | 928       |
|    iterations           | 318       |
|    time_elapsed         | 43        |
|    total_timesteps      | 40704     |
| train/                  |           |
|    approx_kl            | 0.0       |
|    clip_fraction        | 0         |
|    clip_range           | 0.2       |
|    entropy_loss         | -0.0244   |
|    explained_variance   | 0         |
|    learning_rate        | 0.0003    |
|    loss                 | 0.193     |
|    n_updates            | 1268      |
|    policy_gradient_loss | -8.61e-09 |
|    value_loss           | 0.414     |
---------------------------------------
--------------------------------------
| rollout/                |          |
|    ep_len_mean          | 1        |
|    ep_rew_mean          | -0.132   |
| time/                   |          |
|    fps                  | 929      |
|    iterations           | 319      |
|    time_elapsed         | 43       |
|    total_timesteps      | 40832    |
| train/                  |          |
|    approx_kl            | 0.0      |
|    clip_fraction        | 0        |
|    clip_range           | 0.2      |
|    entropy_loss         | -0.0244  |
|    explained_variance   | 0        |
|    learning_rate        | 0.0003   |
|    loss                 | 0.212    |
|    n_updates            | 1272     |
|    policy_gradient_loss | 3.49e-09 |
|    value_loss           | 0.404    |
--------------------------------------
-------------------------------------------
| rollout/                |               |
|    ep_len_mean          | 1             |
|    ep_rew_mean          | -0.326        |
| time/                   |               |
|    fps                  | 929           |
|    iterations           | 320           |
|    time_elapsed         | 44            |
|    total_timesteps      | 40960         |
| train/                  |               |
|    approx_kl            | 1.7961022e-05 |
|    clip_fraction        | 0             |
|    clip_range           | 0.2           |
|    entropy_loss         | -0.0237       |
|    explained_variance   | 0             |
|    learning_rate        | 0.0003        |
|    loss                 | 0.253         |
|    n_updates            | 1276          |
|    policy_gradient_loss | -0.000175     |
|    value_loss           | 0.53          |
-------------------------------------------
--------------------------------------
| rollout/                |          |
|    ep_len_mean          | 1        |
|    ep_rew_mean          | -0.237   |
| time/                   |          |
|    fps                  | 930      |
|    iterations           | 321      |
|    time_elapsed         | 44       |
|    total_timesteps      | 41088    |
| train/                  |          |
|    approx_kl            | 0.0      |
|    clip_fraction        | 0        |
|    clip_range           | 0.2      |
|    entropy_loss         | -0.0213  |
|    explained_variance   | 0        |
|    learning_rate        | 0.0003   |
|    loss                 | 0.162    |
|    n_updates            | 1280     |
|    policy_gradient_loss | 3.49e-09 |
|    value_loss           | 0.394    |
--------------------------------------
-------------------------------------------
| rollout/                |               |
|    ep_len_mean          | 1             |
|    ep_rew_mean          | -0.236        |
| time/                   |               |
|    fps                  | 930           |
|    iterations           | 322           |
|    time_elapsed         | 44            |
|    total_timesteps      | 41216         |
| train/                  |               |
|    approx_kl            | 0.00014341716 |
|    clip_fraction        | 0.00195       |
|    clip_range           | 0.2           |
|    entropy_loss         | -0.0222       |
|    explained_variance   | -1.19e-07     |
|    learning_rate        | 0.0003        |
|    loss                 | 0.249         |
|    n_updates            | 1284          |
|    policy_gradient_loss | -0.00108      |
|    value_loss           | 0.443         |
-------------------------------------------
-------------------------------------------
| rollout/                |               |
|    ep_len_mean          | 1             |
|    ep_rew_mean          | -0.296        |
| time/                   |               |
|    fps                  | 930           |
|    iterations           | 323           |
|    time_elapsed         | 44            |
|    total_timesteps      | 41344         |
| train/                  |               |
|    approx_kl            | 6.1021652e-05 |
|    clip_fraction        | 0             |
|    clip_range           | 0.2           |
|    entropy_loss         | -0.0256       |
|    explained_variance   | 0             |
|    learning_rate        | 0.0003        |
|    loss                 | 0.195         |
|    n_updates            | 1288          |
|    policy_gradient_loss | -9.75e-05     |
|    value_loss           | 0.44          |
-------------------------------------------
-------------------------------------------
| rollout/                |               |
|    ep_len_mean          | 1             |
|    ep_rew_mean          | -0.147        |
| time/                   |               |
|    fps                  | 931           |
|    iterations           | 324           |
|    time_elapsed         | 44            |
|    total_timesteps      | 41472         |
| train/                  |               |
|    approx_kl            | 0.00028701406 |
|    clip_fraction        | 0             |
|    clip_range           | 0.2           |
|    entropy_loss         | -0.0235       |
|    explained_variance   | 5.96e-08      |
|    learning_rate        | 0.0003        |
|    loss                 | 0.174         |
|    n_updates            | 1292          |
|    policy_gradient_loss | -0.000776     |
|    value_loss           | 0.388         |
-------------------------------------------
------------------------------------------
| rollout/                |              |
|    ep_len_mean          | 1            |
|    ep_rew_mean          | -0.339       |
| time/                   |              |
|    fps                  | 931          |
|    iterations           | 325          |
|    time_elapsed         | 44           |
|    total_timesteps      | 41600        |
| train/                  |              |
|    approx_kl            | 0.0007391907 |
|    clip_fraction        | 0.00391      |
|    clip_range           | 0.2          |
|    entropy_loss         | -0.0181      |
|    explained_variance   | 0            |
|    learning_rate        | 0.0003       |
|    loss                 | 0.243        |
|    n_updates            | 1296         |
|    policy_gradient_loss | -0.00148     |
|    value_loss           | 0.506        |
------------------------------------------
---------------------------------------
| rollout/                |           |
|    ep_len_mean          | 1         |
|    ep_rew_mean          | -0.371    |
| time/                   |           |
|    fps                  | 932       |
|    iterations           | 326       |
|    time_elapsed         | 44        |
|    total_timesteps      | 41728     |
| train/                  |           |
|    approx_kl            | 0.0       |
|    clip_fraction        | 0         |
|    clip_range           | 0.2       |
|    entropy_loss         | -0.015    |
|    explained_variance   | 0         |
|    learning_rate        | 0.0003    |
|    loss                 | 0.244     |
|    n_updates            | 1300      |
|    policy_gradient_loss | -4.19e-09 |
|    value_loss           | 0.423     |
---------------------------------------
--------------------------------------
| rollout/                |          |
|    ep_len_mean          | 1        |
|    ep_rew_mean          | -0.237   |
| time/                   |          |
|    fps                  | 932      |
|    iterations           | 327      |
|    time_elapsed         | 44       |
|    total_timesteps      | 41856    |
| train/                  |          |
|    approx_kl            | 0.0      |
|    clip_fraction        | 0        |
|    clip_range           | 0.2      |
|    entropy_loss         | -0.0144  |
|    explained_variance   | 0        |
|    learning_rate        | 0.0003   |
|    loss                 | 0.256    |
|    n_updates            | 1304     |
|    policy_gradient_loss | 1.33e-08 |
|    value_loss           | 0.368    |
--------------------------------------
--------------------------------------
| rollout/                |          |
|    ep_len_mean          | 1        |
|    ep_rew_mean          | -0.176   |
| time/                   |          |
|    fps                  | 932      |
|    iterations           | 328      |
|    time_elapsed         | 45       |
|    total_timesteps      | 41984    |
| train/                  |          |
|    approx_kl            | 0.0      |
|    clip_fraction        | 0        |
|    clip_range           | 0.2      |
|    entropy_loss         | -0.0143  |
|    explained_variance   | 1.19e-07 |
|    learning_rate        | 0.0003   |
|    loss                 | 0.176    |
|    n_updates            | 1308     |
|    policy_gradient_loss | -2.1e-09 |
|    value_loss           | 0.436    |
--------------------------------------
------------------------------------------
| rollout/                |              |
|    ep_len_mean          | 1            |
|    ep_rew_mean          | -0.296       |
| time/                   |              |
|    fps                  | 933          |
|    iterations           | 329          |
|    time_elapsed         | 45           |
|    total_timesteps      | 42112        |
| train/                  |              |
|    approx_kl            | 5.988544e-05 |
|    clip_fraction        | 0            |
|    clip_range           | 0.2          |
|    entropy_loss         | -0.0136      |
|    explained_variance   | -1.19e-07    |
|    learning_rate        | 0.0003       |
|    loss                 | 0.254        |
|    n_updates            | 1312         |
|    policy_gradient_loss | -0.000258    |
|    value_loss           | 0.487        |
------------------------------------------
-------------------------------------------
| rollout/                |               |
|    ep_len_mean          | 1             |
|    ep_rew_mean          | -0.236        |
| time/                   |               |
|    fps                  | 933           |
|    iterations           | 330           |
|    time_elapsed         | 45            |
|    total_timesteps      | 42240         |
| train/                  |               |
|    approx_kl            | 0.00044793263 |
|    clip_fraction        | 0.00195       |
|    clip_range           | 0.2           |
|    entropy_loss         | -0.0131       |
|    explained_variance   | 0             |
|    learning_rate        | 0.0003        |
|    loss                 | 0.212         |
|    n_updates            | 1316          |
|    policy_gradient_loss | -0.00168      |
|    value_loss           | 0.421         |
-------------------------------------------
--------------------------------------
| rollout/                |          |
|    ep_len_mean          | 1        |
|    ep_rew_mean          | -0.0875  |
| time/                   |          |
|    fps                  | 933      |
|    iterations           | 331      |
|    time_elapsed         | 45       |
|    total_timesteps      | 42368    |
| train/                  |          |
|    approx_kl            | 0.0      |
|    clip_fraction        | 0        |
|    clip_range           | 0.2      |
|    entropy_loss         | -0.0148  |
|    explained_variance   | 5.96e-08 |
|    learning_rate        | 0.0003   |
|    loss                 | 0.265    |
|    n_updates            | 1320     |
|    policy_gradient_loss | 5.7e-09  |
|    value_loss           | 0.421    |
--------------------------------------
--------------------------------------
| rollout/                |          |
|    ep_len_mean          | 1        |
|    ep_rew_mean          | -0.222   |
| time/                   |          |
|    fps                  | 933      |
|    iterations           | 332      |
|    time_elapsed         | 45       |
|    total_timesteps      | 42496    |
| train/                  |          |
|    approx_kl            | 0.0      |
|    clip_fraction        | 0        |
|    clip_range           | 0.2      |
|    entropy_loss         | -0.0154  |
|    explained_variance   | 0        |
|    learning_rate        | 0.0003   |
|    loss                 | 0.228    |
|    n_updates            | 1324     |
|    policy_gradient_loss | -8.5e-09 |
|    value_loss           | 0.522    |
--------------------------------------
------------------------------------------
| rollout/                |              |
|    ep_len_mean          | 1            |
|    ep_rew_mean          | -0.252       |
| time/                   |              |
|    fps                  | 934          |
|    iterations           | 333          |
|    time_elapsed         | 45           |
|    total_timesteps      | 42624        |
| train/                  |              |
|    approx_kl            | 3.801193e-05 |
|    clip_fraction        | 0            |
|    clip_range           | 0.2          |
|    entropy_loss         | -0.015       |
|    explained_variance   | 0            |
|    learning_rate        | 0.0003       |
|    loss                 | 0.2          |
|    n_updates            | 1328         |
|    policy_gradient_loss | -0.000189    |
|    value_loss           | 0.445        |
------------------------------------------
---------------------------------------
| rollout/                |           |
|    ep_len_mean          | 1         |
|    ep_rew_mean          | -0.236    |
| time/                   |           |
|    fps                  | 935       |
|    iterations           | 334       |
|    time_elapsed         | 45        |
|    total_timesteps      | 42752     |
| train/                  |           |
|    approx_kl            | 0.0       |
|    clip_fraction        | 0         |
|    clip_range           | 0.2       |
|    entropy_loss         | -0.0137   |
|    explained_variance   | 0         |
|    learning_rate        | 0.0003    |
|    loss                 | 0.295     |
|    n_updates            | 1332      |
|    policy_gradient_loss | -8.15e-10 |
|    value_loss           | 0.456     |
---------------------------------------
---------------------------------------
| rollout/                |           |
|    ep_len_mean          | 1         |
|    ep_rew_mean          | -0.34     |
| time/                   |           |
|    fps                  | 935       |
|    iterations           | 335       |
|    time_elapsed         | 45        |
|    total_timesteps      | 42880     |
| train/                  |           |
|    approx_kl            | 0.0       |
|    clip_fraction        | 0         |
|    clip_range           | 0.2       |
|    entropy_loss         | -0.0133   |
|    explained_variance   | 0         |
|    learning_rate        | 0.0003    |
|    loss                 | 0.278     |
|    n_updates            | 1336      |
|    policy_gradient_loss | -5.82e-10 |
|    value_loss           | 0.459     |
---------------------------------------
--------------------------------------
| rollout/                |          |
|    ep_len_mean          | 1        |
|    ep_rew_mean          | -0.237   |
| time/                   |          |
|    fps                  | 936      |
|    iterations           | 336      |
|    time_elapsed         | 45       |
|    total_timesteps      | 43008    |
| train/                  |          |
|    approx_kl            | 0.0      |
|    clip_fraction        | 0        |
|    clip_range           | 0.2      |
|    entropy_loss         | -0.0132  |
|    explained_variance   | 1.19e-07 |
|    learning_rate        | 0.0003   |
|    loss                 | 0.192    |
|    n_updates            | 1340     |
|    policy_gradient_loss | 1.86e-09 |
|    value_loss           | 0.405    |
--------------------------------------
--------------------------------------
| rollout/                |          |
|    ep_len_mean          | 1        |
|    ep_rew_mean          | -0.296   |
| time/                   |          |
|    fps                  | 936      |
|    iterations           | 337      |
|    time_elapsed         | 46       |
|    total_timesteps      | 43136    |
| train/                  |          |
|    approx_kl            | 0.0      |
|    clip_fraction        | 0        |
|    clip_range           | 0.2      |
|    entropy_loss         | -0.0132  |
|    explained_variance   | 0        |
|    learning_rate        | 0.0003   |
|    loss                 | 0.213    |
|    n_updates            | 1344     |
|    policy_gradient_loss | 1.47e-08 |
|    value_loss           | 0.474    |
--------------------------------------
-------------------------------------------
| rollout/                |               |
|    ep_len_mean          | 1             |
|    ep_rew_mean          | -0.28         |
| time/                   |               |
|    fps                  | 936           |
|    iterations           | 338           |
|    time_elapsed         | 46            |
|    total_timesteps      | 43264         |
| train/                  |               |
|    approx_kl            | 4.9731694e-05 |
|    clip_fraction        | 0             |
|    clip_range           | 0.2           |
|    entropy_loss         | -0.0128       |
|    explained_variance   | 5.96e-08      |
|    learning_rate        | 0.0003        |
|    loss                 | 0.177         |
|    n_updates            | 1348          |
|    policy_gradient_loss | -0.00022      |
|    value_loss           | 0.418         |
-------------------------------------------
--------------------------------------
| rollout/                |          |
|    ep_len_mean          | 1        |
|    ep_rew_mean          | -0.335   |
| time/                   |          |
|    fps                  | 937      |
|    iterations           | 339      |
|    time_elapsed         | 46       |
|    total_timesteps      | 43392    |
| train/                  |          |
|    approx_kl            | 0.0      |
|    clip_fraction        | 0        |
|    clip_range           | 0.2      |
|    entropy_loss         | -0.0116  |
|    explained_variance   | 5.96e-08 |
|    learning_rate        | 0.0003   |
|    loss                 | 0.288    |
|    n_updates            | 1352     |
|    policy_gradient_loss | 6.52e-09 |
|    value_loss           | 0.407    |
--------------------------------------
---------------------------------------
| rollout/                |           |
|    ep_len_mean          | 1         |
|    ep_rew_mean          | -0.373    |
| time/                   |           |
|    fps                  | 937       |
|    iterations           | 340       |
|    time_elapsed         | 46        |
|    total_timesteps      | 43520     |
| train/                  |           |
|    approx_kl            | 0.0       |
|    clip_fraction        | 0         |
|    clip_range           | 0.2       |
|    entropy_loss         | -0.0112   |
|    explained_variance   | -1.19e-07 |
|    learning_rate        | 0.0003    |
|    loss                 | 0.216     |
|    n_updates            | 1356      |
|    policy_gradient_loss | -1.4e-09  |
|    value_loss           | 0.357     |
---------------------------------------
--------------------------------------
| rollout/                |          |
|    ep_len_mean          | 1        |
|    ep_rew_mean          | -0.234   |
| time/                   |          |
|    fps                  | 937      |
|    iterations           | 341      |
|    time_elapsed         | 46       |
|    total_timesteps      | 43648    |
| train/                  |          |
|    approx_kl            | 0.0      |
|    clip_fraction        | 0        |
|    clip_range           | 0.2      |
|    entropy_loss         | -0.0112  |
|    explained_variance   | 0        |
|    learning_rate        | 0.0003   |
|    loss                 | 0.255    |
|    n_updates            | 1360     |
|    policy_gradient_loss | 1.16e-10 |
|    value_loss           | 0.385    |
--------------------------------------
--------------------------------------
| rollout/                |          |
|    ep_len_mean          | 1        |
|    ep_rew_mean          | -0.37    |
| time/                   |          |
|    fps                  | 938      |
|    iterations           | 342      |
|    time_elapsed         | 46       |
|    total_timesteps      | 43776    |
| train/                  |          |
|    approx_kl            | 0.0      |
|    clip_fraction        | 0        |
|    clip_range           | 0.2      |
|    entropy_loss         | -0.0111  |
|    explained_variance   | 0        |
|    learning_rate        | 0.0003   |
|    loss                 | 0.301    |
|    n_updates            | 1364     |
|    policy_gradient_loss | 5.7e-09  |
|    value_loss           | 0.506    |
--------------------------------------
--------------------------------------
| rollout/                |          |
|    ep_len_mean          | 1        |
|    ep_rew_mean          | -0.205   |
| time/                   |          |
|    fps                  | 938      |
|    iterations           | 343      |
|    time_elapsed         | 46       |
|    total_timesteps      | 43904    |
| train/                  |          |
|    approx_kl            | 0.0      |
|    clip_fraction        | 0        |
|    clip_range           | 0.2      |
|    entropy_loss         | -0.0111  |
|    explained_variance   | 1.19e-07 |
|    learning_rate        | 0.0003   |
|    loss                 | 0.212    |
|    n_updates            | 1368     |
|    policy_gradient_loss | 4.66e-10 |
|    value_loss           | 0.351    |
--------------------------------------
---------------------------------------
| rollout/                |           |
|    ep_len_mean          | 1         |
|    ep_rew_mean          | -0.327    |
| time/                   |           |
|    fps                  | 938       |
|    iterations           | 344       |
|    time_elapsed         | 46        |
|    total_timesteps      | 44032     |
| train/                  |           |
|    approx_kl            | 0.0       |
|    clip_fraction        | 0         |
|    clip_range           | 0.2       |
|    entropy_loss         | -0.0111   |
|    explained_variance   | 0         |
|    learning_rate        | 0.0003    |
|    loss                 | 0.301     |
|    n_updates            | 1372      |
|    policy_gradient_loss | -1.16e-09 |
|    value_loss           | 0.51      |
---------------------------------------
---------------------------------------
| rollout/                |           |
|    ep_len_mean          | 1         |
|    ep_rew_mean          | -0.283    |
| time/                   |           |
|    fps                  | 939       |
|    iterations           | 345       |
|    time_elapsed         | 47        |
|    total_timesteps      | 44160     |
| train/                  |           |
|    approx_kl            | 0.0       |
|    clip_fraction        | 0         |
|    clip_range           | 0.2       |
|    entropy_loss         | -0.0111   |
|    explained_variance   | 0         |
|    learning_rate        | 0.0003    |
|    loss                 | 0.196     |
|    n_updates            | 1376      |
|    policy_gradient_loss | -3.26e-09 |
|    value_loss           | 0.389     |
---------------------------------------
---------------------------------------
| rollout/                |           |
|    ep_len_mean          | 1         |
|    ep_rew_mean          | -0.102    |
| time/                   |           |
|    fps                  | 939       |
|    iterations           | 346       |
|    time_elapsed         | 47        |
|    total_timesteps      | 44288     |
| train/                  |           |
|    approx_kl            | 0.0       |
|    clip_fraction        | 0         |
|    clip_range           | 0.2       |
|    entropy_loss         | -0.0111   |
|    explained_variance   | 5.96e-08  |
|    learning_rate        | 0.0003    |
|    loss                 | 0.192     |
|    n_updates            | 1380      |
|    policy_gradient_loss | -8.85e-09 |
|    value_loss           | 0.413     |
---------------------------------------
--------------------------------------
| rollout/                |          |
|    ep_len_mean          | 1        |
|    ep_rew_mean          | -0.328   |
| time/                   |          |
|    fps                  | 940      |
|    iterations           | 347      |
|    time_elapsed         | 47       |
|    total_timesteps      | 44416    |
| train/                  |          |
|    approx_kl            | 0.0      |
|    clip_fraction        | 0        |
|    clip_range           | 0.2      |
|    entropy_loss         | -0.0111  |
|    explained_variance   | 0        |
|    learning_rate        | 0.0003   |
|    loss                 | 0.216    |
|    n_updates            | 1384     |
|    policy_gradient_loss | 4.66e-10 |
|    value_loss           | 0.516    |
--------------------------------------
--------------------------------------
| rollout/                |          |
|    ep_len_mean          | 1        |
|    ep_rew_mean          | -0.237   |
| time/                   |          |
|    fps                  | 940      |
|    iterations           | 348      |
|    time_elapsed         | 47       |
|    total_timesteps      | 44544    |
| train/                  |          |
|    approx_kl            | 0.0      |
|    clip_fraction        | 0        |
|    clip_range           | 0.2      |
|    entropy_loss         | -0.0111  |
|    explained_variance   | 5.96e-08 |
|    learning_rate        | 0.0003   |
|    loss                 | 0.211    |
|    n_updates            | 1388     |
|    policy_gradient_loss | 6.87e-09 |
|    value_loss           | 0.392    |
--------------------------------------
--------------------------------------
| rollout/                |          |
|    ep_len_mean          | 1        |
|    ep_rew_mean          | -0.267   |
| time/                   |          |
|    fps                  | 940      |
|    iterations           | 349      |
|    time_elapsed         | 47       |
|    total_timesteps      | 44672    |
| train/                  |          |
|    approx_kl            | 0.0      |
|    clip_fraction        | 0        |
|    clip_range           | 0.2      |
|    entropy_loss         | -0.0111  |
|    explained_variance   | 0        |
|    learning_rate        | 0.0003   |
|    loss                 | 0.21     |
|    n_updates            | 1392     |
|    policy_gradient_loss | 3.03e-09 |
|    value_loss           | 0.432    |
--------------------------------------
--------------------------------------
| rollout/                |          |
|    ep_len_mean          | 1        |
|    ep_rew_mean          | -0.294   |
| time/                   |          |
|    fps                  | 941      |
|    iterations           | 350      |
|    time_elapsed         | 47       |
|    total_timesteps      | 44800    |
| train/                  |          |
|    approx_kl            | 0.0      |
|    clip_fraction        | 0        |
|    clip_range           | 0.2      |
|    entropy_loss         | -0.0111  |
|    explained_variance   | 0        |
|    learning_rate        | 0.0003   |
|    loss                 | 0.23     |
|    n_updates            | 1396     |
|    policy_gradient_loss | 6.98e-10 |
|    value_loss           | 0.432    |
--------------------------------------
--------------------------------------
| rollout/                |          |
|    ep_len_mean          | 1        |
|    ep_rew_mean          | -0.234   |
| time/                   |          |
|    fps                  | 941      |
|    iterations           | 351      |
|    time_elapsed         | 47       |
|    total_timesteps      | 44928    |
| train/                  |          |
|    approx_kl            | 0.0      |
|    clip_fraction        | 0        |
|    clip_range           | 0.2      |
|    entropy_loss         | -0.0111  |
|    explained_variance   | 0        |
|    learning_rate        | 0.0003   |
|    loss                 | 0.196    |
|    n_updates            | 1400     |
|    policy_gradient_loss | 1.89e-08 |
|    value_loss           | 0.422    |
--------------------------------------
------------------------------------------
| rollout/                |              |
|    ep_len_mean          | 1            |
|    ep_rew_mean          | -0.342       |
| time/                   |              |
|    fps                  | 942          |
|    iterations           | 352          |
|    time_elapsed         | 47           |
|    total_timesteps      | 45056        |
| train/                  |              |
|    approx_kl            | 0.0009698882 |
|    clip_fraction        | 0.00195      |
|    clip_range           | 0.2          |
|    entropy_loss         | -0.0122      |
|    explained_variance   | 0            |
|    learning_rate        | 0.0003       |
|    loss                 | 0.241        |
|    n_updates            | 1404         |
|    policy_gradient_loss | -0.00162     |
|    value_loss           | 0.47         |
------------------------------------------
--------------------------------------
| rollout/                |          |
|    ep_len_mean          | 1        |
|    ep_rew_mean          | -0.374   |
| time/                   |          |
|    fps                  | 942      |
|    iterations           | 353      |
|    time_elapsed         | 47       |
|    total_timesteps      | 45184    |
| train/                  |          |
|    approx_kl            | 0.0      |
|    clip_fraction        | 0        |
|    clip_range           | 0.2      |
|    entropy_loss         | -0.0151  |
|    explained_variance   | 0        |
|    learning_rate        | 0.0003   |
|    loss                 | 0.145    |
|    n_updates            | 1408     |
|    policy_gradient_loss | 5.94e-09 |
|    value_loss           | 0.41     |
--------------------------------------
---------------------------------------
| rollout/                |           |
|    ep_len_mean          | 1         |
|    ep_rew_mean          | -0.371    |
| time/                   |           |
|    fps                  | 942       |
|    iterations           | 354       |
|    time_elapsed         | 48        |
|    total_timesteps      | 45312     |
| train/                  |           |
|    approx_kl            | 0.0       |
|    clip_fraction        | 0         |
|    clip_range           | 0.2       |
|    entropy_loss         | -0.0159   |
|    explained_variance   | -1.19e-07 |
|    learning_rate        | 0.0003    |
|    loss                 | 0.231     |
|    n_updates            | 1412      |
|    policy_gradient_loss | -9.31e-10 |
|    value_loss           | 0.376     |
---------------------------------------
---------------------------------------
| rollout/                |           |
|    ep_len_mean          | 1         |
|    ep_rew_mean          | -0.308    |
| time/                   |           |
|    fps                  | 943       |
|    iterations           | 355       |
|    time_elapsed         | 48        |
|    total_timesteps      | 45440     |
| train/                  |           |
|    approx_kl            | 0.0       |
|    clip_fraction        | 0         |
|    clip_range           | 0.2       |
|    entropy_loss         | -0.0161   |
|    explained_variance   | 0         |
|    learning_rate        | 0.0003    |
|    loss                 | 0.215     |
|    n_updates            | 1416      |
|    policy_gradient_loss | -1.15e-08 |
|    value_loss           | 0.365     |
---------------------------------------
---------------------------------------
| rollout/                |           |
|    ep_len_mean          | 1         |
|    ep_rew_mean          | -0.236    |
| time/                   |           |
|    fps                  | 943       |
|    iterations           | 356       |
|    time_elapsed         | 48        |
|    total_timesteps      | 45568     |
| train/                  |           |
|    approx_kl            | 0.0       |
|    clip_fraction        | 0         |
|    clip_range           | 0.2       |
|    entropy_loss         | -0.0161   |
|    explained_variance   | -1.19e-07 |
|    learning_rate        | 0.0003    |
|    loss                 | 0.191     |
|    n_updates            | 1420      |
|    policy_gradient_loss | 1.63e-09  |
|    value_loss           | 0.395     |
---------------------------------------
---------------------------------------
| rollout/                |           |
|    ep_len_mean          | 1         |
|    ep_rew_mean          | -0.312    |
| time/                   |           |
|    fps                  | 944       |
|    iterations           | 357       |
|    time_elapsed         | 48        |
|    total_timesteps      | 45696     |
| train/                  |           |
|    approx_kl            | 0.0       |
|    clip_fraction        | 0         |
|    clip_range           | 0.2       |
|    entropy_loss         | -0.0161   |
|    explained_variance   | 1.79e-07  |
|    learning_rate        | 0.0003    |
|    loss                 | 0.226     |
|    n_updates            | 1424      |
|    policy_gradient_loss | -5.36e-09 |
|    value_loss           | 0.432     |
---------------------------------------
--------------------------------------
| rollout/                |          |
|    ep_len_mean          | 1        |
|    ep_rew_mean          | -0.357   |
| time/                   |          |
|    fps                  | 944      |
|    iterations           | 358      |
|    time_elapsed         | 48       |
|    total_timesteps      | 45824    |
| train/                  |          |
|    approx_kl            | 0.0      |
|    clip_fraction        | 0        |
|    clip_range           | 0.2      |
|    entropy_loss         | -0.0161  |
|    explained_variance   | 0        |
|    learning_rate        | 0.0003   |
|    loss                 | 0.157    |
|    n_updates            | 1428     |
|    policy_gradient_loss | 2.1e-09  |
|    value_loss           | 0.406    |
--------------------------------------
------------------------------------------
| rollout/                |              |
|    ep_len_mean          | 1            |
|    ep_rew_mean          | -0.19        |
| time/                   |              |
|    fps                  | 944          |
|    iterations           | 359          |
|    time_elapsed         | 48           |
|    total_timesteps      | 45952        |
| train/                  |              |
|    approx_kl            | 0.0002850406 |
|    clip_fraction        | 0.00195      |
|    clip_range           | 0.2          |
|    entropy_loss         | -0.0171      |
|    explained_variance   | 0            |
|    learning_rate        | 0.0003       |
|    loss                 | 0.254        |
|    n_updates            | 1432         |
|    policy_gradient_loss | -0.000728    |
|    value_loss           | 0.397        |
------------------------------------------
---------------------------------------
| rollout/                |           |
|    ep_len_mean          | 1         |
|    ep_rew_mean          | -0.297    |
| time/                   |           |
|    fps                  | 945       |
|    iterations           | 360       |
|    time_elapsed         | 48        |
|    total_timesteps      | 46080     |
| train/                  |           |
|    approx_kl            | 0.0       |
|    clip_fraction        | 0         |
|    clip_range           | 0.2       |
|    entropy_loss         | -0.0187   |
|    explained_variance   | 0         |
|    learning_rate        | 0.0003    |
|    loss                 | 0.245     |
|    n_updates            | 1436      |
|    policy_gradient_loss | -8.85e-09 |
|    value_loss           | 0.47      |
---------------------------------------
---------------------------------------
| rollout/                |           |
|    ep_len_mean          | 1         |
|    ep_rew_mean          | -0.359    |
| time/                   |           |
|    fps                  | 945       |
|    iterations           | 361       |
|    time_elapsed         | 48        |
|    total_timesteps      | 46208     |
| train/                  |           |
|    approx_kl            | 0.0       |
|    clip_fraction        | 0         |
|    clip_range           | 0.2       |
|    entropy_loss         | -0.019    |
|    explained_variance   | 0         |
|    learning_rate        | 0.0003    |
|    loss                 | 0.213     |
|    n_updates            | 1440      |
|    policy_gradient_loss | -8.27e-09 |
|    value_loss           | 0.407     |
---------------------------------------
--------------------------------------
| rollout/                |          |
|    ep_len_mean          | 1        |
|    ep_rew_mean          | -0.207   |
| time/                   |          |
|    fps                  | 946      |
|    iterations           | 362      |
|    time_elapsed         | 48       |
|    total_timesteps      | 46336    |
| train/                  |          |
|    approx_kl            | 0.0      |
|    clip_fraction        | 0        |
|    clip_range           | 0.2      |
|    entropy_loss         | -0.0191  |
|    explained_variance   | 0        |
|    learning_rate        | 0.0003   |
|    loss                 | 0.175    |
|    n_updates            | 1444     |
|    policy_gradient_loss | 2.1e-09  |
|    value_loss           | 0.416    |
--------------------------------------
--------------------------------------
| rollout/                |          |
|    ep_len_mean          | 1        |
|    ep_rew_mean          | -0.357   |
| time/                   |          |
|    fps                  | 946      |
|    iterations           | 363      |
|    time_elapsed         | 49       |
|    total_timesteps      | 46464    |
| train/                  |          |
|    approx_kl            | 0.0      |
|    clip_fraction        | 0        |
|    clip_range           | 0.2      |
|    entropy_loss         | -0.0191  |
|    explained_variance   | 5.96e-08 |
|    learning_rate        | 0.0003   |
|    loss                 | 0.28     |
|    n_updates            | 1448     |
|    policy_gradient_loss | 1.63e-09 |
|    value_loss           | 0.451    |
--------------------------------------
------------------------------------------
| rollout/                |              |
|    ep_len_mean          | 1            |
|    ep_rew_mean          | -0.205       |
| time/                   |              |
|    fps                  | 946          |
|    iterations           | 364          |
|    time_elapsed         | 49           |
|    total_timesteps      | 46592        |
| train/                  |              |
|    approx_kl            | 3.112154e-05 |
|    clip_fraction        | 0            |
|    clip_range           | 0.2          |
|    entropy_loss         | -0.0187      |
|    explained_variance   | -1.19e-07    |
|    learning_rate        | 0.0003       |
|    loss                 | 0.152        |
|    n_updates            | 1452         |
|    policy_gradient_loss | -0.000126    |
|    value_loss           | 0.382        |
------------------------------------------
---------------------------------------
| rollout/                |           |
|    ep_len_mean          | 1         |
|    ep_rew_mean          | -0.177    |
| time/                   |           |
|    fps                  | 947       |
|    iterations           | 365       |
|    time_elapsed         | 49        |
|    total_timesteps      | 46720     |
| train/                  |           |
|    approx_kl            | 0.0       |
|    clip_fraction        | 0         |
|    clip_range           | 0.2       |
|    entropy_loss         | -0.0173   |
|    explained_variance   | -1.19e-07 |
|    learning_rate        | 0.0003    |
|    loss                 | 0.191     |
|    n_updates            | 1456      |
|    policy_gradient_loss | 5.7e-09   |
|    value_loss           | 0.441     |
---------------------------------------
---------------------------------------
| rollout/                |           |
|    ep_len_mean          | 1         |
|    ep_rew_mean          | -0.131    |
| time/                   |           |
|    fps                  | 947       |
|    iterations           | 366       |
|    time_elapsed         | 49        |
|    total_timesteps      | 46848     |
| train/                  |           |
|    approx_kl            | 0.0       |
|    clip_fraction        | 0         |
|    clip_range           | 0.2       |
|    entropy_loss         | -0.0168   |
|    explained_variance   | 0         |
|    learning_rate        | 0.0003    |
|    loss                 | 0.241     |
|    n_updates            | 1460      |
|    policy_gradient_loss | -9.55e-09 |
|    value_loss           | 0.528     |
---------------------------------------
--------------------------------------
| rollout/                |          |
|    ep_len_mean          | 1        |
|    ep_rew_mean          | -0.356   |
| time/                   |          |
|    fps                  | 948      |
|    iterations           | 367      |
|    time_elapsed         | 49       |
|    total_timesteps      | 46976    |
| train/                  |          |
|    approx_kl            | 0.0      |
|    clip_fraction        | 0        |
|    clip_range           | 0.2      |
|    entropy_loss         | -0.0167  |
|    explained_variance   | 0        |
|    learning_rate        | 0.0003   |
|    loss                 | 0.273    |
|    n_updates            | 1464     |
|    policy_gradient_loss | 1.15e-08 |
|    value_loss           | 0.502    |
--------------------------------------
---------------------------------------
| rollout/                |           |
|    ep_len_mean          | 1         |
|    ep_rew_mean          | -0.279    |
| time/                   |           |
|    fps                  | 948       |
|    iterations           | 368       |
|    time_elapsed         | 49        |
|    total_timesteps      | 47104     |
| train/                  |           |
|    approx_kl            | 0.0       |
|    clip_fraction        | 0         |
|    clip_range           | 0.2       |
|    entropy_loss         | -0.0167   |
|    explained_variance   | 0         |
|    learning_rate        | 0.0003    |
|    loss                 | 0.192     |
|    n_updates            | 1468      |
|    policy_gradient_loss | -1.16e-09 |
|    value_loss           | 0.38      |
---------------------------------------
-----------------------------------------
| rollout/                |             |
|    ep_len_mean          | 1           |
|    ep_rew_mean          | -0.162      |
| time/                   |             |
|    fps                  | 948         |
|    iterations           | 369         |
|    time_elapsed         | 49          |
|    total_timesteps      | 47232       |
| train/                  |             |
|    approx_kl            | 6.12936e-05 |
|    clip_fraction        | 0           |
|    clip_range           | 0.2         |
|    entropy_loss         | -0.0161     |
|    explained_variance   | 0           |
|    learning_rate        | 0.0003      |
|    loss                 | 0.231       |
|    n_updates            | 1472        |
|    policy_gradient_loss | -0.000228   |
|    value_loss           | 0.416       |
-----------------------------------------
---------------------------------------
| rollout/                |           |
|    ep_len_mean          | 1         |
|    ep_rew_mean          | -0.25     |
| time/                   |           |
|    fps                  | 948       |
|    iterations           | 370       |
|    time_elapsed         | 49        |
|    total_timesteps      | 47360     |
| train/                  |           |
|    approx_kl            | 0.0       |
|    clip_fraction        | 0         |
|    clip_range           | 0.2       |
|    entropy_loss         | -0.0146   |
|    explained_variance   | 0         |
|    learning_rate        | 0.0003    |
|    loss                 | 0.247     |
|    n_updates            | 1476      |
|    policy_gradient_loss | -2.33e-10 |
|    value_loss           | 0.453     |
---------------------------------------
--------------------------------------------
| rollout/                |                |
|    ep_len_mean          | 1              |
|    ep_rew_mean          | -0.298         |
| time/                   |                |
|    fps                  | 949            |
|    iterations           | 371            |
|    time_elapsed         | 50             |
|    total_timesteps      | 47488          |
| train/                  |                |
|    approx_kl            | 0.000114241615 |
|    clip_fraction        | 0              |
|    clip_range           | 0.2            |
|    entropy_loss         | -0.0135        |
|    explained_variance   | 0              |
|    learning_rate        | 0.0003         |
|    loss                 | 0.163          |
|    n_updates            | 1480           |
|    policy_gradient_loss | -0.000371      |
|    value_loss           | 0.42           |
--------------------------------------------
--------------------------------------
| rollout/                |          |
|    ep_len_mean          | 1        |
|    ep_rew_mean          | -0.538   |
| time/                   |          |
|    fps                  | 949      |
|    iterations           | 372      |
|    time_elapsed         | 50       |
|    total_timesteps      | 47616    |
| train/                  |          |
|    approx_kl            | 0.0      |
|    clip_fraction        | 0        |
|    clip_range           | 0.2      |
|    entropy_loss         | -0.0118  |
|    explained_variance   | 0        |
|    learning_rate        | 0.0003   |
|    loss                 | 0.138    |
|    n_updates            | 1484     |
|    policy_gradient_loss | 1.98e-09 |
|    value_loss           | 0.399    |
--------------------------------------
-------------------------------------------
| rollout/                |               |
|    ep_len_mean          | 1             |
|    ep_rew_mean          | -0.323        |
| time/                   |               |
|    fps                  | 949           |
|    iterations           | 373           |
|    time_elapsed         | 50            |
|    total_timesteps      | 47744         |
| train/                  |               |
|    approx_kl            | 1.0098331e-05 |
|    clip_fraction        | 0             |
|    clip_range           | 0.2           |
|    entropy_loss         | -0.0112       |
|    explained_variance   | 1.19e-07      |
|    learning_rate        | 0.0003        |
|    loss                 | 0.122         |
|    n_updates            | 1488          |
|    policy_gradient_loss | -5.16e-05     |
|    value_loss           | 0.238         |
-------------------------------------------
-----------------------------------------
| rollout/                |             |
|    ep_len_mean          | 1           |
|    ep_rew_mean          | -0.326      |
| time/                   |             |
|    fps                  | 949         |
|    iterations           | 374         |
|    time_elapsed         | 50          |
|    total_timesteps      | 47872       |
| train/                  |             |
|    approx_kl            | 9.32049e-05 |
|    clip_fraction        | 0           |
|    clip_range           | 0.2         |
|    entropy_loss         | -0.0103     |
|    explained_variance   | 0           |
|    learning_rate        | 0.0003      |
|    loss                 | 0.194       |
|    n_updates            | 1492        |
|    policy_gradient_loss | -0.000249   |
|    value_loss           | 0.417       |
-----------------------------------------
---------------------------------------
| rollout/                |           |
|    ep_len_mean          | 1         |
|    ep_rew_mean          | -0.189    |
| time/                   |           |
|    fps                  | 950       |
|    iterations           | 375       |
|    time_elapsed         | 50        |
|    total_timesteps      | 48000     |
| train/                  |           |
|    approx_kl            | 0.0       |
|    clip_fraction        | 0         |
|    clip_range           | 0.2       |
|    entropy_loss         | -0.0094   |
|    explained_variance   | 0         |
|    learning_rate        | 0.0003    |
|    loss                 | 0.159     |
|    n_updates            | 1496      |
|    policy_gradient_loss | -2.56e-09 |
|    value_loss           | 0.407     |
---------------------------------------
---------------------------------------
| rollout/                |           |
|    ep_len_mean          | 1         |
|    ep_rew_mean          | -0.177    |
| time/                   |           |
|    fps                  | 950       |
|    iterations           | 376       |
|    time_elapsed         | 50        |
|    total_timesteps      | 48128     |
| train/                  |           |
|    approx_kl            | 0.0       |
|    clip_fraction        | 0         |
|    clip_range           | 0.2       |
|    entropy_loss         | -0.00915  |
|    explained_variance   | 0         |
|    learning_rate        | 0.0003    |
|    loss                 | 0.257     |
|    n_updates            | 1500      |
|    policy_gradient_loss | -7.92e-09 |
|    value_loss           | 0.487     |
---------------------------------------
--------------------------------------
| rollout/                |          |
|    ep_len_mean          | 1        |
|    ep_rew_mean          | -0.206   |
| time/                   |          |
|    fps                  | 951      |
|    iterations           | 377      |
|    time_elapsed         | 50       |
|    total_timesteps      | 48256    |
| train/                  |          |
|    approx_kl            | 0.0      |
|    clip_fraction        | 0        |
|    clip_range           | 0.2      |
|    entropy_loss         | -0.0091  |
|    explained_variance   | 0        |
|    learning_rate        | 0.0003   |
|    loss                 | 0.234    |
|    n_updates            | 1504     |
|    policy_gradient_loss | 1.65e-08 |
|    value_loss           | 0.487    |
--------------------------------------
---------------------------------------
| rollout/                |           |
|    ep_len_mean          | 1         |
|    ep_rew_mean          | -0.341    |
| time/                   |           |
|    fps                  | 951       |
|    iterations           | 378       |
|    time_elapsed         | 50        |
|    total_timesteps      | 48384     |
| train/                  |           |
|    approx_kl            | 0.0       |
|    clip_fraction        | 0         |
|    clip_range           | 0.2       |
|    entropy_loss         | -0.00909  |
|    explained_variance   | -1.19e-07 |
|    learning_rate        | 0.0003    |
|    loss                 | 0.2       |
|    n_updates            | 1508      |
|    policy_gradient_loss | -2.56e-09 |
|    value_loss           | 0.45      |
---------------------------------------
--------------------------------------
| rollout/                |          |
|    ep_len_mean          | 1        |
|    ep_rew_mean          | -0.248   |
| time/                   |          |
|    fps                  | 951      |
|    iterations           | 379      |
|    time_elapsed         | 50       |
|    total_timesteps      | 48512    |
| train/                  |          |
|    approx_kl            | 0.0      |
|    clip_fraction        | 0        |
|    clip_range           | 0.2      |
|    entropy_loss         | -0.00909 |
|    explained_variance   | 0        |
|    learning_rate        | 0.0003   |
|    loss                 | 0.192    |
|    n_updates            | 1512     |
|    policy_gradient_loss | 9.55e-09 |
|    value_loss           | 0.397    |
--------------------------------------
---------------------------------------
| rollout/                |           |
|    ep_len_mean          | 1         |
|    ep_rew_mean          | -0.311    |
| time/                   |           |
|    fps                  | 951       |
|    iterations           | 380       |
|    time_elapsed         | 51        |
|    total_timesteps      | 48640     |
| train/                  |           |
|    approx_kl            | 0.0       |
|    clip_fraction        | 0         |
|    clip_range           | 0.2       |
|    entropy_loss         | -0.00909  |
|    explained_variance   | 5.96e-08  |
|    learning_rate        | 0.0003    |
|    loss                 | 0.211     |
|    n_updates            | 1516      |
|    policy_gradient_loss | -7.68e-09 |
|    value_loss           | 0.45      |
---------------------------------------
--------------------------------------
| rollout/                |          |
|    ep_len_mean          | 1        |
|    ep_rew_mean          | -0.445   |
| time/                   |          |
|    fps                  | 951      |
|    iterations           | 381      |
|    time_elapsed         | 51       |
|    total_timesteps      | 48768    |
| train/                  |          |
|    approx_kl            | 0.0      |
|    clip_fraction        | 0        |
|    clip_range           | 0.2      |
|    entropy_loss         | -0.00909 |
|    explained_variance   | 0        |
|    learning_rate        | 0.0003   |
|    loss                 | 0.176    |
|    n_updates            | 1520     |
|    policy_gradient_loss | 8.15e-09 |
|    value_loss           | 0.388    |
--------------------------------------
---------------------------------------
| rollout/                |           |
|    ep_len_mean          | 1         |
|    ep_rew_mean          | -0.222    |
| time/                   |           |
|    fps                  | 952       |
|    iterations           | 382       |
|    time_elapsed         | 51        |
|    total_timesteps      | 48896     |
| train/                  |           |
|    approx_kl            | 0.0       |
|    clip_fraction        | 0         |
|    clip_range           | 0.2       |
|    entropy_loss         | -0.00909  |
|    explained_variance   | 1.19e-07  |
|    learning_rate        | 0.0003    |
|    loss                 | 0.147     |
|    n_updates            | 1524      |
|    policy_gradient_loss | -1.82e-08 |
|    value_loss           | 0.282     |
---------------------------------------
--------------------------------------
| rollout/                |          |
|    ep_len_mean          | 1        |
|    ep_rew_mean          | -0.342   |
| time/                   |          |
|    fps                  | 952      |
|    iterations           | 383      |
|    time_elapsed         | 51       |
|    total_timesteps      | 49024    |
| train/                  |          |
|    approx_kl            | 0.0      |
|    clip_fraction        | 0        |
|    clip_range           | 0.2      |
|    entropy_loss         | -0.00909 |
|    explained_variance   | 0        |
|    learning_rate        | 0.0003   |
|    loss                 | 0.294    |
|    n_updates            | 1528     |
|    policy_gradient_loss | 4.54e-09 |
|    value_loss           | 0.486    |
--------------------------------------
---------------------------------------
| rollout/                |           |
|    ep_len_mean          | 1         |
|    ep_rew_mean          | -0.297    |
| time/                   |           |
|    fps                  | 952       |
|    iterations           | 384       |
|    time_elapsed         | 51        |
|    total_timesteps      | 49152     |
| train/                  |           |
|    approx_kl            | 0.0       |
|    clip_fraction        | 0         |
|    clip_range           | 0.2       |
|    entropy_loss         | -0.00909  |
|    explained_variance   | -1.19e-07 |
|    learning_rate        | 0.0003    |
|    loss                 | 0.191     |
|    n_updates            | 1532      |
|    policy_gradient_loss | 2.1e-09   |
|    value_loss           | 0.357     |
---------------------------------------
---------------------------------------
| rollout/                |           |
|    ep_len_mean          | 1         |
|    ep_rew_mean          | -0.193    |
| time/                   |           |
|    fps                  | 953       |
|    iterations           | 385       |
|    time_elapsed         | 51        |
|    total_timesteps      | 49280     |
| train/                  |           |
|    approx_kl            | 0.0       |
|    clip_fraction        | 0         |
|    clip_range           | 0.2       |
|    entropy_loss         | -0.00909  |
|    explained_variance   | 0         |
|    learning_rate        | 0.0003    |
|    loss                 | 0.23      |
|    n_updates            | 1536      |
|    policy_gradient_loss | -1.63e-09 |
|    value_loss           | 0.423     |
---------------------------------------
--------------------------------------
| rollout/                |          |
|    ep_len_mean          | 1        |
|    ep_rew_mean          | -0.282   |
| time/                   |          |
|    fps                  | 953      |
|    iterations           | 386      |
|    time_elapsed         | 51       |
|    total_timesteps      | 49408    |
| train/                  |          |
|    approx_kl            | 0.0      |
|    clip_fraction        | 0        |
|    clip_range           | 0.2      |
|    entropy_loss         | -0.00909 |
|    explained_variance   | 0        |
|    learning_rate        | 0.0003   |
|    loss                 | 0.242    |
|    n_updates            | 1540     |
|    policy_gradient_loss | 9.43e-09 |
|    value_loss           | 0.464    |
--------------------------------------
---------------------------------------
| rollout/                |           |
|    ep_len_mean          | 1         |
|    ep_rew_mean          | -0.193    |
| time/                   |           |
|    fps                  | 953       |
|    iterations           | 387       |
|    time_elapsed         | 51        |
|    total_timesteps      | 49536     |
| train/                  |           |
|    approx_kl            | 0.0       |
|    clip_fraction        | 0         |
|    clip_range           | 0.2       |
|    entropy_loss         | -0.00909  |
|    explained_variance   | 0         |
|    learning_rate        | 0.0003    |
|    loss                 | 0.244     |
|    n_updates            | 1544      |
|    policy_gradient_loss | -1.08e-08 |
|    value_loss           | 0.449     |
---------------------------------------
--------------------------------------
| rollout/                |          |
|    ep_len_mean          | 1        |
|    ep_rew_mean          | -0.266   |
| time/                   |          |
|    fps                  | 953      |
|    iterations           | 388      |
|    time_elapsed         | 52       |
|    total_timesteps      | 49664    |
| train/                  |          |
|    approx_kl            | 0.0      |
|    clip_fraction        | 0        |
|    clip_range           | 0.2      |
|    entropy_loss         | -0.00909 |
|    explained_variance   | 0        |
|    learning_rate        | 0.0003   |
|    loss                 | 0.199    |
|    n_updates            | 1548     |
|    policy_gradient_loss | 5.82e-10 |
|    value_loss           | 0.477    |
--------------------------------------
--------------------------------------
| rollout/                |          |
|    ep_len_mean          | 1        |
|    ep_rew_mean          | -0.177   |
| time/                   |          |
|    fps                  | 954      |
|    iterations           | 389      |
|    time_elapsed         | 52       |
|    total_timesteps      | 49792    |
| train/                  |          |
|    approx_kl            | 0.0      |
|    clip_fraction        | 0        |
|    clip_range           | 0.2      |
|    entropy_loss         | -0.00909 |
|    explained_variance   | 0        |
|    learning_rate        | 0.0003   |
|    loss                 | 0.226    |
|    n_updates            | 1552     |
|    policy_gradient_loss | 9.2e-09  |
|    value_loss           | 0.433    |
--------------------------------------
--------------------------------------
| rollout/                |          |
|    ep_len_mean          | 1        |
|    ep_rew_mean          | -0.253   |
| time/                   |          |
|    fps                  | 954      |
|    iterations           | 390      |
|    time_elapsed         | 52       |
|    total_timesteps      | 49920    |
| train/                  |          |
|    approx_kl            | 0.0      |
|    clip_fraction        | 0        |
|    clip_range           | 0.2      |
|    entropy_loss         | -0.00909 |
|    explained_variance   | 0        |
|    learning_rate        | 0.0003   |
|    loss                 | 0.17     |
|    n_updates            | 1556     |
|    policy_gradient_loss | 4.89e-09 |
|    value_loss           | 0.479    |
--------------------------------------
---------------------------------------
| rollout/                |           |
|    ep_len_mean          | 1         |
|    ep_rew_mean          | -0.177    |
| time/                   |           |
|    fps                  | 954       |
|    iterations           | 391       |
|    time_elapsed         | 52        |
|    total_timesteps      | 50048     |
| train/                  |           |
|    approx_kl            | 0.0       |
|    clip_fraction        | 0         |
|    clip_range           | 0.2       |
|    entropy_loss         | -0.00909  |
|    explained_variance   | 0         |
|    learning_rate        | 0.0003    |
|    loss                 | 0.195     |
|    n_updates            | 1560      |
|    policy_gradient_loss | -1.58e-08 |
|    value_loss           | 0.418     |
---------------------------------------
---------------------------------------
| rollout/                |           |
|    ep_len_mean          | 1         |
|    ep_rew_mean          | -0.279    |
| time/                   |           |
|    fps                  | 954       |
|    iterations           | 392       |
|    time_elapsed         | 52        |
|    total_timesteps      | 50176     |
| train/                  |           |
|    approx_kl            | 0.0       |
|    clip_fraction        | 0         |
|    clip_range           | 0.2       |
|    entropy_loss         | -0.00909  |
|    explained_variance   | 0         |
|    learning_rate        | 0.0003    |
|    loss                 | 0.259     |
|    n_updates            | 1564      |
|    policy_gradient_loss | -3.61e-09 |
|    value_loss           | 0.491     |
---------------------------------------
---------------------------------------
| rollout/                |           |
|    ep_len_mean          | 1         |
|    ep_rew_mean          | -0.325    |
| time/                   |           |
|    fps                  | 955       |
|    iterations           | 393       |
|    time_elapsed         | 52        |
|    total_timesteps      | 50304     |
| train/                  |           |
|    approx_kl            | 0.0       |
|    clip_fraction        | 0         |
|    clip_range           | 0.2       |
|    entropy_loss         | -0.00909  |
|    explained_variance   | -1.19e-07 |
|    learning_rate        | 0.0003    |
|    loss                 | 0.213     |
|    n_updates            | 1568      |
|    policy_gradient_loss | 9.9e-09   |
|    value_loss           | 0.442     |
---------------------------------------
--------------------------------------
| rollout/                |          |
|    ep_len_mean          | 1        |
|    ep_rew_mean          | -0.282   |
| time/                   |          |
|    fps                  | 955      |
|    iterations           | 394      |
|    time_elapsed         | 52       |
|    total_timesteps      | 50432    |
| train/                  |          |
|    approx_kl            | 0.0      |
|    clip_fraction        | 0        |
|    clip_range           | 0.2      |
|    entropy_loss         | -0.00909 |
|    explained_variance   | 1.19e-07 |
|    learning_rate        | 0.0003   |
|    loss                 | 0.194    |
|    n_updates            | 1572     |
|    policy_gradient_loss | 5.01e-09 |
|    value_loss           | 0.414    |
--------------------------------------
---------------------------------------
| rollout/                |           |
|    ep_len_mean          | 1         |
|    ep_rew_mean          | -0.356    |
| time/                   |           |
|    fps                  | 955       |
|    iterations           | 395       |
|    time_elapsed         | 52        |
|    total_timesteps      | 50560     |
| train/                  |           |
|    approx_kl            | 0.0       |
|    clip_fraction        | 0         |
|    clip_range           | 0.2       |
|    entropy_loss         | -0.00909  |
|    explained_variance   | 0         |
|    learning_rate        | 0.0003    |
|    loss                 | 0.117     |
|    n_updates            | 1576      |
|    policy_gradient_loss | -6.75e-09 |
|    value_loss           | 0.404     |
---------------------------------------
--------------------------------------
| rollout/                |          |
|    ep_len_mean          | 1        |
|    ep_rew_mean          | -0.28    |
| time/                   |          |
|    fps                  | 956      |
|    iterations           | 396      |
|    time_elapsed         | 53       |
|    total_timesteps      | 50688    |
| train/                  |          |
|    approx_kl            | 0.0      |
|    clip_fraction        | 0        |
|    clip_range           | 0.2      |
|    entropy_loss         | -0.00909 |
|    explained_variance   | 1.79e-07 |
|    learning_rate        | 0.0003   |
|    loss                 | 0.172    |
|    n_updates            | 1580     |
|    policy_gradient_loss | 2.56e-09 |
|    value_loss           | 0.383    |
--------------------------------------
--------------------------------------
| rollout/                |          |
|    ep_len_mean          | 1        |
|    ep_rew_mean          | -0.148   |
| time/                   |          |
|    fps                  | 956      |
|    iterations           | 397      |
|    time_elapsed         | 53       |
|    total_timesteps      | 50816    |
| train/                  |          |
|    approx_kl            | 0.0      |
|    clip_fraction        | 0        |
|    clip_range           | 0.2      |
|    entropy_loss         | -0.00909 |
|    explained_variance   | 1.19e-07 |
|    learning_rate        | 0.0003   |
|    loss                 | 0.194    |
|    n_updates            | 1584     |
|    policy_gradient_loss | 4.07e-09 |
|    value_loss           | 0.453    |
--------------------------------------
---------------------------------------
| rollout/                |           |
|    ep_len_mean          | 1         |
|    ep_rew_mean          | -0.325    |
| time/                   |           |
|    fps                  | 956       |
|    iterations           | 398       |
|    time_elapsed         | 53        |
|    total_timesteps      | 50944     |
| train/                  |           |
|    approx_kl            | 0.0       |
|    clip_fraction        | 0         |
|    clip_range           | 0.2       |
|    entropy_loss         | -0.00909  |
|    explained_variance   | 0         |
|    learning_rate        | 0.0003    |
|    loss                 | 0.274     |
|    n_updates            | 1588      |
|    policy_gradient_loss | -6.64e-09 |
|    value_loss           | 0.535     |
---------------------------------------
--------------------------------------
| rollout/                |          |
|    ep_len_mean          | 1        |
|    ep_rew_mean          | -0.266   |
| time/                   |          |
|    fps                  | 956      |
|    iterations           | 399      |
|    time_elapsed         | 53       |
|    total_timesteps      | 51072    |
| train/                  |          |
|    approx_kl            | 0.0      |
|    clip_fraction        | 0        |
|    clip_range           | 0.2      |
|    entropy_loss         | -0.00909 |
|    explained_variance   | 0        |
|    learning_rate        | 0.0003   |
|    loss                 | 0.184    |
|    n_updates            | 1592     |
|    policy_gradient_loss | 1.79e-08 |
|    value_loss           | 0.426    |
--------------------------------------
--------------------------------------
| rollout/                |          |
|    ep_len_mean          | 1        |
|    ep_rew_mean          | -0.279   |
| time/                   |          |
|    fps                  | 956      |
|    iterations           | 400      |
|    time_elapsed         | 53       |
|    total_timesteps      | 51200    |
| train/                  |          |
|    approx_kl            | 0.0      |
|    clip_fraction        | 0        |
|    clip_range           | 0.2      |
|    entropy_loss         | -0.00909 |
|    explained_variance   | 5.96e-08 |
|    learning_rate        | 0.0003   |
|    loss                 | 0.229    |
|    n_updates            | 1596     |
|    policy_gradient_loss | 2.33e-09 |
|    value_loss           | 0.42     |
--------------------------------------
------------------------------------------
| rollout/                |              |
|    ep_len_mean          | 1            |
|    ep_rew_mean          | -0.298       |
| time/                   |              |
|    fps                  | 957          |
|    iterations           | 401          |
|    time_elapsed         | 53           |
|    total_timesteps      | 51328        |
| train/                  |              |
|    approx_kl            | 0.0008775182 |
|    clip_fraction        | 0.00391      |
|    clip_range           | 0.2          |
|    entropy_loss         | -0.00984     |
|    explained_variance   | 1.19e-07     |
|    learning_rate        | 0.0003       |
|    loss                 | 0.191        |
|    n_updates            | 1600         |
|    policy_gradient_loss | -0.000792    |
|    value_loss           | 0.439        |
------------------------------------------
--------------------------------------
| rollout/                |          |
|    ep_len_mean          | 1        |
|    ep_rew_mean          | -0.283   |
| time/                   |          |
|    fps                  | 957      |
|    iterations           | 402      |
|    time_elapsed         | 53       |
|    total_timesteps      | 51456    |
| train/                  |          |
|    approx_kl            | 0.0      |
|    clip_fraction        | 0        |
|    clip_range           | 0.2      |
|    entropy_loss         | -0.0116  |
|    explained_variance   | 0        |
|    learning_rate        | 0.0003   |
|    loss                 | 0.177    |
|    n_updates            | 1604     |
|    policy_gradient_loss | 1.22e-08 |
|    value_loss           | 0.378    |
--------------------------------------
--------------------------------------
| rollout/                |          |
|    ep_len_mean          | 1        |
|    ep_rew_mean          | -0.251   |
| time/                   |          |
|    fps                  | 957      |
|    iterations           | 403      |
|    time_elapsed         | 53       |
|    total_timesteps      | 51584    |
| train/                  |          |
|    approx_kl            | 0.0      |
|    clip_fraction        | 0        |
|    clip_range           | 0.2      |
|    entropy_loss         | -0.0119  |
|    explained_variance   | 0        |
|    learning_rate        | 0.0003   |
|    loss                 | 0.153    |
|    n_updates            | 1608     |
|    policy_gradient_loss | 3.03e-09 |
|    value_loss           | 0.405    |
--------------------------------------
-------------------------------------------
| rollout/                |               |
|    ep_len_mean          | 1.01          |
|    ep_rew_mean          | -0.282        |
| time/                   |               |
|    fps                  | 957           |
|    iterations           | 404           |
|    time_elapsed         | 53            |
|    total_timesteps      | 51712         |
| train/                  |               |
|    approx_kl            | 0.00032073027 |
|    clip_fraction        | 0.00391       |
|    clip_range           | 0.2           |
|    entropy_loss         | -0.013        |
|    explained_variance   | 0             |
|    learning_rate        | 0.0003        |
|    loss                 | 0.232         |
|    n_updates            | 1612          |
|    policy_gradient_loss | -0.00168      |
|    value_loss           | 0.435         |
-------------------------------------------
------------------------------------------
| rollout/                |              |
|    ep_len_mean          | 1            |
|    ep_rew_mean          | -0.221       |
| time/                   |              |
|    fps                  | 958          |
|    iterations           | 405          |
|    time_elapsed         | 54           |
|    total_timesteps      | 51840        |
| train/                  |              |
|    approx_kl            | 0.0002797912 |
|    clip_fraction        | 0.00195      |
|    clip_range           | 0.2          |
|    entropy_loss         | -0.0144      |
|    explained_variance   | 0.000602     |
|    learning_rate        | 0.0003       |
|    loss                 | 0.297        |
|    n_updates            | 1616         |
|    policy_gradient_loss | -0.000386    |
|    value_loss           | 0.412        |
------------------------------------------
---------------------------------------
| rollout/                |           |
|    ep_len_mean          | 1         |
|    ep_rew_mean          | -0.252    |
| time/                   |           |
|    fps                  | 958       |
|    iterations           | 406       |
|    time_elapsed         | 54        |
|    total_timesteps      | 51968     |
| train/                  |           |
|    approx_kl            | 0.0       |
|    clip_fraction        | 0         |
|    clip_range           | 0.2       |
|    entropy_loss         | -0.014    |
|    explained_variance   | 0         |
|    learning_rate        | 0.0003    |
|    loss                 | 0.227     |
|    n_updates            | 1620      |
|    policy_gradient_loss | -8.96e-09 |
|    value_loss           | 0.455     |
---------------------------------------
---------------------------------------
| rollout/                |           |
|    ep_len_mean          | 1         |
|    ep_rew_mean          | -0.253    |
| time/                   |           |
|    fps                  | 958       |
|    iterations           | 407       |
|    time_elapsed         | 54        |
|    total_timesteps      | 52096     |
| train/                  |           |
|    approx_kl            | 0.0       |
|    clip_fraction        | 0         |
|    clip_range           | 0.2       |
|    entropy_loss         | -0.0138   |
|    explained_variance   | 0         |
|    learning_rate        | 0.0003    |
|    loss                 | 0.273     |
|    n_updates            | 1624      |
|    policy_gradient_loss | -9.66e-09 |
|    value_loss           | 0.43      |
---------------------------------------
------------------------------------------
| rollout/                |              |
|    ep_len_mean          | 1            |
|    ep_rew_mean          | -0.12        |
| time/                   |              |
|    fps                  | 958          |
|    iterations           | 408          |
|    time_elapsed         | 54           |
|    total_timesteps      | 52224        |
| train/                  |              |
|    approx_kl            | 7.757265e-05 |
|    clip_fraction        | 0            |
|    clip_range           | 0.2          |
|    entropy_loss         | -0.0131      |
|    explained_variance   | 5.96e-08     |
|    learning_rate        | 0.0003       |
|    loss                 | 0.277        |
|    n_updates            | 1628         |
|    policy_gradient_loss | -0.000216    |
|    value_loss           | 0.45         |
------------------------------------------
---------------------------------------
| rollout/                |           |
|    ep_len_mean          | 1         |
|    ep_rew_mean          | -0.326    |
| time/                   |           |
|    fps                  | 958       |
|    iterations           | 409       |
|    time_elapsed         | 54        |
|    total_timesteps      | 52352     |
| train/                  |           |
|    approx_kl            | 0.0       |
|    clip_fraction        | 0         |
|    clip_range           | 0.2       |
|    entropy_loss         | -0.0117   |
|    explained_variance   | -2.38e-07 |
|    learning_rate        | 0.0003    |
|    loss                 | 0.205     |
|    n_updates            | 1632      |
|    policy_gradient_loss | 1.16e-09  |
|    value_loss           | 0.495     |
---------------------------------------
-------------------------------------------
| rollout/                |               |
|    ep_len_mean          | 1             |
|    ep_rew_mean          | -0.222        |
| time/                   |               |
|    fps                  | 959           |
|    iterations           | 410           |
|    time_elapsed         | 54            |
|    total_timesteps      | 52480         |
| train/                  |               |
|    approx_kl            | 0.00057933806 |
|    clip_fraction        | 0.00391       |
|    clip_range           | 0.2           |
|    entropy_loss         | -0.0126       |
|    explained_variance   | 1.19e-07      |
|    learning_rate        | 0.0003        |
|    loss                 | 0.182         |
|    n_updates            | 1636          |
|    policy_gradient_loss | -0.00163      |
|    value_loss           | 0.417         |
-------------------------------------------
---------------------------------------
| rollout/                |           |
|    ep_len_mean          | 1         |
|    ep_rew_mean          | -0.297    |
| time/                   |           |
|    fps                  | 959       |
|    iterations           | 411       |
|    time_elapsed         | 54        |
|    total_timesteps      | 52608     |
| train/                  |           |
|    approx_kl            | 0.0       |
|    clip_fraction        | 0         |
|    clip_range           | 0.2       |
|    entropy_loss         | -0.0149   |
|    explained_variance   | -1.19e-07 |
|    learning_rate        | 0.0003    |
|    loss                 | 0.247     |
|    n_updates            | 1640      |
|    policy_gradient_loss | -1.35e-08 |
|    value_loss           | 0.447     |
---------------------------------------
--------------------------------------
| rollout/                |          |
|    ep_len_mean          | 1        |
|    ep_rew_mean          | -0.192   |
| time/                   |          |
|    fps                  | 960      |
|    iterations           | 412      |
|    time_elapsed         | 54       |
|    total_timesteps      | 52736    |
| train/                  |          |
|    approx_kl            | 0.0      |
|    clip_fraction        | 0        |
|    clip_range           | 0.2      |
|    entropy_loss         | -0.0154  |
|    explained_variance   | 0        |
|    learning_rate        | 0.0003   |
|    loss                 | 0.329    |
|    n_updates            | 1644     |
|    policy_gradient_loss | 7.8e-09  |
|    value_loss           | 0.438    |
--------------------------------------
---------------------------------------
| rollout/                |           |
|    ep_len_mean          | 1         |
|    ep_rew_mean          | -0.239    |
| time/                   |           |
|    fps                  | 960       |
|    iterations           | 413       |
|    time_elapsed         | 55        |
|    total_timesteps      | 52864     |
| train/                  |           |
|    approx_kl            | 0.0       |
|    clip_fraction        | 0         |
|    clip_range           | 0.2       |
|    entropy_loss         | -0.0155   |
|    explained_variance   | 0         |
|    learning_rate        | 0.0003    |
|    loss                 | 0.241     |
|    n_updates            | 1648      |
|    policy_gradient_loss | -3.96e-09 |
|    value_loss           | 0.485     |
---------------------------------------
--------------------------------------
| rollout/                |          |
|    ep_len_mean          | 1        |
|    ep_rew_mean          | -0.31    |
| time/                   |          |
|    fps                  | 960      |
|    iterations           | 414      |
|    time_elapsed         | 55       |
|    total_timesteps      | 52992    |
| train/                  |          |
|    approx_kl            | 0.0      |
|    clip_fraction        | 0        |
|    clip_range           | 0.2      |
|    entropy_loss         | -0.0155  |
|    explained_variance   | 1.19e-07 |
|    learning_rate        | 0.0003   |
|    loss                 | 0.229    |
|    n_updates            | 1652     |
|    policy_gradient_loss | -1.4e-09 |
|    value_loss           | 0.442    |
--------------------------------------
--------------------------------------
| rollout/                |          |
|    ep_len_mean          | 1        |
|    ep_rew_mean          | -0.131   |
| time/                   |          |
|    fps                  | 961      |
|    iterations           | 415      |
|    time_elapsed         | 55       |
|    total_timesteps      | 53120    |
| train/                  |          |
|    approx_kl            | 0.0      |
|    clip_fraction        | 0        |
|    clip_range           | 0.2      |
|    entropy_loss         | -0.0155  |
|    explained_variance   | 0        |
|    learning_rate        | 0.0003   |
|    loss                 | 0.176    |
|    n_updates            | 1656     |
|    policy_gradient_loss | -7.1e-09 |
|    value_loss           | 0.397    |
--------------------------------------
---------------------------------------
| rollout/                |           |
|    ep_len_mean          | 1         |
|    ep_rew_mean          | -0.324    |
| time/                   |           |
|    fps                  | 961       |
|    iterations           | 416       |
|    time_elapsed         | 55        |
|    total_timesteps      | 53248     |
| train/                  |           |
|    approx_kl            | 0.0       |
|    clip_fraction        | 0         |
|    clip_range           | 0.2       |
|    entropy_loss         | -0.0155   |
|    explained_variance   | 0         |
|    learning_rate        | 0.0003    |
|    loss                 | 0.273     |
|    n_updates            | 1660      |
|    policy_gradient_loss | -7.22e-09 |
|    value_loss           | 0.521     |
---------------------------------------
-------------------------------------------
| rollout/                |               |
|    ep_len_mean          | 1             |
|    ep_rew_mean          | -0.358        |
| time/                   |               |
|    fps                  | 961           |
|    iterations           | 417           |
|    time_elapsed         | 55            |
|    total_timesteps      | 53376         |
| train/                  |               |
|    approx_kl            | 0.00014549028 |
|    clip_fraction        | 0             |
|    clip_range           | 0.2           |
|    entropy_loss         | -0.0147       |
|    explained_variance   | 0             |
|    learning_rate        | 0.0003        |
|    loss                 | 0.265         |
|    n_updates            | 1664          |
|    policy_gradient_loss | -0.000343     |
|    value_loss           | 0.383         |
-------------------------------------------
---------------------------------------
| rollout/                |           |
|    ep_len_mean          | 1         |
|    ep_rew_mean          | -0.327    |
| time/                   |           |
|    fps                  | 961       |
|    iterations           | 418       |
|    time_elapsed         | 55        |
|    total_timesteps      | 53504     |
| train/                  |           |
|    approx_kl            | 0.0       |
|    clip_fraction        | 0         |
|    clip_range           | 0.2       |
|    entropy_loss         | -0.0127   |
|    explained_variance   | -1.19e-07 |
|    learning_rate        | 0.0003    |
|    loss                 | 0.239     |
|    n_updates            | 1668      |
|    policy_gradient_loss | 7.1e-09   |
|    value_loss           | 0.376     |
---------------------------------------
--------------------------------------
| rollout/                |          |
|    ep_len_mean          | 1        |
|    ep_rew_mean          | -0.37    |
| time/                   |          |
|    fps                  | 961      |
|    iterations           | 419      |
|    time_elapsed         | 55       |
|    total_timesteps      | 53632    |
| train/                  |          |
|    approx_kl            | 0.0      |
|    clip_fraction        | 0        |
|    clip_range           | 0.2      |
|    entropy_loss         | -0.0121  |
|    explained_variance   | 5.96e-08 |
|    learning_rate        | 0.0003   |
|    loss                 | 0.212    |
|    n_updates            | 1672     |
|    policy_gradient_loss | 1.07e-08 |
|    value_loss           | 0.375    |
--------------------------------------
------------------------------------------
| rollout/                |              |
|    ep_len_mean          | 1            |
|    ep_rew_mean          | -0.355       |
| time/                   |              |
|    fps                  | 962          |
|    iterations           | 420          |
|    time_elapsed         | 55           |
|    total_timesteps      | 53760        |
| train/                  |              |
|    approx_kl            | 8.535525e-05 |
|    clip_fraction        | 0            |
|    clip_range           | 0.2          |
|    entropy_loss         | -0.0115      |
|    explained_variance   | 5.96e-08     |
|    learning_rate        | 0.0003       |
|    loss                 | 0.211        |
|    n_updates            | 1676         |
|    policy_gradient_loss | -0.000318    |
|    value_loss           | 0.362        |
------------------------------------------
---------------------------------------
| rollout/                |           |
|    ep_len_mean          | 1         |
|    ep_rew_mean          | -0.238    |
| time/                   |           |
|    fps                  | 962       |
|    iterations           | 421       |
|    time_elapsed         | 55        |
|    total_timesteps      | 53888     |
| train/                  |           |
|    approx_kl            | 0.0       |
|    clip_fraction        | 0         |
|    clip_range           | 0.2       |
|    entropy_loss         | -0.00995  |
|    explained_variance   | 0         |
|    learning_rate        | 0.0003    |
|    loss                 | 0.151     |
|    n_updates            | 1680      |
|    policy_gradient_loss | -8.27e-09 |
|    value_loss           | 0.394     |
---------------------------------------
--------------------------------------
| rollout/                |          |
|    ep_len_mean          | 1        |
|    ep_rew_mean          | -0.236   |
| time/                   |          |
|    fps                  | 962      |
|    iterations           | 422      |
|    time_elapsed         | 56       |
|    total_timesteps      | 54016    |
| train/                  |          |
|    approx_kl            | 0.0      |
|    clip_fraction        | 0        |
|    clip_range           | 0.2      |
|    entropy_loss         | -0.00953 |
|    explained_variance   | 0        |
|    learning_rate        | 0.0003   |
|    loss                 | 0.228    |
|    n_updates            | 1684     |
|    policy_gradient_loss | 9.55e-09 |
|    value_loss           | 0.434    |
--------------------------------------
-------------------------------------------
| rollout/                |               |
|    ep_len_mean          | 1             |
|    ep_rew_mean          | -0.268        |
| time/                   |               |
|    fps                  | 962           |
|    iterations           | 423           |
|    time_elapsed         | 56            |
|    total_timesteps      | 54144         |
| train/                  |               |
|    approx_kl            | 0.00011760183 |
|    clip_fraction        | 0             |
|    clip_range           | 0.2           |
|    entropy_loss         | -0.00904      |
|    explained_variance   | 0             |
|    learning_rate        | 0.0003        |
|    loss                 | 0.261         |
|    n_updates            | 1688          |
|    policy_gradient_loss | -0.000307     |
|    value_loss           | 0.444         |
-------------------------------------------
---------------------------------------
| rollout/                |           |
|    ep_len_mean          | 1         |
|    ep_rew_mean          | -0.205    |
| time/                   |           |
|    fps                  | 963       |
|    iterations           | 424       |
|    time_elapsed         | 56        |
|    total_timesteps      | 54272     |
| train/                  |           |
|    approx_kl            | 0.0       |
|    clip_fraction        | 0         |
|    clip_range           | 0.2       |
|    entropy_loss         | -0.00782  |
|    explained_variance   | 0         |
|    learning_rate        | 0.0003    |
|    loss                 | 0.212     |
|    n_updates            | 1692      |
|    policy_gradient_loss | -3.61e-09 |
|    value_loss           | 0.455     |
---------------------------------------
---------------------------------------
| rollout/                |           |
|    ep_len_mean          | 1         |
|    ep_rew_mean          | -0.268    |
| time/                   |           |
|    fps                  | 963       |
|    iterations           | 425       |
|    time_elapsed         | 56        |
|    total_timesteps      | 54400     |
| train/                  |           |
|    approx_kl            | 0.0       |
|    clip_fraction        | 0         |
|    clip_range           | 0.2       |
|    entropy_loss         | -0.00746  |
|    explained_variance   | 0         |
|    learning_rate        | 0.0003    |
|    loss                 | 0.197     |
|    n_updates            | 1696      |
|    policy_gradient_loss | -6.64e-09 |
|    value_loss           | 0.446     |
---------------------------------------
--------------------------------------
| rollout/                |          |
|    ep_len_mean          | 1        |
|    ep_rew_mean          | -0.236   |
| time/                   |          |
|    fps                  | 963      |
|    iterations           | 426      |
|    time_elapsed         | 56       |
|    total_timesteps      | 54528    |
| train/                  |          |
|    approx_kl            | 0.0      |
|    clip_fraction        | 0        |
|    clip_range           | 0.2      |
|    entropy_loss         | -0.0074  |
|    explained_variance   | 0        |
|    learning_rate        | 0.0003   |
|    loss                 | 0.227    |
|    n_updates            | 1700     |
|    policy_gradient_loss | 4.89e-09 |
|    value_loss           | 0.431    |
--------------------------------------
--------------------------------------
| rollout/                |          |
|    ep_len_mean          | 1        |
|    ep_rew_mean          | -0.298   |
| time/                   |          |
|    fps                  | 963      |
|    iterations           | 427      |
|    time_elapsed         | 56       |
|    total_timesteps      | 54656    |
| train/                  |          |
|    approx_kl            | 0.0      |
|    clip_fraction        | 0        |
|    clip_range           | 0.2      |
|    entropy_loss         | -0.00738 |
|    explained_variance   | 0        |
|    learning_rate        | 0.0003   |
|    loss                 | 0.215    |
|    n_updates            | 1704     |
|    policy_gradient_loss | 1.28e-09 |
|    value_loss           | 0.441    |
--------------------------------------
--------------------------------------
| rollout/                |          |
|    ep_len_mean          | 1        |
|    ep_rew_mean          | -0.279   |
| time/                   |          |
|    fps                  | 963      |
|    iterations           | 428      |
|    time_elapsed         | 56       |
|    total_timesteps      | 54784    |
| train/                  |          |
|    approx_kl            | 0.0      |
|    clip_fraction        | 0        |
|    clip_range           | 0.2      |
|    entropy_loss         | -0.00738 |
|    explained_variance   | 0        |
|    learning_rate        | 0.0003   |
|    loss                 | 0.231    |
|    n_updates            | 1708     |
|    policy_gradient_loss | 7.1e-09  |
|    value_loss           | 0.407    |
--------------------------------------
---------------------------------------
| rollout/                |           |
|    ep_len_mean          | 1         |
|    ep_rew_mean          | -0.267    |
| time/                   |           |
|    fps                  | 964       |
|    iterations           | 429       |
|    time_elapsed         | 56        |
|    total_timesteps      | 54912     |
| train/                  |           |
|    approx_kl            | 0.0       |
|    clip_fraction        | 0         |
|    clip_range           | 0.2       |
|    entropy_loss         | -0.00738  |
|    explained_variance   | 0         |
|    learning_rate        | 0.0003    |
|    loss                 | 0.173     |
|    n_updates            | 1712      |
|    policy_gradient_loss | -2.91e-09 |
|    value_loss           | 0.421     |
---------------------------------------
--------------------------------------
| rollout/                |          |
|    ep_len_mean          | 1        |
|    ep_rew_mean          | -0.193   |
| time/                   |          |
|    fps                  | 964      |
|    iterations           | 430      |
|    time_elapsed         | 57       |
|    total_timesteps      | 55040    |
| train/                  |          |
|    approx_kl            | 0.0      |
|    clip_fraction        | 0        |
|    clip_range           | 0.2      |
|    entropy_loss         | -0.00738 |
|    explained_variance   | 0        |
|    learning_rate        | 0.0003   |
|    loss                 | 0.263    |
|    n_updates            | 1716     |
|    policy_gradient_loss | 2.21e-09 |
|    value_loss           | 0.42     |
--------------------------------------
--------------------------------------
| rollout/                |          |
|    ep_len_mean          | 1        |
|    ep_rew_mean          | -0.297   |
| time/                   |          |
|    fps                  | 964      |
|    iterations           | 431      |
|    time_elapsed         | 57       |
|    total_timesteps      | 55168    |
| train/                  |          |
|    approx_kl            | 0.0      |
|    clip_fraction        | 0        |
|    clip_range           | 0.2      |
|    entropy_loss         | -0.00738 |
|    explained_variance   | 0        |
|    learning_rate        | 0.0003   |
|    loss                 | 0.269    |
|    n_updates            | 1720     |
|    policy_gradient_loss | 3.49e-09 |
|    value_loss           | 0.487    |
--------------------------------------
---------------------------------------
| rollout/                |           |
|    ep_len_mean          | 1         |
|    ep_rew_mean          | -0.206    |
| time/                   |           |
|    fps                  | 965       |
|    iterations           | 432       |
|    time_elapsed         | 57        |
|    total_timesteps      | 55296     |
| train/                  |           |
|    approx_kl            | 0.0       |
|    clip_fraction        | 0         |
|    clip_range           | 0.2       |
|    entropy_loss         | -0.00738  |
|    explained_variance   | 0         |
|    learning_rate        | 0.0003    |
|    loss                 | 0.274     |
|    n_updates            | 1724      |
|    policy_gradient_loss | -4.31e-09 |
|    value_loss           | 0.42      |
---------------------------------------
--------------------------------------
| rollout/                |          |
|    ep_len_mean          | 1        |
|    ep_rew_mean          | -0.283   |
| time/                   |          |
|    fps                  | 965      |
|    iterations           | 433      |
|    time_elapsed         | 57       |
|    total_timesteps      | 55424    |
| train/                  |          |
|    approx_kl            | 0.0      |
|    clip_fraction        | 0        |
|    clip_range           | 0.2      |
|    entropy_loss         | -0.00738 |
|    explained_variance   | 1.79e-07 |
|    learning_rate        | 0.0003   |
|    loss                 | 0.297    |
|    n_updates            | 1728     |
|    policy_gradient_loss | 9.31e-10 |
|    value_loss           | 0.445    |
--------------------------------------
---------------------------------------
| rollout/                |           |
|    ep_len_mean          | 1         |
|    ep_rew_mean          | -0.401    |
| time/                   |           |
|    fps                  | 965       |
|    iterations           | 434       |
|    time_elapsed         | 57        |
|    total_timesteps      | 55552     |
| train/                  |           |
|    approx_kl            | 0.0       |
|    clip_fraction        | 0         |
|    clip_range           | 0.2       |
|    entropy_loss         | -0.00738  |
|    explained_variance   | -1.19e-07 |
|    learning_rate        | 0.0003    |
|    loss                 | 0.279     |
|    n_updates            | 1732      |
|    policy_gradient_loss | 3.96e-09  |
|    value_loss           | 0.433     |
---------------------------------------
---------------------------------------
| rollout/                |           |
|    ep_len_mean          | 1         |
|    ep_rew_mean          | -0.205    |
| time/                   |           |
|    fps                  | 965       |
|    iterations           | 435       |
|    time_elapsed         | 57        |
|    total_timesteps      | 55680     |
| train/                  |           |
|    approx_kl            | 0.0       |
|    clip_fraction        | 0         |
|    clip_range           | 0.2       |
|    entropy_loss         | -0.00738  |
|    explained_variance   | 0         |
|    learning_rate        | 0.0003    |
|    loss                 | 0.21      |
|    n_updates            | 1736      |
|    policy_gradient_loss | -3.03e-09 |
|    value_loss           | 0.349     |
---------------------------------------
-------------------------------------------
| rollout/                |               |
|    ep_len_mean          | 1             |
|    ep_rew_mean          | -0.237        |
| time/                   |               |
|    fps                  | 965           |
|    iterations           | 436           |
|    time_elapsed         | 57            |
|    total_timesteps      | 55808         |
| train/                  |               |
|    approx_kl            | 0.00014168117 |
|    clip_fraction        | 0             |
|    clip_range           | 0.2           |
|    entropy_loss         | -0.00705      |
|    explained_variance   | 0             |
|    learning_rate        | 0.0003        |
|    loss                 | 0.209         |
|    n_updates            | 1740          |
|    policy_gradient_loss | -0.000365     |
|    value_loss           | 0.455         |
-------------------------------------------
--------------------------------------
| rollout/                |          |
|    ep_len_mean          | 1        |
|    ep_rew_mean          | -0.237   |
| time/                   |          |
|    fps                  | 966      |
|    iterations           | 437      |
|    time_elapsed         | 57       |
|    total_timesteps      | 55936    |
| train/                  |          |
|    approx_kl            | 0.0      |
|    clip_fraction        | 0        |
|    clip_range           | 0.2      |
|    entropy_loss         | -0.00598 |
|    explained_variance   | 0        |
|    learning_rate        | 0.0003   |
|    loss                 | 0.226    |
|    n_updates            | 1744     |
|    policy_gradient_loss | 5.01e-09 |
|    value_loss           | 0.478    |
--------------------------------------
--------------------------------------
| rollout/                |          |
|    ep_len_mean          | 1        |
|    ep_rew_mean          | -0.328   |
| time/                   |          |
|    fps                  | 966      |
|    iterations           | 438      |
|    time_elapsed         | 58       |
|    total_timesteps      | 56064    |
| train/                  |          |
|    approx_kl            | 0.0      |
|    clip_fraction        | 0        |
|    clip_range           | 0.2      |
|    entropy_loss         | -0.00567 |
|    explained_variance   | 0        |
|    learning_rate        | 0.0003   |
|    loss                 | 0.266    |
|    n_updates            | 1748     |
|    policy_gradient_loss | 0        |
|    value_loss           | 0.448    |
--------------------------------------
--------------------------------------
| rollout/                |          |
|    ep_len_mean          | 1        |
|    ep_rew_mean          | -0.179   |
| time/                   |          |
|    fps                  | 966      |
|    iterations           | 439      |
|    time_elapsed         | 58       |
|    total_timesteps      | 56192    |
| train/                  |          |
|    approx_kl            | 0.0      |
|    clip_fraction        | 0        |
|    clip_range           | 0.2      |
|    entropy_loss         | -0.00561 |
|    explained_variance   | 0        |
|    learning_rate        | 0.0003   |
|    loss                 | 0.193    |
|    n_updates            | 1752     |
|    policy_gradient_loss | 7.22e-09 |
|    value_loss           | 0.417    |
--------------------------------------
---------------------------------------
| rollout/                |           |
|    ep_len_mean          | 1         |
|    ep_rew_mean          | -0.28     |
| time/                   |           |
|    fps                  | 966       |
|    iterations           | 440       |
|    time_elapsed         | 58        |
|    total_timesteps      | 56320     |
| train/                  |           |
|    approx_kl            | 0.0       |
|    clip_fraction        | 0         |
|    clip_range           | 0.2       |
|    entropy_loss         | -0.0056   |
|    explained_variance   | 0         |
|    learning_rate        | 0.0003    |
|    loss                 | 0.244     |
|    n_updates            | 1756      |
|    policy_gradient_loss | -5.12e-09 |
|    value_loss           | 0.515     |
---------------------------------------
---------------------------------------
| rollout/                |           |
|    ep_len_mean          | 1.01      |
|    ep_rew_mean          | -0.22     |
| time/                   |           |
|    fps                  | 966       |
|    iterations           | 441       |
|    time_elapsed         | 58        |
|    total_timesteps      | 56448     |
| train/                  |           |
|    approx_kl            | 0.0       |
|    clip_fraction        | 0         |
|    clip_range           | 0.2       |
|    entropy_loss         | -0.0056   |
|    explained_variance   | 0         |
|    learning_rate        | 0.0003    |
|    loss                 | 0.168     |
|    n_updates            | 1760      |
|    policy_gradient_loss | -5.01e-09 |
|    value_loss           | 0.423     |
---------------------------------------
------------------------------------------
| rollout/                |              |
|    ep_len_mean          | 1            |
|    ep_rew_mean          | -0.342       |
| time/                   |              |
|    fps                  | 967          |
|    iterations           | 442          |
|    time_elapsed         | 58           |
|    total_timesteps      | 56576        |
| train/                  |              |
|    approx_kl            | 0.0010815267 |
|    clip_fraction        | 0.00586      |
|    clip_range           | 0.2          |
|    entropy_loss         | -0.00498     |
|    explained_variance   | 0.000258     |
|    learning_rate        | 0.0003       |
|    loss                 | 0.316        |
|    n_updates            | 1764         |
|    policy_gradient_loss | -0.00115     |
|    value_loss           | 0.447        |
------------------------------------------
---------------------------------------
| rollout/                |           |
|    ep_len_mean          | 1         |
|    ep_rew_mean          | -0.388    |
| time/                   |           |
|    fps                  | 967       |
|    iterations           | 443       |
|    time_elapsed         | 58        |
|    total_timesteps      | 56704     |
| train/                  |           |
|    approx_kl            | 0.0       |
|    clip_fraction        | 0         |
|    clip_range           | 0.2       |
|    entropy_loss         | -0.00404  |
|    explained_variance   | 0         |
|    learning_rate        | 0.0003    |
|    loss                 | 0.153     |
|    n_updates            | 1768      |
|    policy_gradient_loss | -8.15e-09 |
|    value_loss           | 0.351     |
---------------------------------------
---------------------------------------
| rollout/                |           |
|    ep_len_mean          | 1         |
|    ep_rew_mean          | -0.269    |
| time/                   |           |
|    fps                  | 967       |
|    iterations           | 444       |
|    time_elapsed         | 58        |
|    total_timesteps      | 56832     |
| train/                  |           |
|    approx_kl            | 0.0       |
|    clip_fraction        | 0         |
|    clip_range           | 0.2       |
|    entropy_loss         | -0.00386  |
|    explained_variance   | 0         |
|    learning_rate        | 0.0003    |
|    loss                 | 0.174     |
|    n_updates            | 1772      |
|    policy_gradient_loss | -3.38e-09 |
|    value_loss           | 0.346     |
---------------------------------------
---------------------------------------
| rollout/                |           |
|    ep_len_mean          | 1         |
|    ep_rew_mean          | -0.297    |
| time/                   |           |
|    fps                  | 968       |
|    iterations           | 445       |
|    time_elapsed         | 58        |
|    total_timesteps      | 56960     |
| train/                  |           |
|    approx_kl            | 0.0       |
|    clip_fraction        | 0         |
|    clip_range           | 0.2       |
|    entropy_loss         | -0.00383  |
|    explained_variance   | -1.19e-07 |
|    learning_rate        | 0.0003    |
|    loss                 | 0.232     |
|    n_updates            | 1776      |
|    policy_gradient_loss | -1.44e-08 |
|    value_loss           | 0.418     |
---------------------------------------
--------------------------------------
| rollout/                |          |
|    ep_len_mean          | 1        |
|    ep_rew_mean          | -0.178   |
| time/                   |          |
|    fps                  | 968      |
|    iterations           | 446      |
|    time_elapsed         | 58       |
|    total_timesteps      | 57088    |
| train/                  |          |
|    approx_kl            | 0.0      |
|    clip_fraction        | 0        |
|    clip_range           | 0.2      |
|    entropy_loss         | -0.00382 |
|    explained_variance   | 0        |
|    learning_rate        | 0.0003   |
|    loss                 | 0.232    |
|    n_updates            | 1780     |
|    policy_gradient_loss | 5.24e-09 |
|    value_loss           | 0.404    |
--------------------------------------
---------------------------------------
| rollout/                |           |
|    ep_len_mean          | 1         |
|    ep_rew_mean          | -0.386    |
| time/                   |           |
|    fps                  | 968       |
|    iterations           | 447       |
|    time_elapsed         | 59        |
|    total_timesteps      | 57216     |
| train/                  |           |
|    approx_kl            | 0.0       |
|    clip_fraction        | 0         |
|    clip_range           | 0.2       |
|    entropy_loss         | -0.00382  |
|    explained_variance   | 0         |
|    learning_rate        | 0.0003    |
|    loss                 | 0.243     |
|    n_updates            | 1784      |
|    policy_gradient_loss | -9.31e-09 |
|    value_loss           | 0.472     |
---------------------------------------
--------------------------------------
| rollout/                |          |
|    ep_len_mean          | 1        |
|    ep_rew_mean          | -0.355   |
| time/                   |          |
|    fps                  | 968      |
|    iterations           | 448      |
|    time_elapsed         | 59       |
|    total_timesteps      | 57344    |
| train/                  |          |
|    approx_kl            | 0.0      |
|    clip_fraction        | 0        |
|    clip_range           | 0.2      |
|    entropy_loss         | -0.00382 |
|    explained_variance   | 0        |
|    learning_rate        | 0.0003   |
|    loss                 | 0.153    |
|    n_updates            | 1788     |
|    policy_gradient_loss | 3.14e-09 |
|    value_loss           | 0.347    |
--------------------------------------
-------------------------------------------
| rollout/                |               |
|    ep_len_mean          | 1             |
|    ep_rew_mean          | -0.416        |
| time/                   |               |
|    fps                  | 969           |
|    iterations           | 449           |
|    time_elapsed         | 59            |
|    total_timesteps      | 57472         |
| train/                  |               |
|    approx_kl            | 0.00015384704 |
|    clip_fraction        | 0             |
|    clip_range           | 0.2           |
|    entropy_loss         | -0.00364      |
|    explained_variance   | 0             |
|    learning_rate        | 0.0003        |
|    loss                 | 0.215         |
|    n_updates            | 1792          |
|    policy_gradient_loss | -0.000348     |
|    value_loss           | 0.343         |
-------------------------------------------
---------------------------------------
| rollout/                |           |
|    ep_len_mean          | 1         |
|    ep_rew_mean          | -0.22     |
| time/                   |           |
|    fps                  | 969       |
|    iterations           | 450       |
|    time_elapsed         | 59        |
|    total_timesteps      | 57600     |
| train/                  |           |
|    approx_kl            | 0.0       |
|    clip_fraction        | 0         |
|    clip_range           | 0.2       |
|    entropy_loss         | -0.00317  |
|    explained_variance   | 0         |
|    learning_rate        | 0.0003    |
|    loss                 | 0.149     |
|    n_updates            | 1796      |
|    policy_gradient_loss | -5.12e-09 |
|    value_loss           | 0.342     |
---------------------------------------
---------------------------------------
| rollout/                |           |
|    ep_len_mean          | 1         |
|    ep_rew_mean          | -0.222    |
| time/                   |           |
|    fps                  | 969       |
|    iterations           | 451       |
|    time_elapsed         | 59        |
|    total_timesteps      | 57728     |
| train/                  |           |
|    approx_kl            | 0.0       |
|    clip_fraction        | 0         |
|    clip_range           | 0.2       |
|    entropy_loss         | -0.00301  |
|    explained_variance   | 0         |
|    learning_rate        | 0.0003    |
|    loss                 | 0.173     |
|    n_updates            | 1800      |
|    policy_gradient_loss | -8.96e-09 |
|    value_loss           | 0.44      |
---------------------------------------
---------------------------------------
| rollout/                |           |
|    ep_len_mean          | 1         |
|    ep_rew_mean          | -0.283    |
| time/                   |           |
|    fps                  | 969       |
|    iterations           | 452       |
|    time_elapsed         | 59        |
|    total_timesteps      | 57856     |
| train/                  |           |
|    approx_kl            | 0.0       |
|    clip_fraction        | 0         |
|    clip_range           | 0.2       |
|    entropy_loss         | -0.00298  |
|    explained_variance   | 0         |
|    learning_rate        | 0.0003    |
|    loss                 | 0.212     |
|    n_updates            | 1804      |
|    policy_gradient_loss | -5.24e-09 |
|    value_loss           | 0.449     |
---------------------------------------
--------------------------------------
| rollout/                |          |
|    ep_len_mean          | 1        |
|    ep_rew_mean          | -0.207   |
| time/                   |          |
|    fps                  | 970      |
|    iterations           | 453      |
|    time_elapsed         | 59       |
|    total_timesteps      | 57984    |
| train/                  |          |
|    approx_kl            | 0.0      |
|    clip_fraction        | 0        |
|    clip_range           | 0.2      |
|    entropy_loss         | -0.00298 |
|    explained_variance   | 1.19e-07 |
|    learning_rate        | 0.0003   |
|    loss                 | 0.227    |
|    n_updates            | 1808     |
|    policy_gradient_loss | 1.46e-08 |
|    value_loss           | 0.448    |
--------------------------------------
--------------------------------------
| rollout/                |          |
|    ep_len_mean          | 1        |
|    ep_rew_mean          | -0.268   |
| time/                   |          |
|    fps                  | 970      |
|    iterations           | 454      |
|    time_elapsed         | 59       |
|    total_timesteps      | 58112    |
| train/                  |          |
|    approx_kl            | 0.0      |
|    clip_fraction        | 0        |
|    clip_range           | 0.2      |
|    entropy_loss         | -0.00297 |
|    explained_variance   | 5.96e-08 |
|    learning_rate        | 0.0003   |
|    loss                 | 0.241    |
|    n_updates            | 1812     |
|    policy_gradient_loss | 6.98e-10 |
|    value_loss           | 0.472    |
--------------------------------------
---------------------------------------
| rollout/                |           |
|    ep_len_mean          | 1         |
|    ep_rew_mean          | -0.209    |
| time/                   |           |
|    fps                  | 970       |
|    iterations           | 455       |
|    time_elapsed         | 60        |
|    total_timesteps      | 58240     |
| train/                  |           |
|    approx_kl            | 0.0       |
|    clip_fraction        | 0         |
|    clip_range           | 0.2       |
|    entropy_loss         | -0.00297  |
|    explained_variance   | 0         |
|    learning_rate        | 0.0003    |
|    loss                 | 0.276     |
|    n_updates            | 1816      |
|    policy_gradient_loss | -6.29e-09 |
|    value_loss           | 0.443     |
---------------------------------------
---------------------------------------
| rollout/                |           |
|    ep_len_mean          | 1         |
|    ep_rew_mean          | -0.358    |
| time/                   |           |
|    fps                  | 970       |
|    iterations           | 456       |
|    time_elapsed         | 60        |
|    total_timesteps      | 58368     |
| train/                  |           |
|    approx_kl            | 0.0       |
|    clip_fraction        | 0         |
|    clip_range           | 0.2       |
|    entropy_loss         | -0.00297  |
|    explained_variance   | 0         |
|    learning_rate        | 0.0003    |
|    loss                 | 0.276     |
|    n_updates            | 1820      |
|    policy_gradient_loss | -4.54e-09 |
|    value_loss           | 0.472     |
---------------------------------------
--------------------------------------
| rollout/                |          |
|    ep_len_mean          | 1        |
|    ep_rew_mean          | -0.327   |
| time/                   |          |
|    fps                  | 970      |
|    iterations           | 457      |
|    time_elapsed         | 60       |
|    total_timesteps      | 58496    |
| train/                  |          |
|    approx_kl            | 0.0      |
|    clip_fraction        | 0        |
|    clip_range           | 0.2      |
|    entropy_loss         | -0.00297 |
|    explained_variance   | 5.96e-08 |
|    learning_rate        | 0.0003   |
|    loss                 | 0.278    |
|    n_updates            | 1824     |
|    policy_gradient_loss | -9.9e-09 |
|    value_loss           | 0.424    |
--------------------------------------
---------------------------------------
| rollout/                |           |
|    ep_len_mean          | 1         |
|    ep_rew_mean          | -0.298    |
| time/                   |           |
|    fps                  | 971       |
|    iterations           | 458       |
|    time_elapsed         | 60        |
|    total_timesteps      | 58624     |
| train/                  |           |
|    approx_kl            | 0.0       |
|    clip_fraction        | 0         |
|    clip_range           | 0.2       |
|    entropy_loss         | -0.00297  |
|    explained_variance   | 0         |
|    learning_rate        | 0.0003    |
|    loss                 | 0.232     |
|    n_updates            | 1828      |
|    policy_gradient_loss | -8.61e-09 |
|    value_loss           | 0.377     |
---------------------------------------
---------------------------------------
| rollout/                |           |
|    ep_len_mean          | 1         |
|    ep_rew_mean          | -0.268    |
| time/                   |           |
|    fps                  | 971       |
|    iterations           | 459       |
|    time_elapsed         | 60        |
|    total_timesteps      | 58752     |
| train/                  |           |
|    approx_kl            | 0.0       |
|    clip_fraction        | 0         |
|    clip_range           | 0.2       |
|    entropy_loss         | -0.00297  |
|    explained_variance   | -1.19e-07 |
|    learning_rate        | 0.0003    |
|    loss                 | 0.211     |
|    n_updates            | 1832      |
|    policy_gradient_loss | -1.58e-08 |
|    value_loss           | 0.413     |
---------------------------------------
--------------------------------------
| rollout/                |          |
|    ep_len_mean          | 1        |
|    ep_rew_mean          | -0.342   |
| time/                   |          |
|    fps                  | 971      |
|    iterations           | 460      |
|    time_elapsed         | 60       |
|    total_timesteps      | 58880    |
| train/                  |          |
|    approx_kl            | 0.0      |
|    clip_fraction        | 0        |
|    clip_range           | 0.2      |
|    entropy_loss         | -0.00297 |
|    explained_variance   | 0        |
|    learning_rate        | 0.0003   |
|    loss                 | 0.193    |
|    n_updates            | 1836     |
|    policy_gradient_loss | 1.16e-08 |
|    value_loss           | 0.438    |
--------------------------------------
--------------------------------------
| rollout/                |          |
|    ep_len_mean          | 1        |
|    ep_rew_mean          | -0.206   |
| time/                   |          |
|    fps                  | 971      |
|    iterations           | 461      |
|    time_elapsed         | 60       |
|    total_timesteps      | 59008    |
| train/                  |          |
|    approx_kl            | 0.0      |
|    clip_fraction        | 0        |
|    clip_range           | 0.2      |
|    entropy_loss         | -0.00297 |
|    explained_variance   | 5.96e-08 |
|    learning_rate        | 0.0003   |
|    loss                 | 0.173    |
|    n_updates            | 1840     |
|    policy_gradient_loss | 2.33e-10 |
|    value_loss           | 0.37     |
--------------------------------------
---------------------------------------
| rollout/                |           |
|    ep_len_mean          | 1         |
|    ep_rew_mean          | -0.415    |
| time/                   |           |
|    fps                  | 971       |
|    iterations           | 462       |
|    time_elapsed         | 60        |
|    total_timesteps      | 59136     |
| train/                  |           |
|    approx_kl            | 0.0       |
|    clip_fraction        | 0         |
|    clip_range           | 0.2       |
|    entropy_loss         | -0.00297  |
|    explained_variance   | 0         |
|    learning_rate        | 0.0003    |
|    loss                 | 0.176     |
|    n_updates            | 1844      |
|    policy_gradient_loss | -1.44e-08 |
|    value_loss           | 0.46      |
---------------------------------------
---------------------------------------
| rollout/                |           |
|    ep_len_mean          | 1         |
|    ep_rew_mean          | -0.238    |
| time/                   |           |
|    fps                  | 972       |
|    iterations           | 463       |
|    time_elapsed         | 60        |
|    total_timesteps      | 59264     |
| train/                  |           |
|    approx_kl            | 0.0       |
|    clip_fraction        | 0         |
|    clip_range           | 0.2       |
|    entropy_loss         | -0.00297  |
|    explained_variance   | 0         |
|    learning_rate        | 0.0003    |
|    loss                 | 0.171     |
|    n_updates            | 1848      |
|    policy_gradient_loss | -4.31e-09 |
|    value_loss           | 0.31      |
---------------------------------------
--------------------------------------
| rollout/                |          |
|    ep_len_mean          | 1        |
|    ep_rew_mean          | -0.387   |
| time/                   |          |
|    fps                  | 972      |
|    iterations           | 464      |
|    time_elapsed         | 61       |
|    total_timesteps      | 59392    |
| train/                  |          |
|    approx_kl            | 0.0      |
|    clip_fraction        | 0        |
|    clip_range           | 0.2      |
|    entropy_loss         | -0.00297 |
|    explained_variance   | 1.19e-07 |
|    learning_rate        | 0.0003   |
|    loss                 | 0.213    |
|    n_updates            | 1852     |
|    policy_gradient_loss | 5.24e-09 |
|    value_loss           | 0.45     |
--------------------------------------
--------------------------------------
| rollout/                |          |
|    ep_len_mean          | 1        |
|    ep_rew_mean          | -0.159   |
| time/                   |          |
|    fps                  | 972      |
|    iterations           | 465      |
|    time_elapsed         | 61       |
|    total_timesteps      | 59520    |
| train/                  |          |
|    approx_kl            | 0.0      |
|    clip_fraction        | 0        |
|    clip_range           | 0.2      |
|    entropy_loss         | -0.00297 |
|    explained_variance   | 1.79e-07 |
|    learning_rate        | 0.0003   |
|    loss                 | 0.249    |
|    n_updates            | 1856     |
|    policy_gradient_loss | 1e-08    |
|    value_loss           | 0.375    |
--------------------------------------
---------------------------------------
| rollout/                |           |
|    ep_len_mean          | 1         |
|    ep_rew_mean          | -0.223    |
| time/                   |           |
|    fps                  | 972       |
|    iterations           | 466       |
|    time_elapsed         | 61        |
|    total_timesteps      | 59648     |
| train/                  |           |
|    approx_kl            | 0.0       |
|    clip_fraction        | 0         |
|    clip_range           | 0.2       |
|    entropy_loss         | -0.00297  |
|    explained_variance   | -2.38e-07 |
|    learning_rate        | 0.0003    |
|    loss                 | 0.183     |
|    n_updates            | 1860      |
|    policy_gradient_loss | 2.56e-09  |
|    value_loss           | 0.506     |
---------------------------------------
---------------------------------------
| rollout/                |           |
|    ep_len_mean          | 1         |
|    ep_rew_mean          | -0.267    |
| time/                   |           |
|    fps                  | 973       |
|    iterations           | 467       |
|    time_elapsed         | 61        |
|    total_timesteps      | 59776     |
| train/                  |           |
|    approx_kl            | 0.0       |
|    clip_fraction        | 0         |
|    clip_range           | 0.2       |
|    entropy_loss         | -0.00297  |
|    explained_variance   | 0         |
|    learning_rate        | 0.0003    |
|    loss                 | 0.152     |
|    n_updates            | 1864      |
|    policy_gradient_loss | -8.15e-10 |
|    value_loss           | 0.421     |
---------------------------------------
--------------------------------------
| rollout/                |          |
|    ep_len_mean          | 1        |
|    ep_rew_mean          | -0.326   |
| time/                   |          |
|    fps                  | 973      |
|    iterations           | 468      |
|    time_elapsed         | 61       |
|    total_timesteps      | 59904    |
| train/                  |          |
|    approx_kl            | 0.0      |
|    clip_fraction        | 0        |
|    clip_range           | 0.2      |
|    entropy_loss         | -0.00297 |
|    explained_variance   | 0        |
|    learning_rate        | 0.0003   |
|    loss                 | 0.119    |
|    n_updates            | 1868     |
|    policy_gradient_loss | 4.66e-10 |
|    value_loss           | 0.404    |
--------------------------------------
--------------------------------------
| rollout/                |          |
|    ep_len_mean          | 1        |
|    ep_rew_mean          | -0.33    |
| time/                   |          |
|    fps                  | 973      |
|    iterations           | 469      |
|    time_elapsed         | 61       |
|    total_timesteps      | 60032    |
| train/                  |          |
|    approx_kl            | 0.0      |
|    clip_fraction        | 0        |
|    clip_range           | 0.2      |
|    entropy_loss         | -0.00297 |
|    explained_variance   | 1.19e-07 |
|    learning_rate        | 0.0003   |
|    loss                 | 0.174    |
|    n_updates            | 1872     |
|    policy_gradient_loss | 7.22e-09 |
|    value_loss           | 0.403    |
--------------------------------------
---------------------------------------
| rollout/                |           |
|    ep_len_mean          | 1         |
|    ep_rew_mean          | -0.267    |
| time/                   |           |
|    fps                  | 973       |
|    iterations           | 470       |
|    time_elapsed         | 61        |
|    total_timesteps      | 60160     |
| train/                  |           |
|    approx_kl            | 0.0       |
|    clip_fraction        | 0         |
|    clip_range           | 0.2       |
|    entropy_loss         | -0.00297  |
|    explained_variance   | -1.19e-07 |
|    learning_rate        | 0.0003    |
|    loss                 | 0.257     |
|    n_updates            | 1876      |
|    policy_gradient_loss | -6.05e-09 |
|    value_loss           | 0.325     |
---------------------------------------
---------------------------------------
| rollout/                |           |
|    ep_len_mean          | 1         |
|    ep_rew_mean          | -0.343    |
| time/                   |           |
|    fps                  | 974       |
|    iterations           | 471       |
|    time_elapsed         | 61        |
|    total_timesteps      | 60288     |
| train/                  |           |
|    approx_kl            | 0.0       |
|    clip_fraction        | 0         |
|    clip_range           | 0.2       |
|    entropy_loss         | -0.00297  |
|    explained_variance   | -1.19e-07 |
|    learning_rate        | 0.0003    |
|    loss                 | 0.21      |
|    n_updates            | 1880      |
|    policy_gradient_loss | -3.49e-09 |
|    value_loss           | 0.459     |
---------------------------------------
--------------------------------------
| rollout/                |          |
|    ep_len_mean          | 1        |
|    ep_rew_mean          | -0.357   |
| time/                   |          |
|    fps                  | 974      |
|    iterations           | 472      |
|    time_elapsed         | 62       |
|    total_timesteps      | 60416    |
| train/                  |          |
|    approx_kl            | 0.0      |
|    clip_fraction        | 0        |
|    clip_range           | 0.2      |
|    entropy_loss         | -0.00297 |
|    explained_variance   | 1.79e-07 |
|    learning_rate        | 0.0003   |
|    loss                 | 0.212    |
|    n_updates            | 1884     |
|    policy_gradient_loss | -1.4e-09 |
|    value_loss           | 0.377    |
--------------------------------------
---------------------------------------
| rollout/                |           |
|    ep_len_mean          | 1         |
|    ep_rew_mean          | -0.326    |
| time/                   |           |
|    fps                  | 974       |
|    iterations           | 473       |
|    time_elapsed         | 62        |
|    total_timesteps      | 60544     |
| train/                  |           |
|    approx_kl            | 0.0       |
|    clip_fraction        | 0         |
|    clip_range           | 0.2       |
|    entropy_loss         | -0.00297  |
|    explained_variance   | -1.19e-07 |
|    learning_rate        | 0.0003    |
|    loss                 | 0.191     |
|    n_updates            | 1888      |
|    policy_gradient_loss | -7.8e-09  |
|    value_loss           | 0.373     |
---------------------------------------
---------------------------------------
| rollout/                |           |
|    ep_len_mean          | 1         |
|    ep_rew_mean          | -0.326    |
| time/                   |           |
|    fps                  | 975       |
|    iterations           | 474       |
|    time_elapsed         | 62        |
|    total_timesteps      | 60672     |
| train/                  |           |
|    approx_kl            | 0.0       |
|    clip_fraction        | 0         |
|    clip_range           | 0.2       |
|    entropy_loss         | -0.00297  |
|    explained_variance   | 5.96e-08  |
|    learning_rate        | 0.0003    |
|    loss                 | 0.0856    |
|    n_updates            | 1892      |
|    policy_gradient_loss | -1.16e-08 |
|    value_loss           | 0.352     |
---------------------------------------
---------------------------------------
| rollout/                |           |
|    ep_len_mean          | 1         |
|    ep_rew_mean          | -0.384    |
| time/                   |           |
|    fps                  | 975       |
|    iterations           | 475       |
|    time_elapsed         | 62        |
|    total_timesteps      | 60800     |
| train/                  |           |
|    approx_kl            | 0.0       |
|    clip_fraction        | 0         |
|    clip_range           | 0.2       |
|    entropy_loss         | -0.00297  |
|    explained_variance   | -2.38e-07 |
|    learning_rate        | 0.0003    |
|    loss                 | 0.212     |
|    n_updates            | 1896      |
|    policy_gradient_loss | 2.79e-09  |
|    value_loss           | 0.375     |
---------------------------------------
--------------------------------------
| rollout/                |          |
|    ep_len_mean          | 1        |
|    ep_rew_mean          | -0.238   |
| time/                   |          |
|    fps                  | 975      |
|    iterations           | 476      |
|    time_elapsed         | 62       |
|    total_timesteps      | 60928    |
| train/                  |          |
|    approx_kl            | 0.0      |
|    clip_fraction        | 0        |
|    clip_range           | 0.2      |
|    entropy_loss         | -0.00297 |
|    explained_variance   | 0        |
|    learning_rate        | 0.0003   |
|    loss                 | 0.172    |
|    n_updates            | 1900     |
|    policy_gradient_loss | 4.07e-09 |
|    value_loss           | 0.364    |
--------------------------------------
---------------------------------------
| rollout/                |           |
|    ep_len_mean          | 1         |
|    ep_rew_mean          | -0.251    |
| time/                   |           |
|    fps                  | 975       |
|    iterations           | 477       |
|    time_elapsed         | 62        |
|    total_timesteps      | 61056     |
| train/                  |           |
|    approx_kl            | 0.0       |
|    clip_fraction        | 0         |
|    clip_range           | 0.2       |
|    entropy_loss         | -0.00297  |
|    explained_variance   | -1.19e-07 |
|    learning_rate        | 0.0003    |
|    loss                 | 0.21      |
|    n_updates            | 1904      |
|    policy_gradient_loss | 7.92e-09  |
|    value_loss           | 0.45      |
---------------------------------------
---------------------------------------
| rollout/                |           |
|    ep_len_mean          | 1         |
|    ep_rew_mean          | -0.251    |
| time/                   |           |
|    fps                  | 976       |
|    iterations           | 478       |
|    time_elapsed         | 62        |
|    total_timesteps      | 61184     |
| train/                  |           |
|    approx_kl            | 0.0       |
|    clip_fraction        | 0         |
|    clip_range           | 0.2       |
|    entropy_loss         | -0.00297  |
|    explained_variance   | 5.96e-08  |
|    learning_rate        | 0.0003    |
|    loss                 | 0.274     |
|    n_updates            | 1908      |
|    policy_gradient_loss | -8.15e-10 |
|    value_loss           | 0.441     |
---------------------------------------
---------------------------------------
| rollout/                |           |
|    ep_len_mean          | 1         |
|    ep_rew_mean          | -0.329    |
| time/                   |           |
|    fps                  | 976       |
|    iterations           | 479       |
|    time_elapsed         | 62        |
|    total_timesteps      | 61312     |
| train/                  |           |
|    approx_kl            | 0.0       |
|    clip_fraction        | 0         |
|    clip_range           | 0.2       |
|    entropy_loss         | -0.00297  |
|    explained_variance   | 0         |
|    learning_rate        | 0.0003    |
|    loss                 | 0.196     |
|    n_updates            | 1912      |
|    policy_gradient_loss | -7.92e-09 |
|    value_loss           | 0.424     |
---------------------------------------
--------------------------------------
| rollout/                |          |
|    ep_len_mean          | 1        |
|    ep_rew_mean          | -0.43    |
| time/                   |          |
|    fps                  | 976      |
|    iterations           | 480      |
|    time_elapsed         | 62       |
|    total_timesteps      | 61440    |
| train/                  |          |
|    approx_kl            | 0.0      |
|    clip_fraction        | 0        |
|    clip_range           | 0.2      |
|    entropy_loss         | -0.00297 |
|    explained_variance   | 0        |
|    learning_rate        | 0.0003   |
|    loss                 | 0.175    |
|    n_updates            | 1916     |
|    policy_gradient_loss | 5.59e-09 |
|    value_loss           | 0.414    |
--------------------------------------
---------------------------------------
| rollout/                |           |
|    ep_len_mean          | 1         |
|    ep_rew_mean          | -0.175    |
| time/                   |           |
|    fps                  | 976       |
|    iterations           | 481       |
|    time_elapsed         | 63        |
|    total_timesteps      | 61568     |
| train/                  |           |
|    approx_kl            | 0.0       |
|    clip_fraction        | 0         |
|    clip_range           | 0.2       |
|    entropy_loss         | -0.00297  |
|    explained_variance   | 0         |
|    learning_rate        | 0.0003    |
|    loss                 | 0.192     |
|    n_updates            | 1920      |
|    policy_gradient_loss | -7.57e-09 |
|    value_loss           | 0.335     |
---------------------------------------
--------------------------------------
| rollout/                |          |
|    ep_len_mean          | 1        |
|    ep_rew_mean          | -0.192   |
| time/                   |          |
|    fps                  | 976      |
|    iterations           | 482      |
|    time_elapsed         | 63       |
|    total_timesteps      | 61696    |
| train/                  |          |
|    approx_kl            | 0.0      |
|    clip_fraction        | 0        |
|    clip_range           | 0.2      |
|    entropy_loss         | -0.00297 |
|    explained_variance   | 0        |
|    learning_rate        | 0.0003   |
|    loss                 | 0.265    |
|    n_updates            | 1924     |
|    policy_gradient_loss | 1.16e-10 |
|    value_loss           | 0.487    |
--------------------------------------
---------------------------------------
| rollout/                |           |
|    ep_len_mean          | 1         |
|    ep_rew_mean          | -0.207    |
| time/                   |           |
|    fps                  | 977       |
|    iterations           | 483       |
|    time_elapsed         | 63        |
|    total_timesteps      | 61824     |
| train/                  |           |
|    approx_kl            | 0.0       |
|    clip_fraction        | 0         |
|    clip_range           | 0.2       |
|    entropy_loss         | -0.00297  |
|    explained_variance   | -2.38e-07 |
|    learning_rate        | 0.0003    |
|    loss                 | 0.27      |
|    n_updates            | 1928      |
|    policy_gradient_loss | -6.98e-10 |
|    value_loss           | 0.482     |
---------------------------------------
---------------------------------------
| rollout/                |           |
|    ep_len_mean          | 1         |
|    ep_rew_mean          | -0.177    |
| time/                   |           |
|    fps                  | 977       |
|    iterations           | 484       |
|    time_elapsed         | 63        |
|    total_timesteps      | 61952     |
| train/                  |           |
|    approx_kl            | 0.0       |
|    clip_fraction        | 0         |
|    clip_range           | 0.2       |
|    entropy_loss         | -0.00297  |
|    explained_variance   | 0         |
|    learning_rate        | 0.0003    |
|    loss                 | 0.229     |
|    n_updates            | 1932      |
|    policy_gradient_loss | -1.63e-09 |
|    value_loss           | 0.457     |
---------------------------------------
---------------------------------------
| rollout/                |           |
|    ep_len_mean          | 1         |
|    ep_rew_mean          | -0.327    |
| time/                   |           |
|    fps                  | 977       |
|    iterations           | 485       |
|    time_elapsed         | 63        |
|    total_timesteps      | 62080     |
| train/                  |           |
|    approx_kl            | 0.0       |
|    clip_fraction        | 0         |
|    clip_range           | 0.2       |
|    entropy_loss         | -0.00297  |
|    explained_variance   | 0         |
|    learning_rate        | 0.0003    |
|    loss                 | 0.317     |
|    n_updates            | 1936      |
|    policy_gradient_loss | -3.14e-09 |
|    value_loss           | 0.47      |
---------------------------------------
---------------------------------------
| rollout/                |           |
|    ep_len_mean          | 1         |
|    ep_rew_mean          | -0.355    |
| time/                   |           |
|    fps                  | 978       |
|    iterations           | 486       |
|    time_elapsed         | 63        |
|    total_timesteps      | 62208     |
| train/                  |           |
|    approx_kl            | 0.0       |
|    clip_fraction        | 0         |
|    clip_range           | 0.2       |
|    entropy_loss         | -0.00297  |
|    explained_variance   | 0         |
|    learning_rate        | 0.0003    |
|    loss                 | 0.229     |
|    n_updates            | 1940      |
|    policy_gradient_loss | -1.02e-08 |
|    value_loss           | 0.407     |
---------------------------------------
--------------------------------------
| rollout/                |          |
|    ep_len_mean          | 1        |
|    ep_rew_mean          | -0.31    |
| time/                   |          |
|    fps                  | 978      |
|    iterations           | 487      |
|    time_elapsed         | 63       |
|    total_timesteps      | 62336    |
| train/                  |          |
|    approx_kl            | 0.0      |
|    clip_fraction        | 0        |
|    clip_range           | 0.2      |
|    entropy_loss         | -0.00297 |
|    explained_variance   | 0        |
|    learning_rate        | 0.0003   |
|    loss                 | 0.236    |
|    n_updates            | 1944     |
|    policy_gradient_loss | 0        |
|    value_loss           | 0.377    |
--------------------------------------
---------------------------------------
| rollout/                |           |
|    ep_len_mean          | 1         |
|    ep_rew_mean          | -0.13     |
| time/                   |           |
|    fps                  | 978       |
|    iterations           | 488       |
|    time_elapsed         | 63        |
|    total_timesteps      | 62464     |
| train/                  |           |
|    approx_kl            | 0.0       |
|    clip_fraction        | 0         |
|    clip_range           | 0.2       |
|    entropy_loss         | -0.00297  |
|    explained_variance   | 0         |
|    learning_rate        | 0.0003    |
|    loss                 | 0.21      |
|    n_updates            | 1948      |
|    policy_gradient_loss | -1.63e-09 |
|    value_loss           | 0.426     |
---------------------------------------
---------------------------------------
| rollout/                |           |
|    ep_len_mean          | 1         |
|    ep_rew_mean          | -0.357    |
| time/                   |           |
|    fps                  | 978       |
|    iterations           | 489       |
|    time_elapsed         | 63        |
|    total_timesteps      | 62592     |
| train/                  |           |
|    approx_kl            | 0.0       |
|    clip_fraction        | 0         |
|    clip_range           | 0.2       |
|    entropy_loss         | -0.00297  |
|    explained_variance   | -1.19e-07 |
|    learning_rate        | 0.0003    |
|    loss                 | 0.255     |
|    n_updates            | 1952      |
|    policy_gradient_loss | 2.56e-09  |
|    value_loss           | 0.514     |
---------------------------------------
---------------------------------------
| rollout/                |           |
|    ep_len_mean          | 1         |
|    ep_rew_mean          | -0.312    |
| time/                   |           |
|    fps                  | 979       |
|    iterations           | 490       |
|    time_elapsed         | 64        |
|    total_timesteps      | 62720     |
| train/                  |           |
|    approx_kl            | 0.0       |
|    clip_fraction        | 0         |
|    clip_range           | 0.2       |
|    entropy_loss         | -0.00297  |
|    explained_variance   | 0         |
|    learning_rate        | 0.0003    |
|    loss                 | 0.228     |
|    n_updates            | 1956      |
|    policy_gradient_loss | -9.55e-09 |
|    value_loss           | 0.415     |
---------------------------------------
---------------------------------------
| rollout/                |           |
|    ep_len_mean          | 1         |
|    ep_rew_mean          | -0.22     |
| time/                   |           |
|    fps                  | 979       |
|    iterations           | 491       |
|    time_elapsed         | 64        |
|    total_timesteps      | 62848     |
| train/                  |           |
|    approx_kl            | 0.0       |
|    clip_fraction        | 0         |
|    clip_range           | 0.2       |
|    entropy_loss         | -0.00297  |
|    explained_variance   | 0         |
|    learning_rate        | 0.0003    |
|    loss                 | 0.214     |
|    n_updates            | 1960      |
|    policy_gradient_loss | -3.38e-09 |
|    value_loss           | 0.391     |
---------------------------------------
--------------------------------------
| rollout/                |          |
|    ep_len_mean          | 1        |
|    ep_rew_mean          | -0.204   |
| time/                   |          |
|    fps                  | 979      |
|    iterations           | 492      |
|    time_elapsed         | 64       |
|    total_timesteps      | 62976    |
| train/                  |          |
|    approx_kl            | 0.0      |
|    clip_fraction        | 0        |
|    clip_range           | 0.2      |
|    entropy_loss         | -0.00297 |
|    explained_variance   | 0        |
|    learning_rate        | 0.0003   |
|    loss                 | 0.212    |
|    n_updates            | 1964     |
|    policy_gradient_loss | 1.63e-09 |
|    value_loss           | 0.453    |
--------------------------------------
---------------------------------------
| rollout/                |           |
|    ep_len_mean          | 1         |
|    ep_rew_mean          | -0.343    |
| time/                   |           |
|    fps                  | 979       |
|    iterations           | 493       |
|    time_elapsed         | 64        |
|    total_timesteps      | 63104     |
| train/                  |           |
|    approx_kl            | 0.0       |
|    clip_fraction        | 0         |
|    clip_range           | 0.2       |
|    entropy_loss         | -0.00297  |
|    explained_variance   | -1.19e-07 |
|    learning_rate        | 0.0003    |
|    loss                 | 0.291     |
|    n_updates            | 1968      |
|    policy_gradient_loss | 7.92e-09  |
|    value_loss           | 0.465     |
---------------------------------------
-------------------------------------------
| rollout/                |               |
|    ep_len_mean          | 1             |
|    ep_rew_mean          | -0.372        |
| time/                   |               |
|    fps                  | 979           |
|    iterations           | 494           |
|    time_elapsed         | 64            |
|    total_timesteps      | 63232         |
| train/                  |               |
|    approx_kl            | 0.00035327533 |
|    clip_fraction        | 0.00391       |
|    clip_range           | 0.2           |
|    entropy_loss         | -0.00274      |
|    explained_variance   | 0             |
|    learning_rate        | 0.0003        |
|    loss                 | 0.242         |
|    n_updates            | 1972          |
|    policy_gradient_loss | -0.000589     |
|    value_loss           | 0.423         |
-------------------------------------------
--------------------------------------
| rollout/                |          |
|    ep_len_mean          | 1        |
|    ep_rew_mean          | -0.253   |
| time/                   |          |
|    fps                  | 980      |
|    iterations           | 495      |
|    time_elapsed         | 64       |
|    total_timesteps      | 63360    |
| train/                  |          |
|    approx_kl            | 0.0      |
|    clip_fraction        | 0        |
|    clip_range           | 0.2      |
|    entropy_loss         | -0.00242 |
|    explained_variance   | 5.96e-08 |
|    learning_rate        | 0.0003   |
|    loss                 | 0.23     |
|    n_updates            | 1976     |
|    policy_gradient_loss | 6.52e-09 |
|    value_loss           | 0.399    |
--------------------------------------
--------------------------------------
| rollout/                |          |
|    ep_len_mean          | 1        |
|    ep_rew_mean          | -0.176   |
| time/                   |          |
|    fps                  | 980      |
|    iterations           | 496      |
|    time_elapsed         | 64       |
|    total_timesteps      | 63488    |
| train/                  |          |
|    approx_kl            | 0.0      |
|    clip_fraction        | 0        |
|    clip_range           | 0.2      |
|    entropy_loss         | -0.00236 |
|    explained_variance   | 5.96e-08 |
|    learning_rate        | 0.0003   |
|    loss                 | 0.195    |
|    n_updates            | 1980     |
|    policy_gradient_loss | 1.21e-08 |
|    value_loss           | 0.451    |
--------------------------------------
---------------------------------------
| rollout/                |           |
|    ep_len_mean          | 1         |
|    ep_rew_mean          | -0.25     |
| time/                   |           |
|    fps                  | 980       |
|    iterations           | 497       |
|    time_elapsed         | 64        |
|    total_timesteps      | 63616     |
| train/                  |           |
|    approx_kl            | 0.0       |
|    clip_fraction        | 0         |
|    clip_range           | 0.2       |
|    entropy_loss         | -0.00235  |
|    explained_variance   | 0         |
|    learning_rate        | 0.0003    |
|    loss                 | 0.183     |
|    n_updates            | 1984      |
|    policy_gradient_loss | -3.03e-09 |
|    value_loss           | 0.462     |
---------------------------------------
---------------------------------------
| rollout/                |           |
|    ep_len_mean          | 1         |
|    ep_rew_mean          | -0.265    |
| time/                   |           |
|    fps                  | 981       |
|    iterations           | 498       |
|    time_elapsed         | 64        |
|    total_timesteps      | 63744     |
| train/                  |           |
|    approx_kl            | 0.0       |
|    clip_fraction        | 0         |
|    clip_range           | 0.2       |
|    entropy_loss         | -0.00234  |
|    explained_variance   | 0         |
|    learning_rate        | 0.0003    |
|    loss                 | 0.273     |
|    n_updates            | 1988      |
|    policy_gradient_loss | -9.55e-09 |
|    value_loss           | 0.425     |
---------------------------------------
---------------------------------------
| rollout/                |           |
|    ep_len_mean          | 1         |
|    ep_rew_mean          | -0.281    |
| time/                   |           |
|    fps                  | 981       |
|    iterations           | 499       |
|    time_elapsed         | 65        |
|    total_timesteps      | 63872     |
| train/                  |           |
|    approx_kl            | 0.0       |
|    clip_fraction        | 0         |
|    clip_range           | 0.2       |
|    entropy_loss         | -0.00234  |
|    explained_variance   | 0         |
|    learning_rate        | 0.0003    |
|    loss                 | 0.229     |
|    n_updates            | 1992      |
|    policy_gradient_loss | -2.91e-09 |
|    value_loss           | 0.451     |
---------------------------------------
---------------------------------------
| rollout/                |           |
|    ep_len_mean          | 1         |
|    ep_rew_mean          | -0.31     |
| time/                   |           |
|    fps                  | 981       |
|    iterations           | 500       |
|    time_elapsed         | 65        |
|    total_timesteps      | 64000     |
| train/                  |           |
|    approx_kl            | 0.0       |
|    clip_fraction        | 0         |
|    clip_range           | 0.2       |
|    entropy_loss         | -0.00234  |
|    explained_variance   | 0         |
|    learning_rate        | 0.0003    |
|    loss                 | 0.163     |
|    n_updates            | 1996      |
|    policy_gradient_loss | -1.16e-09 |
|    value_loss           | 0.414     |
---------------------------------------
--------------------------------------
| rollout/                |          |
|    ep_len_mean          | 1        |
|    ep_rew_mean          | -0.283   |
| time/                   |          |
|    fps                  | 982      |
|    iterations           | 501      |
|    time_elapsed         | 65       |
|    total_timesteps      | 64128    |
| train/                  |          |
|    approx_kl            | 0.0      |
|    clip_fraction        | 0        |
|    clip_range           | 0.2      |
|    entropy_loss         | -0.00234 |
|    explained_variance   | 0        |
|    learning_rate        | 0.0003   |
|    loss                 | 0.19     |
|    n_updates            | 2000     |
|    policy_gradient_loss | 8.61e-09 |
|    value_loss           | 0.41     |
--------------------------------------
---------------------------------------
| rollout/                |           |
|    ep_len_mean          | 1         |
|    ep_rew_mean          | -0.28     |
| time/                   |           |
|    fps                  | 982       |
|    iterations           | 502       |
|    time_elapsed         | 65        |
|    total_timesteps      | 64256     |
| train/                  |           |
|    approx_kl            | 0.0       |
|    clip_fraction        | 0         |
|    clip_range           | 0.2       |
|    entropy_loss         | -0.00234  |
|    explained_variance   | -1.19e-07 |
|    learning_rate        | 0.0003    |
|    loss                 | 0.228     |
|    n_updates            | 2004      |
|    policy_gradient_loss | -4.66e-10 |
|    value_loss           | 0.458     |
---------------------------------------
--------------------------------------
| rollout/                |          |
|    ep_len_mean          | 1        |
|    ep_rew_mean          | -0.384   |
| time/                   |          |
|    fps                  | 982      |
|    iterations           | 503      |
|    time_elapsed         | 65       |
|    total_timesteps      | 64384    |
| train/                  |          |
|    approx_kl            | 0.0      |
|    clip_fraction        | 0        |
|    clip_range           | 0.2      |
|    entropy_loss         | -0.00234 |
|    explained_variance   | 0        |
|    learning_rate        | 0.0003   |
|    loss                 | 0.178    |
|    n_updates            | 2008     |
|    policy_gradient_loss | 6.29e-09 |
|    value_loss           | 0.39     |
--------------------------------------
---------------------------------------
| rollout/                |           |
|    ep_len_mean          | 1         |
|    ep_rew_mean          | -0.252    |
| time/                   |           |
|    fps                  | 982       |
|    iterations           | 504       |
|    time_elapsed         | 65        |
|    total_timesteps      | 64512     |
| train/                  |           |
|    approx_kl            | 0.0       |
|    clip_fraction        | 0         |
|    clip_range           | 0.2       |
|    entropy_loss         | -0.00234  |
|    explained_variance   | 1.79e-07  |
|    learning_rate        | 0.0003    |
|    loss                 | 0.153     |
|    n_updates            | 2012      |
|    policy_gradient_loss | -6.87e-09 |
|    value_loss           | 0.378     |
---------------------------------------
---------------------------------------
| rollout/                |           |
|    ep_len_mean          | 1         |
|    ep_rew_mean          | -0.251    |
| time/                   |           |
|    fps                  | 982       |
|    iterations           | 505       |
|    time_elapsed         | 65        |
|    total_timesteps      | 64640     |
| train/                  |           |
|    approx_kl            | 0.0       |
|    clip_fraction        | 0         |
|    clip_range           | 0.2       |
|    entropy_loss         | -0.00234  |
|    explained_variance   | 0         |
|    learning_rate        | 0.0003    |
|    loss                 | 0.286     |
|    n_updates            | 2016      |
|    policy_gradient_loss | -1.63e-09 |
|    value_loss           | 0.433     |
---------------------------------------
--------------------------------------
| rollout/                |          |
|    ep_len_mean          | 1        |
|    ep_rew_mean          | -0.19    |
| time/                   |          |
|    fps                  | 983      |
|    iterations           | 506      |
|    time_elapsed         | 65       |
|    total_timesteps      | 64768    |
| train/                  |          |
|    approx_kl            | 0.0      |
|    clip_fraction        | 0        |
|    clip_range           | 0.2      |
|    entropy_loss         | -0.00234 |
|    explained_variance   | 0        |
|    learning_rate        | 0.0003   |
|    loss                 | 0.194    |
|    n_updates            | 2020     |
|    policy_gradient_loss | 6.98e-10 |
|    value_loss           | 0.423    |
--------------------------------------
---------------------------------------
| rollout/                |           |
|    ep_len_mean          | 1         |
|    ep_rew_mean          | -0.296    |
| time/                   |           |
|    fps                  | 983       |
|    iterations           | 507       |
|    time_elapsed         | 66        |
|    total_timesteps      | 64896     |
| train/                  |           |
|    approx_kl            | 0.0       |
|    clip_fraction        | 0         |
|    clip_range           | 0.2       |
|    entropy_loss         | -0.00234  |
|    explained_variance   | -2.38e-07 |
|    learning_rate        | 0.0003    |
|    loss                 | 0.282     |
|    n_updates            | 2024      |
|    policy_gradient_loss | 7.45e-09  |
|    value_loss           | 0.451     |
---------------------------------------
---------------------------------------
| rollout/                |           |
|    ep_len_mean          | 1         |
|    ep_rew_mean          | -0.312    |
| time/                   |           |
|    fps                  | 983       |
|    iterations           | 508       |
|    time_elapsed         | 66        |
|    total_timesteps      | 65024     |
| train/                  |           |
|    approx_kl            | 0.0       |
|    clip_fraction        | 0         |
|    clip_range           | 0.2       |
|    entropy_loss         | -0.00234  |
|    explained_variance   | -1.19e-07 |
|    learning_rate        | 0.0003    |
|    loss                 | 0.196     |
|    n_updates            | 2028      |
|    policy_gradient_loss | 1.07e-08  |
|    value_loss           | 0.417     |
---------------------------------------
--------------------------------------
| rollout/                |          |
|    ep_len_mean          | 1        |
|    ep_rew_mean          | -0.414   |
| time/                   |          |
|    fps                  | 983      |
|    iterations           | 509      |
|    time_elapsed         | 66       |
|    total_timesteps      | 65152    |
| train/                  |          |
|    approx_kl            | 0.0      |
|    clip_fraction        | 0        |
|    clip_range           | 0.2      |
|    entropy_loss         | -0.00234 |
|    explained_variance   | 0        |
|    learning_rate        | 0.0003   |
|    loss                 | 0.173    |
|    n_updates            | 2032     |
|    policy_gradient_loss | 7.22e-09 |
|    value_loss           | 0.385    |
--------------------------------------
---------------------------------------
| rollout/                |           |
|    ep_len_mean          | 1         |
|    ep_rew_mean          | -0.147    |
| time/                   |           |
|    fps                  | 983       |
|    iterations           | 510       |
|    time_elapsed         | 66        |
|    total_timesteps      | 65280     |
| train/                  |           |
|    approx_kl            | 0.0       |
|    clip_fraction        | 0         |
|    clip_range           | 0.2       |
|    entropy_loss         | -0.00234  |
|    explained_variance   | 0         |
|    learning_rate        | 0.0003    |
|    loss                 | 0.149     |
|    n_updates            | 2036      |
|    policy_gradient_loss | -3.14e-09 |
|    value_loss           | 0.332     |
---------------------------------------
---------------------------------------
| rollout/                |           |
|    ep_len_mean          | 1         |
|    ep_rew_mean          | -0.372    |
| time/                   |           |
|    fps                  | 983       |
|    iterations           | 511       |
|    time_elapsed         | 66        |
|    total_timesteps      | 65408     |
| train/                  |           |
|    approx_kl            | 0.0       |
|    clip_fraction        | 0         |
|    clip_range           | 0.2       |
|    entropy_loss         | -0.00234  |
|    explained_variance   | 0         |
|    learning_rate        | 0.0003    |
|    loss                 | 0.278     |
|    n_updates            | 2040      |
|    policy_gradient_loss | -1.25e-08 |
|    value_loss           | 0.567     |
---------------------------------------
--------------------------------------
| rollout/                |          |
|    ep_len_mean          | 1        |
|    ep_rew_mean          | -0.403   |
| time/                   |          |
|    fps                  | 983      |
|    iterations           | 512      |
|    time_elapsed         | 66       |
|    total_timesteps      | 65536    |
| train/                  |          |
|    approx_kl            | 0.0      |
|    clip_fraction        | 0        |
|    clip_range           | 0.2      |
|    entropy_loss         | -0.00234 |
|    explained_variance   | 0        |
|    learning_rate        | 0.0003   |
|    loss                 | 0.144    |
|    n_updates            | 2044     |
|    policy_gradient_loss | 4.66e-10 |
|    value_loss           | 0.354    |
--------------------------------------
---------------------------------------
| rollout/                |           |
|    ep_len_mean          | 1         |
|    ep_rew_mean          | -0.326    |
| time/                   |           |
|    fps                  | 983       |
|    iterations           | 513       |
|    time_elapsed         | 66        |
|    total_timesteps      | 65664     |
| train/                  |           |
|    approx_kl            | 0.0       |
|    clip_fraction        | 0         |
|    clip_range           | 0.2       |
|    entropy_loss         | -0.00234  |
|    explained_variance   | -1.19e-07 |
|    learning_rate        | 0.0003    |
|    loss                 | 0.193     |
|    n_updates            | 2048      |
|    policy_gradient_loss | -1.18e-08 |
|    value_loss           | 0.346     |
---------------------------------------
---------------------------------------
| rollout/                |           |
|    ep_len_mean          | 1         |
|    ep_rew_mean          | -0.325    |
| time/                   |           |
|    fps                  | 983       |
|    iterations           | 514       |
|    time_elapsed         | 66        |
|    total_timesteps      | 65792     |
| train/                  |           |
|    approx_kl            | 0.0       |
|    clip_fraction        | 0         |
|    clip_range           | 0.2       |
|    entropy_loss         | -0.00234  |
|    explained_variance   | -1.19e-07 |
|    learning_rate        | 0.0003    |
|    loss                 | 0.216     |
|    n_updates            | 2052      |
|    policy_gradient_loss | 2.68e-09  |
|    value_loss           | 0.388     |
---------------------------------------
--------------------------------------
| rollout/                |          |
|    ep_len_mean          | 1        |
|    ep_rew_mean          | -0.266   |
| time/                   |          |
|    fps                  | 984      |
|    iterations           | 515      |
|    time_elapsed         | 66       |
|    total_timesteps      | 65920    |
| train/                  |          |
|    approx_kl            | 0.0      |
|    clip_fraction        | 0        |
|    clip_range           | 0.2      |
|    entropy_loss         | -0.00234 |
|    explained_variance   | 1.79e-07 |
|    learning_rate        | 0.0003   |
|    loss                 | 0.274    |
|    n_updates            | 2056     |
|    policy_gradient_loss | 2.68e-09 |
|    value_loss           | 0.387    |
--------------------------------------
---------------------------------------
| rollout/                |           |
|    ep_len_mean          | 1         |
|    ep_rew_mean          | -0.161    |
| time/                   |           |
|    fps                  | 984       |
|    iterations           | 516       |
|    time_elapsed         | 67        |
|    total_timesteps      | 66048     |
| train/                  |           |
|    approx_kl            | 0.0       |
|    clip_fraction        | 0         |
|    clip_range           | 0.2       |
|    entropy_loss         | -0.00234  |
|    explained_variance   | 0         |
|    learning_rate        | 0.0003    |
|    loss                 | 0.212     |
|    n_updates            | 2060      |
|    policy_gradient_loss | -6.98e-09 |
|    value_loss           | 0.48      |
---------------------------------------
---------------------------------------
| rollout/                |           |
|    ep_len_mean          | 1         |
|    ep_rew_mean          | -0.326    |
| time/                   |           |
|    fps                  | 984       |
|    iterations           | 517       |
|    time_elapsed         | 67        |
|    total_timesteps      | 66176     |
| train/                  |           |
|    approx_kl            | 0.0       |
|    clip_fraction        | 0         |
|    clip_range           | 0.2       |
|    entropy_loss         | -0.00234  |
|    explained_variance   | 0         |
|    learning_rate        | 0.0003    |
|    loss                 | 0.227     |
|    n_updates            | 2064      |
|    policy_gradient_loss | -1.86e-09 |
|    value_loss           | 0.491     |
---------------------------------------
---------------------------------------
| rollout/                |           |
|    ep_len_mean          | 1         |
|    ep_rew_mean          | -0.328    |
| time/                   |           |
|    fps                  | 984       |
|    iterations           | 518       |
|    time_elapsed         | 67        |
|    total_timesteps      | 66304     |
| train/                  |           |
|    approx_kl            | 0.0       |
|    clip_fraction        | 0         |
|    clip_range           | 0.2       |
|    entropy_loss         | -0.00234  |
|    explained_variance   | -1.19e-07 |
|    learning_rate        | 0.0003    |
|    loss                 | 0.182     |
|    n_updates            | 2068      |
|    policy_gradient_loss | -7.68e-09 |
|    value_loss           | 0.417     |
---------------------------------------
---------------------------------------
| rollout/                |           |
|    ep_len_mean          | 1         |
|    ep_rew_mean          | -0.326    |
| time/                   |           |
|    fps                  | 984       |
|    iterations           | 519       |
|    time_elapsed         | 67        |
|    total_timesteps      | 66432     |
| train/                  |           |
|    approx_kl            | 0.0       |
|    clip_fraction        | 0         |
|    clip_range           | 0.2       |
|    entropy_loss         | -0.00234  |
|    explained_variance   | 0         |
|    learning_rate        | 0.0003    |
|    loss                 | 0.271     |
|    n_updates            | 2072      |
|    policy_gradient_loss | -3.14e-09 |
|    value_loss           | 0.397     |
---------------------------------------
---------------------------------------
| rollout/                |           |
|    ep_len_mean          | 1         |
|    ep_rew_mean          | -0.251    |
| time/                   |           |
|    fps                  | 984       |
|    iterations           | 520       |
|    time_elapsed         | 67        |
|    total_timesteps      | 66560     |
| train/                  |           |
|    approx_kl            | 0.0       |
|    clip_fraction        | 0         |
|    clip_range           | 0.2       |
|    entropy_loss         | -0.00234  |
|    explained_variance   | 1.79e-07  |
|    learning_rate        | 0.0003    |
|    loss                 | 0.172     |
|    n_updates            | 2076      |
|    policy_gradient_loss | -1.16e-10 |
|    value_loss           | 0.367     |
---------------------------------------
---------------------------------------
| rollout/                |           |
|    ep_len_mean          | 1         |
|    ep_rew_mean          | -0.372    |
| time/                   |           |
|    fps                  | 985       |
|    iterations           | 521       |
|    time_elapsed         | 67        |
|    total_timesteps      | 66688     |
| train/                  |           |
|    approx_kl            | 0.0       |
|    clip_fraction        | 0         |
|    clip_range           | 0.2       |
|    entropy_loss         | -0.00234  |
|    explained_variance   | -1.19e-07 |
|    learning_rate        | 0.0003    |
|    loss                 | 0.19      |
|    n_updates            | 2080      |
|    policy_gradient_loss | 4.54e-09  |
|    value_loss           | 0.453     |
---------------------------------------
--------------------------------------
| rollout/                |          |
|    ep_len_mean          | 1        |
|    ep_rew_mean          | -0.237   |
| time/                   |          |
|    fps                  | 985      |
|    iterations           | 522      |
|    time_elapsed         | 67       |
|    total_timesteps      | 66816    |
| train/                  |          |
|    approx_kl            | 0.0      |
|    clip_fraction        | 0        |
|    clip_range           | 0.2      |
|    entropy_loss         | -0.00234 |
|    explained_variance   | 0        |
|    learning_rate        | 0.0003   |
|    loss                 | 0.152    |
|    n_updates            | 2084     |
|    policy_gradient_loss | 6.05e-09 |
|    value_loss           | 0.348    |
--------------------------------------
---------------------------------------
| rollout/                |           |
|    ep_len_mean          | 1         |
|    ep_rew_mean          | -0.326    |
| time/                   |           |
|    fps                  | 985       |
|    iterations           | 523       |
|    time_elapsed         | 67        |
|    total_timesteps      | 66944     |
| train/                  |           |
|    approx_kl            | 0.0       |
|    clip_fraction        | 0         |
|    clip_range           | 0.2       |
|    entropy_loss         | -0.00234  |
|    explained_variance   | -1.19e-07 |
|    learning_rate        | 0.0003    |
|    loss                 | 0.144     |
|    n_updates            | 2088      |
|    policy_gradient_loss | -9.43e-09 |
|    value_loss           | 0.496     |
---------------------------------------
--------------------------------------
| rollout/                |          |
|    ep_len_mean          | 1        |
|    ep_rew_mean          | -0.343   |
| time/                   |          |
|    fps                  | 985      |
|    iterations           | 524      |
|    time_elapsed         | 68       |
|    total_timesteps      | 67072    |
| train/                  |          |
|    approx_kl            | 0.0      |
|    clip_fraction        | 0        |
|    clip_range           | 0.2      |
|    entropy_loss         | -0.00234 |
|    explained_variance   | 0        |
|    learning_rate        | 0.0003   |
|    loss                 | 0.211    |
|    n_updates            | 2092     |
|    policy_gradient_loss | 5.94e-09 |
|    value_loss           | 0.399    |
--------------------------------------
---------------------------------------
| rollout/                |           |
|    ep_len_mean          | 1         |
|    ep_rew_mean          | -0.208    |
| time/                   |           |
|    fps                  | 985       |
|    iterations           | 525       |
|    time_elapsed         | 68        |
|    total_timesteps      | 67200     |
| train/                  |           |
|    approx_kl            | 0.0       |
|    clip_fraction        | 0         |
|    clip_range           | 0.2       |
|    entropy_loss         | -0.00234  |
|    explained_variance   | 5.96e-08  |
|    learning_rate        | 0.0003    |
|    loss                 | 0.231     |
|    n_updates            | 2096      |
|    policy_gradient_loss | -3.49e-09 |
|    value_loss           | 0.413     |
---------------------------------------
--------------------------------------
| rollout/                |          |
|    ep_len_mean          | 1        |
|    ep_rew_mean          | -0.265   |
| time/                   |          |
|    fps                  | 986      |
|    iterations           | 526      |
|    time_elapsed         | 68       |
|    total_timesteps      | 67328    |
| train/                  |          |
|    approx_kl            | 0.0      |
|    clip_fraction        | 0        |
|    clip_range           | 0.2      |
|    entropy_loss         | -0.00234 |
|    explained_variance   | 0        |
|    learning_rate        | 0.0003   |
|    loss                 | 0.227    |
|    n_updates            | 2100     |
|    policy_gradient_loss | 2.1e-09  |
|    value_loss           | 0.459    |
--------------------------------------
--------------------------------------
| rollout/                |          |
|    ep_len_mean          | 1        |
|    ep_rew_mean          | -0.415   |
| time/                   |          |
|    fps                  | 986      |
|    iterations           | 527      |
|    time_elapsed         | 68       |
|    total_timesteps      | 67456    |
| train/                  |          |
|    approx_kl            | 0.0      |
|    clip_fraction        | 0        |
|    clip_range           | 0.2      |
|    entropy_loss         | -0.00234 |
|    explained_variance   | 0        |
|    learning_rate        | 0.0003   |
|    loss                 | 0.272    |
|    n_updates            | 2104     |
|    policy_gradient_loss | -5.7e-09 |
|    value_loss           | 0.465    |
--------------------------------------
--------------------------------------
| rollout/                |          |
|    ep_len_mean          | 1        |
|    ep_rew_mean          | -0.355   |
| time/                   |          |
|    fps                  | 986      |
|    iterations           | 528      |
|    time_elapsed         | 68       |
|    total_timesteps      | 67584    |
| train/                  |          |
|    approx_kl            | 0.0      |
|    clip_fraction        | 0        |
|    clip_range           | 0.2      |
|    entropy_loss         | -0.00234 |
|    explained_variance   | 1.79e-07 |
|    learning_rate        | 0.0003   |
|    loss                 | 0.229    |
|    n_updates            | 2108     |
|    policy_gradient_loss | 7.1e-09  |
|    value_loss           | 0.376    |
--------------------------------------
---------------------------------------
| rollout/                |           |
|    ep_len_mean          | 1         |
|    ep_rew_mean          | -0.296    |
| time/                   |           |
|    fps                  | 986       |
|    iterations           | 529       |
|    time_elapsed         | 68        |
|    total_timesteps      | 67712     |
| train/                  |           |
|    approx_kl            | 0.0       |
|    clip_fraction        | 0         |
|    clip_range           | 0.2       |
|    entropy_loss         | -0.00234  |
|    explained_variance   | 0         |
|    learning_rate        | 0.0003    |
|    loss                 | 0.194     |
|    n_updates            | 2112      |
|    policy_gradient_loss | -1.28e-08 |
|    value_loss           | 0.37      |
---------------------------------------
---------------------------------------
| rollout/                |           |
|    ep_len_mean          | 1         |
|    ep_rew_mean          | -0.235    |
| time/                   |           |
|    fps                  | 986       |
|    iterations           | 530       |
|    time_elapsed         | 68        |
|    total_timesteps      | 67840     |
| train/                  |           |
|    approx_kl            | 0.0       |
|    clip_fraction        | 0         |
|    clip_range           | 0.2       |
|    entropy_loss         | -0.00234  |
|    explained_variance   | -1.19e-07 |
|    learning_rate        | 0.0003    |
|    loss                 | 0.15      |
|    n_updates            | 2116      |
|    policy_gradient_loss | 1.98e-09  |
|    value_loss           | 0.375     |
---------------------------------------
---------------------------------------
| rollout/                |           |
|    ep_len_mean          | 1         |
|    ep_rew_mean          | -0.282    |
| time/                   |           |
|    fps                  | 986       |
|    iterations           | 531       |
|    time_elapsed         | 68        |
|    total_timesteps      | 67968     |
| train/                  |           |
|    approx_kl            | 0.0       |
|    clip_fraction        | 0         |
|    clip_range           | 0.2       |
|    entropy_loss         | -0.00234  |
|    explained_variance   | 0         |
|    learning_rate        | 0.0003    |
|    loss                 | 0.177     |
|    n_updates            | 2120      |
|    policy_gradient_loss | -1.98e-09 |
|    value_loss           | 0.452     |
---------------------------------------
--------------------------------------
| rollout/                |          |
|    ep_len_mean          | 1        |
|    ep_rew_mean          | -0.314   |
| time/                   |          |
|    fps                  | 986      |
|    iterations           | 532      |
|    time_elapsed         | 69       |
|    total_timesteps      | 68096    |
| train/                  |          |
|    approx_kl            | 0.0      |
|    clip_fraction        | 0        |
|    clip_range           | 0.2      |
|    entropy_loss         | -0.00234 |
|    explained_variance   | 5.96e-08 |
|    learning_rate        | 0.0003   |
|    loss                 | 0.212    |
|    n_updates            | 2124     |
|    policy_gradient_loss | 7.22e-09 |
|    value_loss           | 0.406    |
--------------------------------------
---------------------------------------
| rollout/                |           |
|    ep_len_mean          | 1         |
|    ep_rew_mean          | -0.342    |
| time/                   |           |
|    fps                  | 987       |
|    iterations           | 533       |
|    time_elapsed         | 69        |
|    total_timesteps      | 68224     |
| train/                  |           |
|    approx_kl            | 0.0       |
|    clip_fraction        | 0         |
|    clip_range           | 0.2       |
|    entropy_loss         | -0.00234  |
|    explained_variance   | -1.19e-07 |
|    learning_rate        | 0.0003    |
|    loss                 | 0.229     |
|    n_updates            | 2128      |
|    policy_gradient_loss | -1.06e-08 |
|    value_loss           | 0.412     |
---------------------------------------
--------------------------------------
| rollout/                |          |
|    ep_len_mean          | 1        |
|    ep_rew_mean          | -0.237   |
| time/                   |          |
|    fps                  | 987      |
|    iterations           | 534      |
|    time_elapsed         | 69       |
|    total_timesteps      | 68352    |
| train/                  |          |
|    approx_kl            | 0.0      |
|    clip_fraction        | 0        |
|    clip_range           | 0.2      |
|    entropy_loss         | -0.00234 |
|    explained_variance   | 0        |
|    learning_rate        | 0.0003   |
|    loss                 | 0.25     |
|    n_updates            | 2132     |
|    policy_gradient_loss | 1.75e-09 |
|    value_loss           | 0.396    |
--------------------------------------
--------------------------------------
| rollout/                |          |
|    ep_len_mean          | 1        |
|    ep_rew_mean          | -0.281   |
| time/                   |          |
|    fps                  | 987      |
|    iterations           | 535      |
|    time_elapsed         | 69       |
|    total_timesteps      | 68480    |
| train/                  |          |
|    approx_kl            | 0.0      |
|    clip_fraction        | 0        |
|    clip_range           | 0.2      |
|    entropy_loss         | -0.00234 |
|    explained_variance   | 0        |
|    learning_rate        | 0.0003   |
|    loss                 | 0.245    |
|    n_updates            | 2136     |
|    policy_gradient_loss | 1.05e-09 |
|    value_loss           | 0.477    |
--------------------------------------
---------------------------------------
| rollout/                |           |
|    ep_len_mean          | 1         |
|    ep_rew_mean          | -0.251    |
| time/                   |           |
|    fps                  | 987       |
|    iterations           | 536       |
|    time_elapsed         | 69        |
|    total_timesteps      | 68608     |
| train/                  |           |
|    approx_kl            | 0.0       |
|    clip_fraction        | 0         |
|    clip_range           | 0.2       |
|    entropy_loss         | -0.00234  |
|    explained_variance   | 0         |
|    learning_rate        | 0.0003    |
|    loss                 | 0.185     |
|    n_updates            | 2140      |
|    policy_gradient_loss | -4.66e-10 |
|    value_loss           | 0.453     |
---------------------------------------
---------------------------------------
| rollout/                |           |
|    ep_len_mean          | 1         |
|    ep_rew_mean          | -0.281    |
| time/                   |           |
|    fps                  | 987       |
|    iterations           | 537       |
|    time_elapsed         | 69        |
|    total_timesteps      | 68736     |
| train/                  |           |
|    approx_kl            | 0.0       |
|    clip_fraction        | 0         |
|    clip_range           | 0.2       |
|    entropy_loss         | -0.00234  |
|    explained_variance   | 0         |
|    learning_rate        | 0.0003    |
|    loss                 | 0.139     |
|    n_updates            | 2144      |
|    policy_gradient_loss | -5.82e-10 |
|    value_loss           | 0.452     |
---------------------------------------
---------------------------------------
| rollout/                |           |
|    ep_len_mean          | 1         |
|    ep_rew_mean          | -0.296    |
| time/                   |           |
|    fps                  | 987       |
|    iterations           | 538       |
|    time_elapsed         | 69        |
|    total_timesteps      | 68864     |
| train/                  |           |
|    approx_kl            | 0.0       |
|    clip_fraction        | 0         |
|    clip_range           | 0.2       |
|    entropy_loss         | -0.00234  |
|    explained_variance   | -1.19e-07 |
|    learning_rate        | 0.0003    |
|    loss                 | 0.0913    |
|    n_updates            | 2148      |
|    policy_gradient_loss | -1.07e-08 |
|    value_loss           | 0.41      |
---------------------------------------
--------------------------------------
| rollout/                |          |
|    ep_len_mean          | 1        |
|    ep_rew_mean          | -0.281   |
| time/                   |          |
|    fps                  | 987      |
|    iterations           | 539      |
|    time_elapsed         | 69       |
|    total_timesteps      | 68992    |
| train/                  |          |
|    approx_kl            | 0.0      |
|    clip_fraction        | 0        |
|    clip_range           | 0.2      |
|    entropy_loss         | -0.00234 |
|    explained_variance   | 0        |
|    learning_rate        | 0.0003   |
|    loss                 | 0.228    |
|    n_updates            | 2152     |
|    policy_gradient_loss | 8.27e-09 |
|    value_loss           | 0.412    |
--------------------------------------
---------------------------------------
| rollout/                |           |
|    ep_len_mean          | 1         |
|    ep_rew_mean          | -0.311    |
| time/                   |           |
|    fps                  | 987       |
|    iterations           | 540       |
|    time_elapsed         | 69        |
|    total_timesteps      | 69120     |
| train/                  |           |
|    approx_kl            | 0.0       |
|    clip_fraction        | 0         |
|    clip_range           | 0.2       |
|    entropy_loss         | -0.00234  |
|    explained_variance   | 0         |
|    learning_rate        | 0.0003    |
|    loss                 | 0.194     |
|    n_updates            | 2156      |
|    policy_gradient_loss | -9.55e-09 |
|    value_loss           | 0.423     |
---------------------------------------
---------------------------------------
| rollout/                |           |
|    ep_len_mean          | 1         |
|    ep_rew_mean          | -0.297    |
| time/                   |           |
|    fps                  | 988       |
|    iterations           | 541       |
|    time_elapsed         | 70        |
|    total_timesteps      | 69248     |
| train/                  |           |
|    approx_kl            | 0.0       |
|    clip_fraction        | 0         |
|    clip_range           | 0.2       |
|    entropy_loss         | -0.00234  |
|    explained_variance   | 1.79e-07  |
|    learning_rate        | 0.0003    |
|    loss                 | 0.157     |
|    n_updates            | 2160      |
|    policy_gradient_loss | -6.98e-10 |
|    value_loss           | 0.385     |
---------------------------------------
--------------------------------------
| rollout/                |          |
|    ep_len_mean          | 1        |
|    ep_rew_mean          | -0.234   |
| time/                   |          |
|    fps                  | 988      |
|    iterations           | 542      |
|    time_elapsed         | 70       |
|    total_timesteps      | 69376    |
| train/                  |          |
|    approx_kl            | 0.0      |
|    clip_fraction        | 0        |
|    clip_range           | 0.2      |
|    entropy_loss         | -0.00234 |
|    explained_variance   | 5.96e-08 |
|    learning_rate        | 0.0003   |
|    loss                 | 0.212    |
|    n_updates            | 2164     |
|    policy_gradient_loss | 3.38e-09 |
|    value_loss           | 0.451    |
--------------------------------------
--------------------------------------
| rollout/                |          |
|    ep_len_mean          | 1        |
|    ep_rew_mean          | -0.28    |
| time/                   |          |
|    fps                  | 988      |
|    iterations           | 543      |
|    time_elapsed         | 70       |
|    total_timesteps      | 69504    |
| train/                  |          |
|    approx_kl            | 0.0      |
|    clip_fraction        | 0        |
|    clip_range           | 0.2      |
|    entropy_loss         | -0.00234 |
|    explained_variance   | 0        |
|    learning_rate        | 0.0003   |
|    loss                 | 0.195    |
|    n_updates            | 2168     |
|    policy_gradient_loss | -1.4e-09 |
|    value_loss           | 0.434    |
--------------------------------------
---------------------------------------
| rollout/                |           |
|    ep_len_mean          | 1         |
|    ep_rew_mean          | -0.194    |
| time/                   |           |
|    fps                  | 988       |
|    iterations           | 544       |
|    time_elapsed         | 70        |
|    total_timesteps      | 69632     |
| train/                  |           |
|    approx_kl            | 0.0       |
|    clip_fraction        | 0         |
|    clip_range           | 0.2       |
|    entropy_loss         | -0.00234  |
|    explained_variance   | -1.19e-07 |
|    learning_rate        | 0.0003    |
|    loss                 | 0.231     |
|    n_updates            | 2172      |
|    policy_gradient_loss | -1.06e-08 |
|    value_loss           | 0.416     |
---------------------------------------
---------------------------------------
| rollout/                |           |
|    ep_len_mean          | 1         |
|    ep_rew_mean          | -0.0858   |
| time/                   |           |
|    fps                  | 989       |
|    iterations           | 545       |
|    time_elapsed         | 70        |
|    total_timesteps      | 69760     |
| train/                  |           |
|    approx_kl            | 0.0       |
|    clip_fraction        | 0         |
|    clip_range           | 0.2       |
|    entropy_loss         | -0.00234  |
|    explained_variance   | 0         |
|    learning_rate        | 0.0003    |
|    loss                 | 0.18      |
|    n_updates            | 2176      |
|    policy_gradient_loss | -2.33e-10 |
|    value_loss           | 0.467     |
---------------------------------------
---------------------------------------
| rollout/                |           |
|    ep_len_mean          | 1         |
|    ep_rew_mean          | -0.357    |
| time/                   |           |
|    fps                  | 989       |
|    iterations           | 546       |
|    time_elapsed         | 70        |
|    total_timesteps      | 69888     |
| train/                  |           |
|    approx_kl            | 0.0       |
|    clip_fraction        | 0         |
|    clip_range           | 0.2       |
|    entropy_loss         | -0.00234  |
|    explained_variance   | -1.19e-07 |
|    learning_rate        | 0.0003    |
|    loss                 | 0.226     |
|    n_updates            | 2180      |
|    policy_gradient_loss | 1.28e-09  |
|    value_loss           | 0.492     |
---------------------------------------
--------------------------------------
| rollout/                |          |
|    ep_len_mean          | 1        |
|    ep_rew_mean          | -0.208   |
| time/                   |          |
|    fps                  | 989      |
|    iterations           | 547      |
|    time_elapsed         | 70       |
|    total_timesteps      | 70016    |
| train/                  |          |
|    approx_kl            | 0.0      |
|    clip_fraction        | 0        |
|    clip_range           | 0.2      |
|    entropy_loss         | -0.00234 |
|    explained_variance   | 1.79e-07 |
|    learning_rate        | 0.0003   |
|    loss                 | 0.197    |
|    n_updates            | 2184     |
|    policy_gradient_loss | -2.1e-09 |
|    value_loss           | 0.41     |
--------------------------------------
---------------------------------------
| rollout/                |           |
|    ep_len_mean          | 1         |
|    ep_rew_mean          | -0.252    |
| time/                   |           |
|    fps                  | 989       |
|    iterations           | 548       |
|    time_elapsed         | 70        |
|    total_timesteps      | 70144     |
| train/                  |           |
|    approx_kl            | 0.0       |
|    clip_fraction        | 0         |
|    clip_range           | 0.2       |
|    entropy_loss         | -0.00234  |
|    explained_variance   | -1.19e-07 |
|    learning_rate        | 0.0003    |
|    loss                 | 0.258     |
|    n_updates            | 2188      |
|    policy_gradient_loss | 2.79e-09  |
|    value_loss           | 0.497     |
---------------------------------------
--------------------------------------
| rollout/                |          |
|    ep_len_mean          | 1        |
|    ep_rew_mean          | -0.193   |
| time/                   |          |
|    fps                  | 989      |
|    iterations           | 549      |
|    time_elapsed         | 70       |
|    total_timesteps      | 70272    |
| train/                  |          |
|    approx_kl            | 0.0      |
|    clip_fraction        | 0        |
|    clip_range           | 0.2      |
|    entropy_loss         | -0.00234 |
|    explained_variance   | 0        |
|    learning_rate        | 0.0003   |
|    loss                 | 0.258    |
|    n_updates            | 2192     |
|    policy_gradient_loss | 6.98e-10 |
|    value_loss           | 0.449    |
--------------------------------------
--------------------------------------
| rollout/                |          |
|    ep_len_mean          | 1        |
|    ep_rew_mean          | -0.251   |
| time/                   |          |
|    fps                  | 989      |
|    iterations           | 550      |
|    time_elapsed         | 71       |
|    total_timesteps      | 70400    |
| train/                  |          |
|    approx_kl            | 0.0      |
|    clip_fraction        | 0        |
|    clip_range           | 0.2      |
|    entropy_loss         | -0.00234 |
|    explained_variance   | 0        |
|    learning_rate        | 0.0003   |
|    loss                 | 0.27     |
|    n_updates            | 2196     |
|    policy_gradient_loss | 2.79e-09 |
|    value_loss           | 0.478    |
--------------------------------------
--------------------------------------
| rollout/                |          |
|    ep_len_mean          | 1        |
|    ep_rew_mean          | -0.208   |
| time/                   |          |
|    fps                  | 990      |
|    iterations           | 551      |
|    time_elapsed         | 71       |
|    total_timesteps      | 70528    |
| train/                  |          |
|    approx_kl            | 0.0      |
|    clip_fraction        | 0        |
|    clip_range           | 0.2      |
|    entropy_loss         | -0.00234 |
|    explained_variance   | 0        |
|    learning_rate        | 0.0003   |
|    loss                 | 0.198    |
|    n_updates            | 2200     |
|    policy_gradient_loss | 4.66e-10 |
|    value_loss           | 0.434    |
--------------------------------------
---------------------------------------
| rollout/                |           |
|    ep_len_mean          | 1         |
|    ep_rew_mean          | -0.221    |
| time/                   |           |
|    fps                  | 990       |
|    iterations           | 552       |
|    time_elapsed         | 71        |
|    total_timesteps      | 70656     |
| train/                  |           |
|    approx_kl            | 0.0       |
|    clip_fraction        | 0         |
|    clip_range           | 0.2       |
|    entropy_loss         | -0.00234  |
|    explained_variance   | 0         |
|    learning_rate        | 0.0003    |
|    loss                 | 0.198     |
|    n_updates            | 2204      |
|    policy_gradient_loss | -5.24e-09 |
|    value_loss           | 0.481     |
---------------------------------------
--------------------------------------
| rollout/                |          |
|    ep_len_mean          | 1        |
|    ep_rew_mean          | -0.342   |
| time/                   |          |
|    fps                  | 990      |
|    iterations           | 553      |
|    time_elapsed         | 71       |
|    total_timesteps      | 70784    |
| train/                  |          |
|    approx_kl            | 0.0      |
|    clip_fraction        | 0        |
|    clip_range           | 0.2      |
|    entropy_loss         | -0.00234 |
|    explained_variance   | 0        |
|    learning_rate        | 0.0003   |
|    loss                 | 0.243    |
|    n_updates            | 2208     |
|    policy_gradient_loss | 4.19e-09 |
|    value_loss           | 0.478    |
--------------------------------------
--------------------------------------
| rollout/                |          |
|    ep_len_mean          | 1        |
|    ep_rew_mean          | -0.161   |
| time/                   |          |
|    fps                  | 990      |
|    iterations           | 554      |
|    time_elapsed         | 71       |
|    total_timesteps      | 70912    |
| train/                  |          |
|    approx_kl            | 0.0      |
|    clip_fraction        | 0        |
|    clip_range           | 0.2      |
|    entropy_loss         | -0.00234 |
|    explained_variance   | 0        |
|    learning_rate        | 0.0003   |
|    loss                 | 0.227    |
|    n_updates            | 2212     |
|    policy_gradient_loss | 8.61e-09 |
|    value_loss           | 0.385    |
--------------------------------------
---------------------------------------
| rollout/                |           |
|    ep_len_mean          | 1         |
|    ep_rew_mean          | -0.385    |
| time/                   |           |
|    fps                  | 990       |
|    iterations           | 555       |
|    time_elapsed         | 71        |
|    total_timesteps      | 71040     |
| train/                  |           |
|    approx_kl            | 0.0       |
|    clip_fraction        | 0         |
|    clip_range           | 0.2       |
|    entropy_loss         | -0.00234  |
|    explained_variance   | 0         |
|    learning_rate        | 0.0003    |
|    loss                 | 0.255     |
|    n_updates            | 2216      |
|    policy_gradient_loss | -1.35e-08 |
|    value_loss           | 0.533     |
---------------------------------------
---------------------------------------
| rollout/                |           |
|    ep_len_mean          | 1         |
|    ep_rew_mean          | -0.28     |
| time/                   |           |
|    fps                  | 990       |
|    iterations           | 556       |
|    time_elapsed         | 71        |
|    total_timesteps      | 71168     |
| train/                  |           |
|    approx_kl            | 0.0       |
|    clip_fraction        | 0         |
|    clip_range           | 0.2       |
|    entropy_loss         | -0.00234  |
|    explained_variance   | 0         |
|    learning_rate        | 0.0003    |
|    loss                 | 0.133     |
|    n_updates            | 2220      |
|    policy_gradient_loss | -9.08e-09 |
|    value_loss           | 0.396     |
---------------------------------------
---------------------------------------
| rollout/                |           |
|    ep_len_mean          | 1         |
|    ep_rew_mean          | -0.253    |
| time/                   |           |
|    fps                  | 991       |
|    iterations           | 557       |
|    time_elapsed         | 71        |
|    total_timesteps      | 71296     |
| train/                  |           |
|    approx_kl            | 0.0       |
|    clip_fraction        | 0         |
|    clip_range           | 0.2       |
|    entropy_loss         | -0.00234  |
|    explained_variance   | 0         |
|    learning_rate        | 0.0003    |
|    loss                 | 0.155     |
|    n_updates            | 2224      |
|    policy_gradient_loss | -2.33e-09 |
|    value_loss           | 0.412     |
---------------------------------------
--------------------------------------
| rollout/                |          |
|    ep_len_mean          | 1        |
|    ep_rew_mean          | -0.358   |
| time/                   |          |
|    fps                  | 991      |
|    iterations           | 558      |
|    time_elapsed         | 72       |
|    total_timesteps      | 71424    |
| train/                  |          |
|    approx_kl            | 0.0      |
|    clip_fraction        | 0        |
|    clip_range           | 0.2      |
|    entropy_loss         | -0.00234 |
|    explained_variance   | 0        |
|    learning_rate        | 0.0003   |
|    loss                 | 0.213    |
|    n_updates            | 2228     |
|    policy_gradient_loss | 9.55e-09 |
|    value_loss           | 0.458    |
--------------------------------------
---------------------------------------
| rollout/                |           |
|    ep_len_mean          | 1         |
|    ep_rew_mean          | -0.354    |
| time/                   |           |
|    fps                  | 991       |
|    iterations           | 559       |
|    time_elapsed         | 72        |
|    total_timesteps      | 71552     |
| train/                  |           |
|    approx_kl            | 0.0       |
|    clip_fraction        | 0         |
|    clip_range           | 0.2       |
|    entropy_loss         | -0.00234  |
|    explained_variance   | 0         |
|    learning_rate        | 0.0003    |
|    loss                 | 0.212     |
|    n_updates            | 2232      |
|    policy_gradient_loss | -5.36e-09 |
|    value_loss           | 0.396     |
---------------------------------------
---------------------------------------
| rollout/                |           |
|    ep_len_mean          | 1         |
|    ep_rew_mean          | -0.252    |
| time/                   |           |
|    fps                  | 991       |
|    iterations           | 560       |
|    time_elapsed         | 72        |
|    total_timesteps      | 71680     |
| train/                  |           |
|    approx_kl            | 0.0       |
|    clip_fraction        | 0         |
|    clip_range           | 0.2       |
|    entropy_loss         | -0.00234  |
|    explained_variance   | 5.96e-08  |
|    learning_rate        | 0.0003    |
|    loss                 | 0.268     |
|    n_updates            | 2236      |
|    policy_gradient_loss | -3.84e-09 |
|    value_loss           | 0.414     |
---------------------------------------
--------------------------------------
| rollout/                |          |
|    ep_len_mean          | 1        |
|    ep_rew_mean          | -0.264   |
| time/                   |          |
|    fps                  | 992      |
|    iterations           | 561      |
|    time_elapsed         | 72       |
|    total_timesteps      | 71808    |
| train/                  |          |
|    approx_kl            | 0.0      |
|    clip_fraction        | 0        |
|    clip_range           | 0.2      |
|    entropy_loss         | -0.00234 |
|    explained_variance   | 5.96e-08 |
|    learning_rate        | 0.0003   |
|    loss                 | 0.213    |
|    n_updates            | 2240     |
|    policy_gradient_loss | 1.06e-08 |
|    value_loss           | 0.442    |
--------------------------------------
--------------------------------------
| rollout/                |          |
|    ep_len_mean          | 1        |
|    ep_rew_mean          | -0.146   |
| time/                   |          |
|    fps                  | 992      |
|    iterations           | 562      |
|    time_elapsed         | 72       |
|    total_timesteps      | 71936    |
| train/                  |          |
|    approx_kl            | 0.0      |
|    clip_fraction        | 0        |
|    clip_range           | 0.2      |
|    entropy_loss         | -0.00234 |
|    explained_variance   | 0        |
|    learning_rate        | 0.0003   |
|    loss                 | 0.176    |
|    n_updates            | 2244     |
|    policy_gradient_loss | 1.86e-09 |
|    value_loss           | 0.419    |
--------------------------------------
--------------------------------------
| rollout/                |          |
|    ep_len_mean          | 1        |
|    ep_rew_mean          | -0.265   |
| time/                   |          |
|    fps                  | 992      |
|    iterations           | 563      |
|    time_elapsed         | 72       |
|    total_timesteps      | 72064    |
| train/                  |          |
|    approx_kl            | 0.0      |
|    clip_fraction        | 0        |
|    clip_range           | 0.2      |
|    entropy_loss         | -0.00234 |
|    explained_variance   | 0        |
|    learning_rate        | 0.0003   |
|    loss                 | 0.242    |
|    n_updates            | 2248     |
|    policy_gradient_loss | 6.17e-09 |
|    value_loss           | 0.505    |
--------------------------------------
---------------------------------------
| rollout/                |           |
|    ep_len_mean          | 1         |
|    ep_rew_mean          | -0.221    |
| time/                   |           |
|    fps                  | 992       |
|    iterations           | 564       |
|    time_elapsed         | 72        |
|    total_timesteps      | 72192     |
| train/                  |           |
|    approx_kl            | 0.0       |
|    clip_fraction        | 0         |
|    clip_range           | 0.2       |
|    entropy_loss         | -0.00234  |
|    explained_variance   | 0         |
|    learning_rate        | 0.0003    |
|    loss                 | 0.2       |
|    n_updates            | 2252      |
|    policy_gradient_loss | -2.33e-09 |
|    value_loss           | 0.444     |
---------------------------------------
---------------------------------------
| rollout/                |           |
|    ep_len_mean          | 1         |
|    ep_rew_mean          | -0.279    |
| time/                   |           |
|    fps                  | 992       |
|    iterations           | 565       |
|    time_elapsed         | 72        |
|    total_timesteps      | 72320     |
| train/                  |           |
|    approx_kl            | 0.0       |
|    clip_fraction        | 0         |
|    clip_range           | 0.2       |
|    entropy_loss         | -0.00234  |
|    explained_variance   | 1.19e-07  |
|    learning_rate        | 0.0003    |
|    loss                 | 0.259     |
|    n_updates            | 2256      |
|    policy_gradient_loss | -5.12e-09 |
|    value_loss           | 0.456     |
---------------------------------------
--------------------------------------
| rollout/                |          |
|    ep_len_mean          | 1        |
|    ep_rew_mean          | -0.266   |
| time/                   |          |
|    fps                  | 992      |
|    iterations           | 566      |
|    time_elapsed         | 72       |
|    total_timesteps      | 72448    |
| train/                  |          |
|    approx_kl            | 0.0      |
|    clip_fraction        | 0        |
|    clip_range           | 0.2      |
|    entropy_loss         | -0.00234 |
|    explained_variance   | 5.96e-08 |
|    learning_rate        | 0.0003   |
|    loss                 | 0.239    |
|    n_updates            | 2260     |
|    policy_gradient_loss | 5.94e-09 |
|    value_loss           | 0.426    |
--------------------------------------
---------------------------------------
| rollout/                |           |
|    ep_len_mean          | 1         |
|    ep_rew_mean          | -0.236    |
| time/                   |           |
|    fps                  | 993       |
|    iterations           | 567       |
|    time_elapsed         | 73        |
|    total_timesteps      | 72576     |
| train/                  |           |
|    approx_kl            | 0.0       |
|    clip_fraction        | 0         |
|    clip_range           | 0.2       |
|    entropy_loss         | -0.00234  |
|    explained_variance   | 0         |
|    learning_rate        | 0.0003    |
|    loss                 | 0.229     |
|    n_updates            | 2264      |
|    policy_gradient_loss | -8.15e-10 |
|    value_loss           | 0.456     |
---------------------------------------
---------------------------------------
| rollout/                |           |
|    ep_len_mean          | 1         |
|    ep_rew_mean          | -0.34     |
| time/                   |           |
|    fps                  | 993       |
|    iterations           | 568       |
|    time_elapsed         | 73        |
|    total_timesteps      | 72704     |
| train/                  |           |
|    approx_kl            | 0.0       |
|    clip_fraction        | 0         |
|    clip_range           | 0.2       |
|    entropy_loss         | -0.00234  |
|    explained_variance   | 5.96e-08  |
|    learning_rate        | 0.0003    |
|    loss                 | 0.241     |
|    n_updates            | 2268      |
|    policy_gradient_loss | -3.26e-09 |
|    value_loss           | 0.469     |
---------------------------------------
--------------------------------------
| rollout/                |          |
|    ep_len_mean          | 1        |
|    ep_rew_mean          | -0.192   |
| time/                   |          |
|    fps                  | 993      |
|    iterations           | 569      |
|    time_elapsed         | 73       |
|    total_timesteps      | 72832    |
| train/                  |          |
|    approx_kl            | 0.0      |
|    clip_fraction        | 0        |
|    clip_range           | 0.2      |
|    entropy_loss         | -0.00234 |
|    explained_variance   | 0        |
|    learning_rate        | 0.0003   |
|    loss                 | 0.176    |
|    n_updates            | 2272     |
|    policy_gradient_loss | 9.31e-10 |
|    value_loss           | 0.399    |
--------------------------------------
---------------------------------------
| rollout/                |           |
|    ep_len_mean          | 1         |
|    ep_rew_mean          | -0.265    |
| time/                   |           |
|    fps                  | 993       |
|    iterations           | 570       |
|    time_elapsed         | 73        |
|    total_timesteps      | 72960     |
| train/                  |           |
|    approx_kl            | 0.0       |
|    clip_fraction        | 0         |
|    clip_range           | 0.2       |
|    entropy_loss         | -0.00234  |
|    explained_variance   | -1.19e-07 |
|    learning_rate        | 0.0003    |
|    loss                 | 0.245     |
|    n_updates            | 2276      |
|    policy_gradient_loss | -2.79e-09 |
|    value_loss           | 0.501     |
---------------------------------------
---------------------------------------
| rollout/                |           |
|    ep_len_mean          | 1         |
|    ep_rew_mean          | -0.279    |
| time/                   |           |
|    fps                  | 993       |
|    iterations           | 571       |
|    time_elapsed         | 73        |
|    total_timesteps      | 73088     |
| train/                  |           |
|    approx_kl            | 0.0       |
|    clip_fraction        | 0         |
|    clip_range           | 0.2       |
|    entropy_loss         | -0.00234  |
|    explained_variance   | -2.38e-07 |
|    learning_rate        | 0.0003    |
|    loss                 | 0.228     |
|    n_updates            | 2280      |
|    policy_gradient_loss | 1.4e-09   |
|    value_loss           | 0.434     |
---------------------------------------
---------------------------------------
| rollout/                |           |
|    ep_len_mean          | 1         |
|    ep_rew_mean          | -0.282    |
| time/                   |           |
|    fps                  | 994       |
|    iterations           | 572       |
|    time_elapsed         | 73        |
|    total_timesteps      | 73216     |
| train/                  |           |
|    approx_kl            | 0.0       |
|    clip_fraction        | 0         |
|    clip_range           | 0.2       |
|    entropy_loss         | -0.00234  |
|    explained_variance   | 0         |
|    learning_rate        | 0.0003    |
|    loss                 | 0.285     |
|    n_updates            | 2284      |
|    policy_gradient_loss | -6.05e-09 |
|    value_loss           | 0.416     |
---------------------------------------
---------------------------------------
| rollout/                |           |
|    ep_len_mean          | 1         |
|    ep_rew_mean          | -0.282    |
| time/                   |           |
|    fps                  | 994       |
|    iterations           | 573       |
|    time_elapsed         | 73        |
|    total_timesteps      | 73344     |
| train/                  |           |
|    approx_kl            | 0.0       |
|    clip_fraction        | 0         |
|    clip_range           | 0.2       |
|    entropy_loss         | -0.00234  |
|    explained_variance   | 0         |
|    learning_rate        | 0.0003    |
|    loss                 | 0.212     |
|    n_updates            | 2288      |
|    policy_gradient_loss | -2.56e-09 |
|    value_loss           | 0.422     |
---------------------------------------
---------------------------------------
| rollout/                |           |
|    ep_len_mean          | 1         |
|    ep_rew_mean          | -0.297    |
| time/                   |           |
|    fps                  | 994       |
|    iterations           | 574       |
|    time_elapsed         | 73        |
|    total_timesteps      | 73472     |
| train/                  |           |
|    approx_kl            | 0.0       |
|    clip_fraction        | 0         |
|    clip_range           | 0.2       |
|    entropy_loss         | -0.00234  |
|    explained_variance   | -1.19e-07 |
|    learning_rate        | 0.0003    |
|    loss                 | 0.211     |
|    n_updates            | 2292      |
|    policy_gradient_loss | 9.2e-09   |
|    value_loss           | 0.448     |
---------------------------------------
---------------------------------------
| rollout/                |           |
|    ep_len_mean          | 1         |
|    ep_rew_mean          | -0.311    |
| time/                   |           |
|    fps                  | 994       |
|    iterations           | 575       |
|    time_elapsed         | 73        |
|    total_timesteps      | 73600     |
| train/                  |           |
|    approx_kl            | 0.0       |
|    clip_fraction        | 0         |
|    clip_range           | 0.2       |
|    entropy_loss         | -0.00234  |
|    explained_variance   | 0         |
|    learning_rate        | 0.0003    |
|    loss                 | 0.209     |
|    n_updates            | 2296      |
|    policy_gradient_loss | -6.98e-10 |
|    value_loss           | 0.421     |
---------------------------------------
---------------------------------------
| rollout/                |           |
|    ep_len_mean          | 1         |
|    ep_rew_mean          | -0.296    |
| time/                   |           |
|    fps                  | 994       |
|    iterations           | 576       |
|    time_elapsed         | 74        |
|    total_timesteps      | 73728     |
| train/                  |           |
|    approx_kl            | 0.0       |
|    clip_fraction        | 0         |
|    clip_range           | 0.2       |
|    entropy_loss         | -0.00234  |
|    explained_variance   | -1.19e-07 |
|    learning_rate        | 0.0003    |
|    loss                 | 0.143     |
|    n_updates            | 2300      |
|    policy_gradient_loss | 9.31e-10  |
|    value_loss           | 0.437     |
---------------------------------------
--------------------------------------
| rollout/                |          |
|    ep_len_mean          | 1        |
|    ep_rew_mean          | -0.326   |
| time/                   |          |
|    fps                  | 994      |
|    iterations           | 577      |
|    time_elapsed         | 74       |
|    total_timesteps      | 73856    |
| train/                  |          |
|    approx_kl            | 0.0      |
|    clip_fraction        | 0        |
|    clip_range           | 0.2      |
|    entropy_loss         | -0.00234 |
|    explained_variance   | 0        |
|    learning_rate        | 0.0003   |
|    loss                 | 0.156    |
|    n_updates            | 2304     |
|    policy_gradient_loss | 1.86e-08 |
|    value_loss           | 0.379    |
--------------------------------------
---------------------------------------
| rollout/                |           |
|    ep_len_mean          | 1         |
|    ep_rew_mean          | -0.341    |
| time/                   |           |
|    fps                  | 994       |
|    iterations           | 578       |
|    time_elapsed         | 74        |
|    total_timesteps      | 73984     |
| train/                  |           |
|    approx_kl            | 0.0       |
|    clip_fraction        | 0         |
|    clip_range           | 0.2       |
|    entropy_loss         | -0.00234  |
|    explained_variance   | 0         |
|    learning_rate        | 0.0003    |
|    loss                 | 0.171     |
|    n_updates            | 2308      |
|    policy_gradient_loss | -4.19e-09 |
|    value_loss           | 0.355     |
---------------------------------------
--------------------------------------
| rollout/                |          |
|    ep_len_mean          | 1        |
|    ep_rew_mean          | -0.206   |
| time/                   |          |
|    fps                  | 995      |
|    iterations           | 579      |
|    time_elapsed         | 74       |
|    total_timesteps      | 74112    |
| train/                  |          |
|    approx_kl            | 0.0      |
|    clip_fraction        | 0        |
|    clip_range           | 0.2      |
|    entropy_loss         | -0.00234 |
|    explained_variance   | 0        |
|    learning_rate        | 0.0003   |
|    loss                 | 0.214    |
|    n_updates            | 2312     |
|    policy_gradient_loss | 5.01e-09 |
|    value_loss           | 0.375    |
--------------------------------------
---------------------------------------
| rollout/                |           |
|    ep_len_mean          | 1         |
|    ep_rew_mean          | -0.267    |
| time/                   |           |
|    fps                  | 995       |
|    iterations           | 580       |
|    time_elapsed         | 74        |
|    total_timesteps      | 74240     |
| train/                  |           |
|    approx_kl            | 0.0       |
|    clip_fraction        | 0         |
|    clip_range           | 0.2       |
|    entropy_loss         | -0.00234  |
|    explained_variance   | -2.38e-07 |
|    learning_rate        | 0.0003    |
|    loss                 | 0.226     |
|    n_updates            | 2316      |
|    policy_gradient_loss | -4.66e-09 |
|    value_loss           | 0.473     |
---------------------------------------
---------------------------------------
| rollout/                |           |
|    ep_len_mean          | 1         |
|    ep_rew_mean          | -0.251    |
| time/                   |           |
|    fps                  | 995       |
|    iterations           | 581       |
|    time_elapsed         | 74        |
|    total_timesteps      | 74368     |
| train/                  |           |
|    approx_kl            | 0.0       |
|    clip_fraction        | 0         |
|    clip_range           | 0.2       |
|    entropy_loss         | -0.00234  |
|    explained_variance   | -1.19e-07 |
|    learning_rate        | 0.0003    |
|    loss                 | 0.164     |
|    n_updates            | 2320      |
|    policy_gradient_loss | 1.16e-08  |
|    value_loss           | 0.43      |
---------------------------------------
---------------------------------------
| rollout/                |           |
|    ep_len_mean          | 1         |
|    ep_rew_mean          | -0.358    |
| time/                   |           |
|    fps                  | 995       |
|    iterations           | 582       |
|    time_elapsed         | 74        |
|    total_timesteps      | 74496     |
| train/                  |           |
|    approx_kl            | 0.0       |
|    clip_fraction        | 0         |
|    clip_range           | 0.2       |
|    entropy_loss         | -0.00234  |
|    explained_variance   | 0         |
|    learning_rate        | 0.0003    |
|    loss                 | 0.195     |
|    n_updates            | 2324      |
|    policy_gradient_loss | -4.42e-09 |
|    value_loss           | 0.426     |
---------------------------------------
---------------------------------------
| rollout/                |           |
|    ep_len_mean          | 1         |
|    ep_rew_mean          | -0.219    |
| time/                   |           |
|    fps                  | 995       |
|    iterations           | 583       |
|    time_elapsed         | 74        |
|    total_timesteps      | 74624     |
| train/                  |           |
|    approx_kl            | 0.0       |
|    clip_fraction        | 0         |
|    clip_range           | 0.2       |
|    entropy_loss         | -0.00234  |
|    explained_variance   | 0         |
|    learning_rate        | 0.0003    |
|    loss                 | 0.228     |
|    n_updates            | 2328      |
|    policy_gradient_loss | -9.08e-09 |
|    value_loss           | 0.385     |
---------------------------------------
---------------------------------------
| rollout/                |           |
|    ep_len_mean          | 1         |
|    ep_rew_mean          | -0.218    |
| time/                   |           |
|    fps                  | 995       |
|    iterations           | 584       |
|    time_elapsed         | 75        |
|    total_timesteps      | 74752     |
| train/                  |           |
|    approx_kl            | 0.0       |
|    clip_fraction        | 0         |
|    clip_range           | 0.2       |
|    entropy_loss         | -0.00234  |
|    explained_variance   | 0         |
|    learning_rate        | 0.0003    |
|    loss                 | 0.266     |
|    n_updates            | 2332      |
|    policy_gradient_loss | -4.66e-10 |
|    value_loss           | 0.45      |
---------------------------------------
---------------------------------------
| rollout/                |           |
|    ep_len_mean          | 1         |
|    ep_rew_mean          | -0.236    |
| time/                   |           |
|    fps                  | 995       |
|    iterations           | 585       |
|    time_elapsed         | 75        |
|    total_timesteps      | 74880     |
| train/                  |           |
|    approx_kl            | 0.0       |
|    clip_fraction        | 0         |
|    clip_range           | 0.2       |
|    entropy_loss         | -0.00234  |
|    explained_variance   | 0         |
|    learning_rate        | 0.0003    |
|    loss                 | 0.195     |
|    n_updates            | 2336      |
|    policy_gradient_loss | -2.68e-09 |
|    value_loss           | 0.452     |
---------------------------------------
--------------------------------------
| rollout/                |          |
|    ep_len_mean          | 1        |
|    ep_rew_mean          | -0.192   |
| time/                   |          |
|    fps                  | 996      |
|    iterations           | 586      |
|    time_elapsed         | 75       |
|    total_timesteps      | 75008    |
| train/                  |          |
|    approx_kl            | 0.0      |
|    clip_fraction        | 0        |
|    clip_range           | 0.2      |
|    entropy_loss         | -0.00234 |
|    explained_variance   | 0        |
|    learning_rate        | 0.0003   |
|    loss                 | 0.241    |
|    n_updates            | 2340     |
|    policy_gradient_loss | 6.05e-09 |
|    value_loss           | 0.463    |
--------------------------------------
---------------------------------------
| rollout/                |           |
|    ep_len_mean          | 1         |
|    ep_rew_mean          | -0.235    |
| time/                   |           |
|    fps                  | 996       |
|    iterations           | 587       |
|    time_elapsed         | 75        |
|    total_timesteps      | 75136     |
| train/                  |           |
|    approx_kl            | 0.0       |
|    clip_fraction        | 0         |
|    clip_range           | 0.2       |
|    entropy_loss         | -0.00234  |
|    explained_variance   | 0         |
|    learning_rate        | 0.0003    |
|    loss                 | 0.228     |
|    n_updates            | 2344      |
|    policy_gradient_loss | -6.52e-09 |
|    value_loss           | 0.472     |
---------------------------------------
--------------------------------------
| rollout/                |          |
|    ep_len_mean          | 1        |
|    ep_rew_mean          | -0.372   |
| time/                   |          |
|    fps                  | 996      |
|    iterations           | 588      |
|    time_elapsed         | 75       |
|    total_timesteps      | 75264    |
| train/                  |          |
|    approx_kl            | 0.0      |
|    clip_fraction        | 0        |
|    clip_range           | 0.2      |
|    entropy_loss         | -0.00234 |
|    explained_variance   | 0        |
|    learning_rate        | 0.0003   |
|    loss                 | 0.282    |
|    n_updates            | 2348     |
|    policy_gradient_loss | 8.27e-09 |
|    value_loss           | 0.477    |
--------------------------------------
---------------------------------------
| rollout/                |           |
|    ep_len_mean          | 1         |
|    ep_rew_mean          | -0.353    |
| time/                   |           |
|    fps                  | 996       |
|    iterations           | 589       |
|    time_elapsed         | 75        |
|    total_timesteps      | 75392     |
| train/                  |           |
|    approx_kl            | 0.0       |
|    clip_fraction        | 0         |
|    clip_range           | 0.2       |
|    entropy_loss         | -0.00234  |
|    explained_variance   | 0         |
|    learning_rate        | 0.0003    |
|    loss                 | 0.142     |
|    n_updates            | 2352      |
|    policy_gradient_loss | -1.68e-08 |
|    value_loss           | 0.369     |
---------------------------------------
--------------------------------------
| rollout/                |          |
|    ep_len_mean          | 1        |
|    ep_rew_mean          | -0.162   |
| time/                   |          |
|    fps                  | 996      |
|    iterations           | 590      |
|    time_elapsed         | 75       |
|    total_timesteps      | 75520    |
| train/                  |          |
|    approx_kl            | 0.0      |
|    clip_fraction        | 0        |
|    clip_range           | 0.2      |
|    entropy_loss         | -0.00234 |
|    explained_variance   | 0        |
|    learning_rate        | 0.0003   |
|    loss                 | 0.21     |
|    n_updates            | 2356     |
|    policy_gradient_loss | 4.07e-09 |
|    value_loss           | 0.395    |
--------------------------------------
--------------------------------------
| rollout/                |          |
|    ep_len_mean          | 1        |
|    ep_rew_mean          | -0.207   |
| time/                   |          |
|    fps                  | 996      |
|    iterations           | 591      |
|    time_elapsed         | 75       |
|    total_timesteps      | 75648    |
| train/                  |          |
|    approx_kl            | 0.0      |
|    clip_fraction        | 0        |
|    clip_range           | 0.2      |
|    entropy_loss         | -0.00234 |
|    explained_variance   | 0        |
|    learning_rate        | 0.0003   |
|    loss                 | 0.244    |
|    n_updates            | 2360     |
|    policy_gradient_loss | 1.51e-09 |
|    value_loss           | 0.5      |
--------------------------------------
---------------------------------------
| rollout/                |           |
|    ep_len_mean          | 1         |
|    ep_rew_mean          | -0.329    |
| time/                   |           |
|    fps                  | 996       |
|    iterations           | 592       |
|    time_elapsed         | 76        |
|    total_timesteps      | 75776     |
| train/                  |           |
|    approx_kl            | 0.0       |
|    clip_fraction        | 0         |
|    clip_range           | 0.2       |
|    entropy_loss         | -0.00234  |
|    explained_variance   | 0         |
|    learning_rate        | 0.0003    |
|    loss                 | 0.299     |
|    n_updates            | 2364      |
|    policy_gradient_loss | -1.63e-09 |
|    value_loss           | 0.487     |
---------------------------------------
--------------------------------------
| rollout/                |          |
|    ep_len_mean          | 1        |
|    ep_rew_mean          | -0.297   |
| time/                   |          |
|    fps                  | 996      |
|    iterations           | 593      |
|    time_elapsed         | 76       |
|    total_timesteps      | 75904    |
| train/                  |          |
|    approx_kl            | 0.0      |
|    clip_fraction        | 0        |
|    clip_range           | 0.2      |
|    entropy_loss         | -0.00234 |
|    explained_variance   | 5.96e-08 |
|    learning_rate        | 0.0003   |
|    loss                 | 0.259    |
|    n_updates            | 2368     |
|    policy_gradient_loss | 5.82e-09 |
|    value_loss           | 0.408    |
--------------------------------------
---------------------------------------
| rollout/                |           |
|    ep_len_mean          | 1         |
|    ep_rew_mean          | -0.357    |
| time/                   |           |
|    fps                  | 996       |
|    iterations           | 594       |
|    time_elapsed         | 76        |
|    total_timesteps      | 76032     |
| train/                  |           |
|    approx_kl            | 0.0       |
|    clip_fraction        | 0         |
|    clip_range           | 0.2       |
|    entropy_loss         | -0.00234  |
|    explained_variance   | -1.19e-07 |
|    learning_rate        | 0.0003    |
|    loss                 | 0.251     |
|    n_updates            | 2372      |
|    policy_gradient_loss | -6.4e-09  |
|    value_loss           | 0.399     |
---------------------------------------
---------------------------------------
| rollout/                |           |
|    ep_len_mean          | 1         |
|    ep_rew_mean          | -0.28     |
| time/                   |           |
|    fps                  | 996       |
|    iterations           | 595       |
|    time_elapsed         | 76        |
|    total_timesteps      | 76160     |
| train/                  |           |
|    approx_kl            | 0.0       |
|    clip_fraction        | 0         |
|    clip_range           | 0.2       |
|    entropy_loss         | -0.00234  |
|    explained_variance   | -1.19e-07 |
|    learning_rate        | 0.0003    |
|    loss                 | 0.173     |
|    n_updates            | 2376      |
|    policy_gradient_loss | 2.21e-09  |
|    value_loss           | 0.377     |
---------------------------------------
--------------------------------------
| rollout/                |          |
|    ep_len_mean          | 1        |
|    ep_rew_mean          | -0.328   |
| time/                   |          |
|    fps                  | 997      |
|    iterations           | 596      |
|    time_elapsed         | 76       |
|    total_timesteps      | 76288    |
| train/                  |          |
|    approx_kl            | 0.0      |
|    clip_fraction        | 0        |
|    clip_range           | 0.2      |
|    entropy_loss         | -0.00234 |
|    explained_variance   | 0        |
|    learning_rate        | 0.0003   |
|    loss                 | 0.269    |
|    n_updates            | 2380     |
|    policy_gradient_loss | -2.4e-08 |
|    value_loss           | 0.445    |
--------------------------------------
---------------------------------------
| rollout/                |           |
|    ep_len_mean          | 1         |
|    ep_rew_mean          | -0.357    |
| time/                   |           |
|    fps                  | 997       |
|    iterations           | 597       |
|    time_elapsed         | 76        |
|    total_timesteps      | 76416     |
| train/                  |           |
|    approx_kl            | 0.0       |
|    clip_fraction        | 0         |
|    clip_range           | 0.2       |
|    entropy_loss         | -0.00234  |
|    explained_variance   | 0         |
|    learning_rate        | 0.0003    |
|    loss                 | 0.246     |
|    n_updates            | 2384      |
|    policy_gradient_loss | -8.61e-09 |
|    value_loss           | 0.405     |
---------------------------------------
--------------------------------------
| rollout/                |          |
|    ep_len_mean          | 1        |
|    ep_rew_mean          | -0.296   |
| time/                   |          |
|    fps                  | 997      |
|    iterations           | 598      |
|    time_elapsed         | 76       |
|    total_timesteps      | 76544    |
| train/                  |          |
|    approx_kl            | 0.0      |
|    clip_fraction        | 0        |
|    clip_range           | 0.2      |
|    entropy_loss         | -0.00234 |
|    explained_variance   | 0        |
|    learning_rate        | 0.0003   |
|    loss                 | 0.256    |
|    n_updates            | 2388     |
|    policy_gradient_loss | 3.68e-08 |
|    value_loss           | 0.333    |
--------------------------------------
---------------------------------------
| rollout/                |           |
|    ep_len_mean          | 1         |
|    ep_rew_mean          | -0.177    |
| time/                   |           |
|    fps                  | 997       |
|    iterations           | 599       |
|    time_elapsed         | 76        |
|    total_timesteps      | 76672     |
| train/                  |           |
|    approx_kl            | 0.0       |
|    clip_fraction        | 0         |
|    clip_range           | 0.2       |
|    entropy_loss         | -0.00234  |
|    explained_variance   | -1.19e-07 |
|    learning_rate        | 0.0003    |
|    loss                 | 0.15      |
|    n_updates            | 2392      |
|    policy_gradient_loss | 4.07e-09  |
|    value_loss           | 0.385     |
---------------------------------------
---------------------------------------
| rollout/                |           |
|    ep_len_mean          | 1         |
|    ep_rew_mean          | -0.4      |
| time/                   |           |
|    fps                  | 997       |
|    iterations           | 600       |
|    time_elapsed         | 77        |
|    total_timesteps      | 76800     |
| train/                  |           |
|    approx_kl            | 0.0       |
|    clip_fraction        | 0         |
|    clip_range           | 0.2       |
|    entropy_loss         | -0.00234  |
|    explained_variance   | 0         |
|    learning_rate        | 0.0003    |
|    loss                 | 0.284     |
|    n_updates            | 2396      |
|    policy_gradient_loss | -4.77e-09 |
|    value_loss           | 0.473     |
---------------------------------------
--------------------------------------
| rollout/                |          |
|    ep_len_mean          | 1        |
|    ep_rew_mean          | -0.298   |
| time/                   |          |
|    fps                  | 997      |
|    iterations           | 601      |
|    time_elapsed         | 77       |
|    total_timesteps      | 76928    |
| train/                  |          |
|    approx_kl            | 0.0      |
|    clip_fraction        | 0        |
|    clip_range           | 0.2      |
|    entropy_loss         | -0.00234 |
|    explained_variance   | 0        |
|    learning_rate        | 0.0003   |
|    loss                 | 0.248    |
|    n_updates            | 2400     |
|    policy_gradient_loss | 1.4e-09  |
|    value_loss           | 0.357    |
--------------------------------------
--------------------------------------
| rollout/                |          |
|    ep_len_mean          | 1        |
|    ep_rew_mean          | -0.314   |
| time/                   |          |
|    fps                  | 997      |
|    iterations           | 602      |
|    time_elapsed         | 77       |
|    total_timesteps      | 77056    |
| train/                  |          |
|    approx_kl            | 0.0      |
|    clip_fraction        | 0        |
|    clip_range           | 0.2      |
|    entropy_loss         | -0.00234 |
|    explained_variance   | 1.19e-07 |
|    learning_rate        | 0.0003   |
|    loss                 | 0.23     |
|    n_updates            | 2404     |
|    policy_gradient_loss | 3.49e-09 |
|    value_loss           | 0.412    |
--------------------------------------
---------------------------------------
| rollout/                |           |
|    ep_len_mean          | 1         |
|    ep_rew_mean          | -0.261    |
| time/                   |           |
|    fps                  | 997       |
|    iterations           | 603       |
|    time_elapsed         | 77        |
|    total_timesteps      | 77184     |
| train/                  |           |
|    approx_kl            | 0.0       |
|    clip_fraction        | 0         |
|    clip_range           | 0.2       |
|    entropy_loss         | -0.00234  |
|    explained_variance   | 0         |
|    learning_rate        | 0.0003    |
|    loss                 | 0.195     |
|    n_updates            | 2408      |
|    policy_gradient_loss | -3.61e-09 |
|    value_loss           | 0.405     |
---------------------------------------
--------------------------------------
| rollout/                |          |
|    ep_len_mean          | 1        |
|    ep_rew_mean          | -0.341   |
| time/                   |          |
|    fps                  | 997      |
|    iterations           | 604      |
|    time_elapsed         | 77       |
|    total_timesteps      | 77312    |
| train/                  |          |
|    approx_kl            | 0.0      |
|    clip_fraction        | 0        |
|    clip_range           | 0.2      |
|    entropy_loss         | -0.00234 |
|    explained_variance   | 5.96e-08 |
|    learning_rate        | 0.0003   |
|    loss                 | 0.155    |
|    n_updates            | 2412     |
|    policy_gradient_loss | 6.75e-09 |
|    value_loss           | 0.401    |
--------------------------------------
---------------------------------------
| rollout/                |           |
|    ep_len_mean          | 1         |
|    ep_rew_mean          | -0.252    |
| time/                   |           |
|    fps                  | 997       |
|    iterations           | 605       |
|    time_elapsed         | 77        |
|    total_timesteps      | 77440     |
| train/                  |           |
|    approx_kl            | 0.0       |
|    clip_fraction        | 0         |
|    clip_range           | 0.2       |
|    entropy_loss         | -0.00234  |
|    explained_variance   | -1.19e-07 |
|    learning_rate        | 0.0003    |
|    loss                 | 0.17      |
|    n_updates            | 2416      |
|    policy_gradient_loss | -2.79e-09 |
|    value_loss           | 0.384     |
---------------------------------------
--------------------------------------
| rollout/                |          |
|    ep_len_mean          | 1        |
|    ep_rew_mean          | -0.178   |
| time/                   |          |
|    fps                  | 998      |
|    iterations           | 606      |
|    time_elapsed         | 77       |
|    total_timesteps      | 77568    |
| train/                  |          |
|    approx_kl            | 0.0      |
|    clip_fraction        | 0        |
|    clip_range           | 0.2      |
|    entropy_loss         | -0.00234 |
|    explained_variance   | 5.96e-08 |
|    learning_rate        | 0.0003   |
|    loss                 | 0.211    |
|    n_updates            | 2420     |
|    policy_gradient_loss | 1.08e-08 |
|    value_loss           | 0.443    |
--------------------------------------
--------------------------------------
| rollout/                |          |
|    ep_len_mean          | 1        |
|    ep_rew_mean          | -0.356   |
| time/                   |          |
|    fps                  | 998      |
|    iterations           | 607      |
|    time_elapsed         | 77       |
|    total_timesteps      | 77696    |
| train/                  |          |
|    approx_kl            | 0.0      |
|    clip_fraction        | 0        |
|    clip_range           | 0.2      |
|    entropy_loss         | -0.00234 |
|    explained_variance   | 0        |
|    learning_rate        | 0.0003   |
|    loss                 | 0.231    |
|    n_updates            | 2424     |
|    policy_gradient_loss | 4.07e-09 |
|    value_loss           | 0.459    |
--------------------------------------
--------------------------------------
| rollout/                |          |
|    ep_len_mean          | 1        |
|    ep_rew_mean          | -0.328   |
| time/                   |          |
|    fps                  | 998      |
|    iterations           | 608      |
|    time_elapsed         | 77       |
|    total_timesteps      | 77824    |
| train/                  |          |
|    approx_kl            | 0.0      |
|    clip_fraction        | 0        |
|    clip_range           | 0.2      |
|    entropy_loss         | -0.00234 |
|    explained_variance   | 0        |
|    learning_rate        | 0.0003   |
|    loss                 | 0.177    |
|    n_updates            | 2428     |
|    policy_gradient_loss | 1.5e-08  |
|    value_loss           | 0.392    |
--------------------------------------
------------------------------------------
| rollout/                |              |
|    ep_len_mean          | 1            |
|    ep_rew_mean          | -0.309       |
| time/                   |              |
|    fps                  | 998          |
|    iterations           | 609          |
|    time_elapsed         | 78           |
|    total_timesteps      | 77952        |
| train/                  |              |
|    approx_kl            | 0.0011319704 |
|    clip_fraction        | 0.00391      |
|    clip_range           | 0.2          |
|    entropy_loss         | -0.00214     |
|    explained_variance   | 0            |
|    learning_rate        | 0.0003       |
|    loss                 | 0.135        |
|    n_updates            | 2432         |
|    policy_gradient_loss | -0.000623    |
|    value_loss           | 0.414        |
------------------------------------------
--------------------------------------
| rollout/                |          |
|    ep_len_mean          | 1        |
|    ep_rew_mean          | -0.237   |
| time/                   |          |
|    fps                  | 998      |
|    iterations           | 610      |
|    time_elapsed         | 78       |
|    total_timesteps      | 78080    |
| train/                  |          |
|    approx_kl            | 0.0      |
|    clip_fraction        | 0        |
|    clip_range           | 0.2      |
|    entropy_loss         | -0.00175 |
|    explained_variance   | 0        |
|    learning_rate        | 0.0003   |
|    loss                 | 0.175    |
|    n_updates            | 2436     |
|    policy_gradient_loss | 3.26e-09 |
|    value_loss           | 0.418    |
--------------------------------------
--------------------------------------
| rollout/                |          |
|    ep_len_mean          | 1        |
|    ep_rew_mean          | -0.235   |
| time/                   |          |
|    fps                  | 999      |
|    iterations           | 611      |
|    time_elapsed         | 78       |
|    total_timesteps      | 78208    |
| train/                  |          |
|    approx_kl            | 0.0      |
|    clip_fraction        | 0        |
|    clip_range           | 0.2      |
|    entropy_loss         | -0.00167 |
|    explained_variance   | 0        |
|    learning_rate        | 0.0003   |
|    loss                 | 0.21     |
|    n_updates            | 2440     |
|    policy_gradient_loss | 3.26e-09 |
|    value_loss           | 0.423    |
--------------------------------------
---------------------------------------
| rollout/                |           |
|    ep_len_mean          | 1         |
|    ep_rew_mean          | -0.402    |
| time/                   |           |
|    fps                  | 999       |
|    iterations           | 612       |
|    time_elapsed         | 78        |
|    total_timesteps      | 78336     |
| train/                  |           |
|    approx_kl            | 0.0       |
|    clip_fraction        | 0         |
|    clip_range           | 0.2       |
|    entropy_loss         | -0.00166  |
|    explained_variance   | 0         |
|    learning_rate        | 0.0003    |
|    loss                 | 0.194     |
|    n_updates            | 2444      |
|    policy_gradient_loss | -9.78e-09 |
|    value_loss           | 0.422     |
---------------------------------------
--------------------------------------
| rollout/                |          |
|    ep_len_mean          | 1        |
|    ep_rew_mean          | -0.266   |
| time/                   |          |
|    fps                  | 999      |
|    iterations           | 613      |
|    time_elapsed         | 78       |
|    total_timesteps      | 78464    |
| train/                  |          |
|    approx_kl            | 0.0      |
|    clip_fraction        | 0        |
|    clip_range           | 0.2      |
|    entropy_loss         | -0.00165 |
|    explained_variance   | 0        |
|    learning_rate        | 0.0003   |
|    loss                 | 0.195    |
|    n_updates            | 2448     |
|    policy_gradient_loss | 0        |
|    value_loss           | 0.387    |
--------------------------------------
---------------------------------------
| rollout/                |           |
|    ep_len_mean          | 1         |
|    ep_rew_mean          | -0.296    |
| time/                   |           |
|    fps                  | 999       |
|    iterations           | 614       |
|    time_elapsed         | 78        |
|    total_timesteps      | 78592     |
| train/                  |           |
|    approx_kl            | 0.0       |
|    clip_fraction        | 0         |
|    clip_range           | 0.2       |
|    entropy_loss         | -0.00165  |
|    explained_variance   | 0         |
|    learning_rate        | 0.0003    |
|    loss                 | 0.136     |
|    n_updates            | 2452      |
|    policy_gradient_loss | -1.98e-09 |
|    value_loss           | 0.422     |
---------------------------------------
---------------------------------------
| rollout/                |           |
|    ep_len_mean          | 1         |
|    ep_rew_mean          | -0.268    |
| time/                   |           |
|    fps                  | 999       |
|    iterations           | 615       |
|    time_elapsed         | 78        |
|    total_timesteps      | 78720     |
| train/                  |           |
|    approx_kl            | 0.0       |
|    clip_fraction        | 0         |
|    clip_range           | 0.2       |
|    entropy_loss         | -0.00165  |
|    explained_variance   | 0         |
|    learning_rate        | 0.0003    |
|    loss                 | 0.175     |
|    n_updates            | 2456      |
|    policy_gradient_loss | -8.85e-09 |
|    value_loss           | 0.413     |
---------------------------------------
---------------------------------------
| rollout/                |           |
|    ep_len_mean          | 1         |
|    ep_rew_mean          | -0.386    |
| time/                   |           |
|    fps                  | 999       |
|    iterations           | 616       |
|    time_elapsed         | 78        |
|    total_timesteps      | 78848     |
| train/                  |           |
|    approx_kl            | 0.0       |
|    clip_fraction        | 0         |
|    clip_range           | 0.2       |
|    entropy_loss         | -0.00165  |
|    explained_variance   | 0         |
|    learning_rate        | 0.0003    |
|    loss                 | 0.247     |
|    n_updates            | 2460      |
|    policy_gradient_loss | -1.75e-09 |
|    value_loss           | 0.423     |
---------------------------------------
---------------------------------------
| rollout/                |           |
|    ep_len_mean          | 1         |
|    ep_rew_mean          | -0.298    |
| time/                   |           |
|    fps                  | 1000      |
|    iterations           | 617       |
|    time_elapsed         | 78        |
|    total_timesteps      | 78976     |
| train/                  |           |
|    approx_kl            | 0.0       |
|    clip_fraction        | 0         |
|    clip_range           | 0.2       |
|    entropy_loss         | -0.00165  |
|    explained_variance   | -1.19e-07 |
|    learning_rate        | 0.0003    |
|    loss                 | 0.194     |
|    n_updates            | 2464      |
|    policy_gradient_loss | 1.01e-08  |
|    value_loss           | 0.348     |
---------------------------------------
---------------------------------------
| rollout/                |           |
|    ep_len_mean          | 1         |
|    ep_rew_mean          | -0.102    |
| time/                   |           |
|    fps                  | 1000      |
|    iterations           | 618       |
|    time_elapsed         | 79        |
|    total_timesteps      | 79104     |
| train/                  |           |
|    approx_kl            | 0.0       |
|    clip_fraction        | 0         |
|    clip_range           | 0.2       |
|    entropy_loss         | -0.00165  |
|    explained_variance   | 0         |
|    learning_rate        | 0.0003    |
|    loss                 | 0.192     |
|    n_updates            | 2468      |
|    policy_gradient_loss | -2.56e-09 |
|    value_loss           | 0.426     |
---------------------------------------
--------------------------------------
| rollout/                |          |
|    ep_len_mean          | 1        |
|    ep_rew_mean          | -0.251   |
| time/                   |          |
|    fps                  | 1000     |
|    iterations           | 619      |
|    time_elapsed         | 79       |
|    total_timesteps      | 79232    |
| train/                  |          |
|    approx_kl            | 0.0      |
|    clip_fraction        | 0        |
|    clip_range           | 0.2      |
|    entropy_loss         | -0.00165 |
|    explained_variance   | 0        |
|    learning_rate        | 0.0003   |
|    loss                 | 0.243    |
|    n_updates            | 2472     |
|    policy_gradient_loss | 7.68e-09 |
|    value_loss           | 0.521    |
--------------------------------------
---------------------------------------
| rollout/                |           |
|    ep_len_mean          | 1         |
|    ep_rew_mean          | -0.282    |
| time/                   |           |
|    fps                  | 1000      |
|    iterations           | 620       |
|    time_elapsed         | 79        |
|    total_timesteps      | 79360     |
| train/                  |           |
|    approx_kl            | 0.0       |
|    clip_fraction        | 0         |
|    clip_range           | 0.2       |
|    entropy_loss         | -0.00165  |
|    explained_variance   | 0         |
|    learning_rate        | 0.0003    |
|    loss                 | 0.23      |
|    n_updates            | 2476      |
|    policy_gradient_loss | -5.01e-09 |
|    value_loss           | 0.479     |
---------------------------------------
---------------------------------------
| rollout/                |           |
|    ep_len_mean          | 1         |
|    ep_rew_mean          | -0.401    |
| time/                   |           |
|    fps                  | 1000      |
|    iterations           | 621       |
|    time_elapsed         | 79        |
|    total_timesteps      | 79488     |
| train/                  |           |
|    approx_kl            | 0.0       |
|    clip_fraction        | 0         |
|    clip_range           | 0.2       |
|    entropy_loss         | -0.00165  |
|    explained_variance   | 0         |
|    learning_rate        | 0.0003    |
|    loss                 | 0.181     |
|    n_updates            | 2480      |
|    policy_gradient_loss | -1.07e-08 |
|    value_loss           | 0.401     |
---------------------------------------
--------------------------------------
| rollout/                |          |
|    ep_len_mean          | 1        |
|    ep_rew_mean          | -0.297   |
| time/                   |          |
|    fps                  | 1000     |
|    iterations           | 622      |
|    time_elapsed         | 79       |
|    total_timesteps      | 79616    |
| train/                  |          |
|    approx_kl            | 0.0      |
|    clip_fraction        | 0        |
|    clip_range           | 0.2      |
|    entropy_loss         | -0.00165 |
|    explained_variance   | 0        |
|    learning_rate        | 0.0003   |
|    loss                 | 0.152    |
|    n_updates            | 2484     |
|    policy_gradient_loss | 5.59e-09 |
|    value_loss           | 0.348    |
--------------------------------------
---------------------------------------
| rollout/                |           |
|    ep_len_mean          | 1         |
|    ep_rew_mean          | -0.267    |
| time/                   |           |
|    fps                  | 1000      |
|    iterations           | 623       |
|    time_elapsed         | 79        |
|    total_timesteps      | 79744     |
| train/                  |           |
|    approx_kl            | 0.0       |
|    clip_fraction        | 0         |
|    clip_range           | 0.2       |
|    entropy_loss         | -0.00165  |
|    explained_variance   | 0         |
|    learning_rate        | 0.0003    |
|    loss                 | 0.13      |
|    n_updates            | 2488      |
|    policy_gradient_loss | -3.26e-09 |
|    value_loss           | 0.407     |
---------------------------------------
---------------------------------------
| rollout/                |           |
|    ep_len_mean          | 1         |
|    ep_rew_mean          | -0.281    |
| time/                   |           |
|    fps                  | 1001      |
|    iterations           | 624       |
|    time_elapsed         | 79        |
|    total_timesteps      | 79872     |
| train/                  |           |
|    approx_kl            | 0.0       |
|    clip_fraction        | 0         |
|    clip_range           | 0.2       |
|    entropy_loss         | -0.00165  |
|    explained_variance   | -1.19e-07 |
|    learning_rate        | 0.0003    |
|    loss                 | 0.0976    |
|    n_updates            | 2492      |
|    policy_gradient_loss | 5.12e-09  |
|    value_loss           | 0.404     |
---------------------------------------
------------------------------------------
| rollout/                |              |
|    ep_len_mean          | 1            |
|    ep_rew_mean          | -0.357       |
| time/                   |              |
|    fps                  | 1001         |
|    iterations           | 625          |
|    time_elapsed         | 79           |
|    total_timesteps      | 80000        |
| train/                  |              |
|    approx_kl            | 0.0005747909 |
|    clip_fraction        | 0.00586      |
|    clip_range           | 0.2          |
|    entropy_loss         | -0.00143     |
|    explained_variance   | 5.96e-08     |
|    learning_rate        | 0.0003       |
|    loss                 | 0.19         |
|    n_updates            | 2496         |
|    policy_gradient_loss | -0.000733    |
|    value_loss           | 0.439        |
------------------------------------------
--------------------------------------
| rollout/                |          |
|    ep_len_mean          | 1        |
|    ep_rew_mean          | -0.253   |
| time/                   |          |
|    fps                  | 1001     |
|    iterations           | 626      |
|    time_elapsed         | 80       |
|    total_timesteps      | 80128    |
| train/                  |          |
|    approx_kl            | 0.0      |
|    clip_fraction        | 0        |
|    clip_range           | 0.2      |
|    entropy_loss         | -0.00122 |
|    explained_variance   | 0        |
|    learning_rate        | 0.0003   |
|    loss                 | 0.248    |
|    n_updates            | 2500     |
|    policy_gradient_loss | 0        |
|    value_loss           | 0.388    |
--------------------------------------
--------------------------------------
| rollout/                |          |
|    ep_len_mean          | 1        |
|    ep_rew_mean          | -0.266   |
| time/                   |          |
|    fps                  | 1001     |
|    iterations           | 627      |
|    time_elapsed         | 80       |
|    total_timesteps      | 80256    |
| train/                  |          |
|    approx_kl            | 0.0      |
|    clip_fraction        | 0        |
|    clip_range           | 0.2      |
|    entropy_loss         | -0.00119 |
|    explained_variance   | 0        |
|    learning_rate        | 0.0003   |
|    loss                 | 0.247    |
|    n_updates            | 2504     |
|    policy_gradient_loss | 6.98e-10 |
|    value_loss           | 0.467    |
--------------------------------------
---------------------------------------
| rollout/                |           |
|    ep_len_mean          | 1         |
|    ep_rew_mean          | -0.417    |
| time/                   |           |
|    fps                  | 1001      |
|    iterations           | 628       |
|    time_elapsed         | 80        |
|    total_timesteps      | 80384     |
| train/                  |           |
|    approx_kl            | 0.0       |
|    clip_fraction        | 0         |
|    clip_range           | 0.2       |
|    entropy_loss         | -0.00118  |
|    explained_variance   | 0         |
|    learning_rate        | 0.0003    |
|    loss                 | 0.212     |
|    n_updates            | 2508      |
|    policy_gradient_loss | -1.98e-09 |
|    value_loss           | 0.464     |
---------------------------------------
--------------------------------------
| rollout/                |          |
|    ep_len_mean          | 1        |
|    ep_rew_mean          | -0.206   |
| time/                   |          |
|    fps                  | 1001     |
|    iterations           | 629      |
|    time_elapsed         | 80       |
|    total_timesteps      | 80512    |
| train/                  |          |
|    approx_kl            | 0.0      |
|    clip_fraction        | 0        |
|    clip_range           | 0.2      |
|    entropy_loss         | -0.00118 |
|    explained_variance   | 0        |
|    learning_rate        | 0.0003   |
|    loss                 | 0.159    |
|    n_updates            | 2512     |
|    policy_gradient_loss | 1.4e-09  |
|    value_loss           | 0.378    |
--------------------------------------
---------------------------------------
| rollout/                |           |
|    ep_len_mean          | 1         |
|    ep_rew_mean          | -0.355    |
| time/                   |           |
|    fps                  | 1001      |
|    iterations           | 630       |
|    time_elapsed         | 80        |
|    total_timesteps      | 80640     |
| train/                  |           |
|    approx_kl            | 0.0       |
|    clip_fraction        | 0         |
|    clip_range           | 0.2       |
|    entropy_loss         | -0.00118  |
|    explained_variance   | 0         |
|    learning_rate        | 0.0003    |
|    loss                 | 0.21      |
|    n_updates            | 2516      |
|    policy_gradient_loss | -4.66e-10 |
|    value_loss           | 0.431     |
---------------------------------------
---------------------------------------
| rollout/                |           |
|    ep_len_mean          | 1         |
|    ep_rew_mean          | -0.147    |
| time/                   |           |
|    fps                  | 1001      |
|    iterations           | 631       |
|    time_elapsed         | 80        |
|    total_timesteps      | 80768     |
| train/                  |           |
|    approx_kl            | 0.0       |
|    clip_fraction        | 0         |
|    clip_range           | 0.2       |
|    entropy_loss         | -0.00118  |
|    explained_variance   | -1.19e-07 |
|    learning_rate        | 0.0003    |
|    loss                 | 0.23      |
|    n_updates            | 2520      |
|    policy_gradient_loss | 9.43e-09  |
|    value_loss           | 0.396     |
---------------------------------------
--------------------------------------
| rollout/                |          |
|    ep_len_mean          | 1        |
|    ep_rew_mean          | -0.328   |
| time/                   |          |
|    fps                  | 1001     |
|    iterations           | 632      |
|    time_elapsed         | 80       |
|    total_timesteps      | 80896    |
| train/                  |          |
|    approx_kl            | 0.0      |
|    clip_fraction        | 0        |
|    clip_range           | 0.2      |
|    entropy_loss         | -0.00118 |
|    explained_variance   | 0        |
|    learning_rate        | 0.0003   |
|    loss                 | 0.276    |
|    n_updates            | 2524     |
|    policy_gradient_loss | 1.32e-08 |
|    value_loss           | 0.484    |
--------------------------------------
--------------------------------------
| rollout/                |          |
|    ep_len_mean          | 1        |
|    ep_rew_mean          | -0.191   |
| time/                   |          |
|    fps                  | 1001     |
|    iterations           | 633      |
|    time_elapsed         | 80       |
|    total_timesteps      | 81024    |
| train/                  |          |
|    approx_kl            | 0.0      |
|    clip_fraction        | 0        |
|    clip_range           | 0.2      |
|    entropy_loss         | -0.00118 |
|    explained_variance   | 0        |
|    learning_rate        | 0.0003   |
|    loss                 | 0.228    |
|    n_updates            | 2528     |
|    policy_gradient_loss | 6.52e-09 |
|    value_loss           | 0.409    |
--------------------------------------
---------------------------------------
| rollout/                |           |
|    ep_len_mean          | 1         |
|    ep_rew_mean          | -0.149    |
| time/                   |           |
|    fps                  | 1002      |
|    iterations           | 634       |
|    time_elapsed         | 80        |
|    total_timesteps      | 81152     |
| train/                  |           |
|    approx_kl            | 0.0       |
|    clip_fraction        | 0         |
|    clip_range           | 0.2       |
|    entropy_loss         | -0.00118  |
|    explained_variance   | 5.96e-08  |
|    learning_rate        | 0.0003    |
|    loss                 | 0.227     |
|    n_updates            | 2532      |
|    policy_gradient_loss | -6.29e-09 |
|    value_loss           | 0.472     |
---------------------------------------
--------------------------------------
| rollout/                |          |
|    ep_len_mean          | 1        |
|    ep_rew_mean          | -0.25    |
| time/                   |          |
|    fps                  | 1002     |
|    iterations           | 635      |
|    time_elapsed         | 81       |
|    total_timesteps      | 81280    |
| train/                  |          |
|    approx_kl            | 0.0      |
|    clip_fraction        | 0        |
|    clip_range           | 0.2      |
|    entropy_loss         | -0.00118 |
|    explained_variance   | 0        |
|    learning_rate        | 0.0003   |
|    loss                 | 0.273    |
|    n_updates            | 2536     |
|    policy_gradient_loss | 8.27e-09 |
|    value_loss           | 0.485    |
--------------------------------------
---------------------------------------
| rollout/                |           |
|    ep_len_mean          | 1         |
|    ep_rew_mean          | -0.293    |
| time/                   |           |
|    fps                  | 1002      |
|    iterations           | 636       |
|    time_elapsed         | 81        |
|    total_timesteps      | 81408     |
| train/                  |           |
|    approx_kl            | 0.0       |
|    clip_fraction        | 0         |
|    clip_range           | 0.2       |
|    entropy_loss         | -0.00118  |
|    explained_variance   | 0         |
|    learning_rate        | 0.0003    |
|    loss                 | 0.2       |
|    n_updates            | 2540      |
|    policy_gradient_loss | -2.68e-09 |
|    value_loss           | 0.47      |
---------------------------------------
--------------------------------------
| rollout/                |          |
|    ep_len_mean          | 1        |
|    ep_rew_mean          | -0.324   |
| time/                   |          |
|    fps                  | 1002     |
|    iterations           | 637      |
|    time_elapsed         | 81       |
|    total_timesteps      | 81536    |
| train/                  |          |
|    approx_kl            | 0.0      |
|    clip_fraction        | 0        |
|    clip_range           | 0.2      |
|    entropy_loss         | -0.00118 |
|    explained_variance   | 0        |
|    learning_rate        | 0.0003   |
|    loss                 | 0.285    |
|    n_updates            | 2544     |
|    policy_gradient_loss | 6.87e-09 |
|    value_loss           | 0.391    |
--------------------------------------
---------------------------------------
| rollout/                |           |
|    ep_len_mean          | 1         |
|    ep_rew_mean          | -0.187    |
| time/                   |           |
|    fps                  | 1002      |
|    iterations           | 638       |
|    time_elapsed         | 81        |
|    total_timesteps      | 81664     |
| train/                  |           |
|    approx_kl            | 0.0       |
|    clip_fraction        | 0         |
|    clip_range           | 0.2       |
|    entropy_loss         | -0.00118  |
|    explained_variance   | 0         |
|    learning_rate        | 0.0003    |
|    loss                 | 0.287     |
|    n_updates            | 2548      |
|    policy_gradient_loss | -7.92e-09 |
|    value_loss           | 0.413     |
---------------------------------------
---------------------------------------
| rollout/                |           |
|    ep_len_mean          | 1         |
|    ep_rew_mean          | -0.372    |
| time/                   |           |
|    fps                  | 1002      |
|    iterations           | 639       |
|    time_elapsed         | 81        |
|    total_timesteps      | 81792     |
| train/                  |           |
|    approx_kl            | 0.0       |
|    clip_fraction        | 0         |
|    clip_range           | 0.2       |
|    entropy_loss         | -0.00118  |
|    explained_variance   | 0         |
|    learning_rate        | 0.0003    |
|    loss                 | 0.213     |
|    n_updates            | 2552      |
|    policy_gradient_loss | -3.38e-09 |
|    value_loss           | 0.461     |
---------------------------------------
--------------------------------------
| rollout/                |          |
|    ep_len_mean          | 1        |
|    ep_rew_mean          | -0.327   |
| time/                   |          |
|    fps                  | 1003     |
|    iterations           | 640      |
|    time_elapsed         | 81       |
|    total_timesteps      | 81920    |
| train/                  |          |
|    approx_kl            | 0.0      |
|    clip_fraction        | 0        |
|    clip_range           | 0.2      |
|    entropy_loss         | -0.00118 |
|    explained_variance   | 0        |
|    learning_rate        | 0.0003   |
|    loss                 | 0.156    |
|    n_updates            | 2556     |
|    policy_gradient_loss | 9.08e-09 |
|    value_loss           | 0.362    |
--------------------------------------
--------------------------------------
| rollout/                |          |
|    ep_len_mean          | 1        |
|    ep_rew_mean          | -0.266   |
| time/                   |          |
|    fps                  | 1003     |
|    iterations           | 641      |
|    time_elapsed         | 81       |
|    total_timesteps      | 82048    |
| train/                  |          |
|    approx_kl            | 0.0      |
|    clip_fraction        | 0        |
|    clip_range           | 0.2      |
|    entropy_loss         | -0.00118 |
|    explained_variance   | 1.19e-07 |
|    learning_rate        | 0.0003   |
|    loss                 | 0.228    |
|    n_updates            | 2560     |
|    policy_gradient_loss | 8.15e-10 |
|    value_loss           | 0.45     |
--------------------------------------
--------------------------------------
| rollout/                |          |
|    ep_len_mean          | 1        |
|    ep_rew_mean          | -0.359   |
| time/                   |          |
|    fps                  | 1003     |
|    iterations           | 642      |
|    time_elapsed         | 81       |
|    total_timesteps      | 82176    |
| train/                  |          |
|    approx_kl            | 0.0      |
|    clip_fraction        | 0        |
|    clip_range           | 0.2      |
|    entropy_loss         | -0.00118 |
|    explained_variance   | 0        |
|    learning_rate        | 0.0003   |
|    loss                 | 0.247    |
|    n_updates            | 2564     |
|    policy_gradient_loss | 9.43e-09 |
|    value_loss           | 0.396    |
--------------------------------------
--------------------------------------
| rollout/                |          |
|    ep_len_mean          | 1        |
|    ep_rew_mean          | -0.342   |
| time/                   |          |
|    fps                  | 1003     |
|    iterations           | 643      |
|    time_elapsed         | 82       |
|    total_timesteps      | 82304    |
| train/                  |          |
|    approx_kl            | 0.0      |
|    clip_fraction        | 0        |
|    clip_range           | 0.2      |
|    entropy_loss         | -0.00118 |
|    explained_variance   | 0        |
|    learning_rate        | 0.0003   |
|    loss                 | 0.153    |
|    n_updates            | 2568     |
|    policy_gradient_loss | 1.44e-08 |
|    value_loss           | 0.372    |
--------------------------------------
---------------------------------------
| rollout/                |           |
|    ep_len_mean          | 1         |
|    ep_rew_mean          | -0.235    |
| time/                   |           |
|    fps                  | 1003      |
|    iterations           | 644       |
|    time_elapsed         | 82        |
|    total_timesteps      | 82432     |
| train/                  |           |
|    approx_kl            | 0.0       |
|    clip_fraction        | 0         |
|    clip_range           | 0.2       |
|    entropy_loss         | -0.00118  |
|    explained_variance   | 0         |
|    learning_rate        | 0.0003    |
|    loss                 | 0.173     |
|    n_updates            | 2572      |
|    policy_gradient_loss | -1.86e-09 |
|    value_loss           | 0.376     |
---------------------------------------
---------------------------------------
| rollout/                |           |
|    ep_len_mean          | 1         |
|    ep_rew_mean          | -0.221    |
| time/                   |           |
|    fps                  | 1003      |
|    iterations           | 645       |
|    time_elapsed         | 82        |
|    total_timesteps      | 82560     |
| train/                  |           |
|    approx_kl            | 0.0       |
|    clip_fraction        | 0         |
|    clip_range           | 0.2       |
|    entropy_loss         | -0.00118  |
|    explained_variance   | -1.19e-07 |
|    learning_rate        | 0.0003    |
|    loss                 | 0.29      |
|    n_updates            | 2576      |
|    policy_gradient_loss | 1.05e-09  |
|    value_loss           | 0.448     |
---------------------------------------
--------------------------------------
| rollout/                |          |
|    ep_len_mean          | 1        |
|    ep_rew_mean          | -0.266   |
| time/                   |          |
|    fps                  | 1003     |
|    iterations           | 646      |
|    time_elapsed         | 82       |
|    total_timesteps      | 82688    |
| train/                  |          |
|    approx_kl            | 0.0      |
|    clip_fraction        | 0        |
|    clip_range           | 0.2      |
|    entropy_loss         | -0.00118 |
|    explained_variance   | 0        |
|    learning_rate        | 0.0003   |
|    loss                 | 0.213    |
|    n_updates            | 2580     |
|    policy_gradient_loss | 1.16e-09 |
|    value_loss           | 0.451    |
--------------------------------------
--------------------------------------
| rollout/                |          |
|    ep_len_mean          | 1        |
|    ep_rew_mean          | -0.342   |
| time/                   |          |
|    fps                  | 1003     |
|    iterations           | 647      |
|    time_elapsed         | 82       |
|    total_timesteps      | 82816    |
| train/                  |          |
|    approx_kl            | 0.0      |
|    clip_fraction        | 0        |
|    clip_range           | 0.2      |
|    entropy_loss         | -0.00118 |
|    explained_variance   | 5.96e-08 |
|    learning_rate        | 0.0003   |
|    loss                 | 0.228    |
|    n_updates            | 2584     |
|    policy_gradient_loss | 3.49e-09 |
|    value_loss           | 0.454    |
--------------------------------------
---------------------------------------
| rollout/                |           |
|    ep_len_mean          | 1         |
|    ep_rew_mean          | -0.175    |
| time/                   |           |
|    fps                  | 1003      |
|    iterations           | 648       |
|    time_elapsed         | 82        |
|    total_timesteps      | 82944     |
| train/                  |           |
|    approx_kl            | 0.0       |
|    clip_fraction        | 0         |
|    clip_range           | 0.2       |
|    entropy_loss         | -0.00118  |
|    explained_variance   | 0         |
|    learning_rate        | 0.0003    |
|    loss                 | 0.193     |
|    n_updates            | 2588      |
|    policy_gradient_loss | -3.49e-09 |
|    value_loss           | 0.366     |
---------------------------------------
--------------------------------------
| rollout/                |          |
|    ep_len_mean          | 1        |
|    ep_rew_mean          | -0.252   |
| time/                   |          |
|    fps                  | 1003     |
|    iterations           | 649      |
|    time_elapsed         | 82       |
|    total_timesteps      | 83072    |
| train/                  |          |
|    approx_kl            | 0.0      |
|    clip_fraction        | 0        |
|    clip_range           | 0.2      |
|    entropy_loss         | -0.00118 |
|    explained_variance   | 0        |
|    learning_rate        | 0.0003   |
|    loss                 | 0.347    |
|    n_updates            | 2592     |
|    policy_gradient_loss | 1.07e-08 |
|    value_loss           | 0.497    |
--------------------------------------
--------------------------------------
| rollout/                |          |
|    ep_len_mean          | 1        |
|    ep_rew_mean          | -0.355   |
| time/                   |          |
|    fps                  | 1004     |
|    iterations           | 650      |
|    time_elapsed         | 82       |
|    total_timesteps      | 83200    |
| train/                  |          |
|    approx_kl            | 0.0      |
|    clip_fraction        | 0        |
|    clip_range           | 0.2      |
|    entropy_loss         | -0.00118 |
|    explained_variance   | 0        |
|    learning_rate        | 0.0003   |
|    loss                 | 0.26     |
|    n_updates            | 2596     |
|    policy_gradient_loss | 2.33e-10 |
|    value_loss           | 0.434    |
--------------------------------------
---------------------------------------
| rollout/                |           |
|    ep_len_mean          | 1         |
|    ep_rew_mean          | -0.237    |
| time/                   |           |
|    fps                  | 1004      |
|    iterations           | 651       |
|    time_elapsed         | 82        |
|    total_timesteps      | 83328     |
| train/                  |           |
|    approx_kl            | 0.0       |
|    clip_fraction        | 0         |
|    clip_range           | 0.2       |
|    entropy_loss         | -0.00118  |
|    explained_variance   | -1.19e-07 |
|    learning_rate        | 0.0003    |
|    loss                 | 0.135     |
|    n_updates            | 2600      |
|    policy_gradient_loss | -5.36e-09 |
|    value_loss           | 0.361     |
---------------------------------------
---------------------------------------
| rollout/                |           |
|    ep_len_mean          | 1         |
|    ep_rew_mean          | -0.326    |
| time/                   |           |
|    fps                  | 1004      |
|    iterations           | 652       |
|    time_elapsed         | 83        |
|    total_timesteps      | 83456     |
| train/                  |           |
|    approx_kl            | 0.0       |
|    clip_fraction        | 0         |
|    clip_range           | 0.2       |
|    entropy_loss         | -0.00118  |
|    explained_variance   | 1.19e-07  |
|    learning_rate        | 0.0003    |
|    loss                 | 0.21      |
|    n_updates            | 2604      |
|    policy_gradient_loss | -1.42e-08 |
|    value_loss           | 0.479     |
---------------------------------------
---------------------------------------
| rollout/                |           |
|    ep_len_mean          | 1         |
|    ep_rew_mean          | -0.338    |
| time/                   |           |
|    fps                  | 1004      |
|    iterations           | 653       |
|    time_elapsed         | 83        |
|    total_timesteps      | 83584     |
| train/                  |           |
|    approx_kl            | 0.0       |
|    clip_fraction        | 0         |
|    clip_range           | 0.2       |
|    entropy_loss         | -0.00118  |
|    explained_variance   | 5.96e-08  |
|    learning_rate        | 0.0003    |
|    loss                 | 0.211     |
|    n_updates            | 2608      |
|    policy_gradient_loss | -1.63e-09 |
|    value_loss           | 0.415     |
---------------------------------------
--------------------------------------
| rollout/                |          |
|    ep_len_mean          | 1        |
|    ep_rew_mean          | -0.282   |
| time/                   |          |
|    fps                  | 1004     |
|    iterations           | 654      |
|    time_elapsed         | 83       |
|    total_timesteps      | 83712    |
| train/                  |          |
|    approx_kl            | 0.0      |
|    clip_fraction        | 0        |
|    clip_range           | 0.2      |
|    entropy_loss         | -0.00118 |
|    explained_variance   | 0        |
|    learning_rate        | 0.0003   |
|    loss                 | 0.133    |
|    n_updates            | 2612     |
|    policy_gradient_loss | 6.98e-10 |
|    value_loss           | 0.369    |
--------------------------------------
---------------------------------------
| rollout/                |           |
|    ep_len_mean          | 1         |
|    ep_rew_mean          | -0.251    |
| time/                   |           |
|    fps                  | 1004      |
|    iterations           | 655       |
|    time_elapsed         | 83        |
|    total_timesteps      | 83840     |
| train/                  |           |
|    approx_kl            | 0.0       |
|    clip_fraction        | 0         |
|    clip_range           | 0.2       |
|    entropy_loss         | -0.00118  |
|    explained_variance   | 0         |
|    learning_rate        | 0.0003    |
|    loss                 | 0.232     |
|    n_updates            | 2616      |
|    policy_gradient_loss | -4.31e-09 |
|    value_loss           | 0.427     |
---------------------------------------
---------------------------------------
| rollout/                |           |
|    ep_len_mean          | 1         |
|    ep_rew_mean          | -0.25     |
| time/                   |           |
|    fps                  | 1004      |
|    iterations           | 656       |
|    time_elapsed         | 83        |
|    total_timesteps      | 83968     |
| train/                  |           |
|    approx_kl            | 0.0       |
|    clip_fraction        | 0         |
|    clip_range           | 0.2       |
|    entropy_loss         | -0.00118  |
|    explained_variance   | 1.19e-07  |
|    learning_rate        | 0.0003    |
|    loss                 | 0.247     |
|    n_updates            | 2620      |
|    policy_gradient_loss | -6.98e-10 |
|    value_loss           | 0.414     |
---------------------------------------
--------------------------------------
| rollout/                |          |
|    ep_len_mean          | 1        |
|    ep_rew_mean          | -0.357   |
| time/                   |          |
|    fps                  | 1004     |
|    iterations           | 657      |
|    time_elapsed         | 83       |
|    total_timesteps      | 84096    |
| train/                  |          |
|    approx_kl            | 0.0      |
|    clip_fraction        | 0        |
|    clip_range           | 0.2      |
|    entropy_loss         | -0.00118 |
|    explained_variance   | 0        |
|    learning_rate        | 0.0003   |
|    loss                 | 0.244    |
|    n_updates            | 2624     |
|    policy_gradient_loss | 6.4e-09  |
|    value_loss           | 0.421    |
--------------------------------------
---------------------------------------
| rollout/                |           |
|    ep_len_mean          | 1         |
|    ep_rew_mean          | -0.373    |
| time/                   |           |
|    fps                  | 1004      |
|    iterations           | 658       |
|    time_elapsed         | 83        |
|    total_timesteps      | 84224     |
| train/                  |           |
|    approx_kl            | 0.0       |
|    clip_fraction        | 0         |
|    clip_range           | 0.2       |
|    entropy_loss         | -0.00118  |
|    explained_variance   | 0         |
|    learning_rate        | 0.0003    |
|    loss                 | 0.21      |
|    n_updates            | 2628      |
|    policy_gradient_loss | -1.86e-09 |
|    value_loss           | 0.405     |
---------------------------------------
--------------------------------------
| rollout/                |          |
|    ep_len_mean          | 1        |
|    ep_rew_mean          | -0.208   |
| time/                   |          |
|    fps                  | 1005     |
|    iterations           | 659      |
|    time_elapsed         | 83       |
|    total_timesteps      | 84352    |
| train/                  |          |
|    approx_kl            | 0.0      |
|    clip_fraction        | 0        |
|    clip_range           | 0.2      |
|    entropy_loss         | -0.00118 |
|    explained_variance   | 1.19e-07 |
|    learning_rate        | 0.0003   |
|    loss                 | 0.0888   |
|    n_updates            | 2632     |
|    policy_gradient_loss | 1.4e-09  |
|    value_loss           | 0.327    |
--------------------------------------
--------------------------------------
| rollout/                |          |
|    ep_len_mean          | 1        |
|    ep_rew_mean          | -0.298   |
| time/                   |          |
|    fps                  | 1005     |
|    iterations           | 660      |
|    time_elapsed         | 84       |
|    total_timesteps      | 84480    |
| train/                  |          |
|    approx_kl            | 0.0      |
|    clip_fraction        | 0        |
|    clip_range           | 0.2      |
|    entropy_loss         | -0.00118 |
|    explained_variance   | 0        |
|    learning_rate        | 0.0003   |
|    loss                 | 0.229    |
|    n_updates            | 2636     |
|    policy_gradient_loss | 6.98e-09 |
|    value_loss           | 0.516    |
--------------------------------------
--------------------------------------
| rollout/                |          |
|    ep_len_mean          | 1        |
|    ep_rew_mean          | -0.296   |
| time/                   |          |
|    fps                  | 1005     |
|    iterations           | 661      |
|    time_elapsed         | 84       |
|    total_timesteps      | 84608    |
| train/                  |          |
|    approx_kl            | 0.0      |
|    clip_fraction        | 0        |
|    clip_range           | 0.2      |
|    entropy_loss         | -0.00118 |
|    explained_variance   | 0        |
|    learning_rate        | 0.0003   |
|    loss                 | 0.178    |
|    n_updates            | 2640     |
|    policy_gradient_loss | 6.75e-09 |
|    value_loss           | 0.421    |
--------------------------------------
--------------------------------------
| rollout/                |          |
|    ep_len_mean          | 1        |
|    ep_rew_mean          | -0.221   |
| time/                   |          |
|    fps                  | 1005     |
|    iterations           | 662      |
|    time_elapsed         | 84       |
|    total_timesteps      | 84736    |
| train/                  |          |
|    approx_kl            | 0.0      |
|    clip_fraction        | 0        |
|    clip_range           | 0.2      |
|    entropy_loss         | -0.00118 |
|    explained_variance   | 0        |
|    learning_rate        | 0.0003   |
|    loss                 | 0.193    |
|    n_updates            | 2644     |
|    policy_gradient_loss | 5.7e-09  |
|    value_loss           | 0.42     |
--------------------------------------
---------------------------------------
| rollout/                |           |
|    ep_len_mean          | 1         |
|    ep_rew_mean          | -0.176    |
| time/                   |           |
|    fps                  | 1005      |
|    iterations           | 663       |
|    time_elapsed         | 84        |
|    total_timesteps      | 84864     |
| train/                  |           |
|    approx_kl            | 0.0       |
|    clip_fraction        | 0         |
|    clip_range           | 0.2       |
|    entropy_loss         | -0.00118  |
|    explained_variance   | 1.19e-07  |
|    learning_rate        | 0.0003    |
|    loss                 | 0.227     |
|    n_updates            | 2648      |
|    policy_gradient_loss | -3.03e-09 |
|    value_loss           | 0.447     |
---------------------------------------
---------------------------------------
| rollout/                |           |
|    ep_len_mean          | 1         |
|    ep_rew_mean          | -0.297    |
| time/                   |           |
|    fps                  | 1005      |
|    iterations           | 664       |
|    time_elapsed         | 84        |
|    total_timesteps      | 84992     |
| train/                  |           |
|    approx_kl            | 0.0       |
|    clip_fraction        | 0         |
|    clip_range           | 0.2       |
|    entropy_loss         | -0.00118  |
|    explained_variance   | -1.19e-07 |
|    learning_rate        | 0.0003    |
|    loss                 | 0.255     |
|    n_updates            | 2652      |
|    policy_gradient_loss | 5.01e-09  |
|    value_loss           | 0.494     |
---------------------------------------
--------------------------------------
| rollout/                |          |
|    ep_len_mean          | 1        |
|    ep_rew_mean          | -0.266   |
| time/                   |          |
|    fps                  | 1005     |
|    iterations           | 665      |
|    time_elapsed         | 84       |
|    total_timesteps      | 85120    |
| train/                  |          |
|    approx_kl            | 0.0      |
|    clip_fraction        | 0        |
|    clip_range           | 0.2      |
|    entropy_loss         | -0.00118 |
|    explained_variance   | 0        |
|    learning_rate        | 0.0003   |
|    loss                 | 0.271    |
|    n_updates            | 2656     |
|    policy_gradient_loss | 4.07e-09 |
|    value_loss           | 0.464    |
--------------------------------------
--------------------------------------
| rollout/                |          |
|    ep_len_mean          | 1        |
|    ep_rew_mean          | -0.282   |
| time/                   |          |
|    fps                  | 1005     |
|    iterations           | 666      |
|    time_elapsed         | 84       |
|    total_timesteps      | 85248    |
| train/                  |          |
|    approx_kl            | 0.0      |
|    clip_fraction        | 0        |
|    clip_range           | 0.2      |
|    entropy_loss         | -0.00118 |
|    explained_variance   | 0        |
|    learning_rate        | 0.0003   |
|    loss                 | 0.195    |
|    n_updates            | 2660     |
|    policy_gradient_loss | 1.46e-08 |
|    value_loss           | 0.419    |
--------------------------------------
---------------------------------------
| rollout/                |           |
|    ep_len_mean          | 1         |
|    ep_rew_mean          | -0.208    |
| time/                   |           |
|    fps                  | 1006      |
|    iterations           | 667       |
|    time_elapsed         | 84        |
|    total_timesteps      | 85376     |
| train/                  |           |
|    approx_kl            | 0.0       |
|    clip_fraction        | 0         |
|    clip_range           | 0.2       |
|    entropy_loss         | -0.00118  |
|    explained_variance   | 0         |
|    learning_rate        | 0.0003    |
|    loss                 | 0.21      |
|    n_updates            | 2664      |
|    policy_gradient_loss | -2.33e-09 |
|    value_loss           | 0.422     |
---------------------------------------
---------------------------------------
| rollout/                |           |
|    ep_len_mean          | 1         |
|    ep_rew_mean          | -0.313    |
| time/                   |           |
|    fps                  | 1006      |
|    iterations           | 668       |
|    time_elapsed         | 84        |
|    total_timesteps      | 85504     |
| train/                  |           |
|    approx_kl            | 0.0       |
|    clip_fraction        | 0         |
|    clip_range           | 0.2       |
|    entropy_loss         | -0.00118  |
|    explained_variance   | -1.19e-07 |
|    learning_rate        | 0.0003    |
|    loss                 | 0.244     |
|    n_updates            | 2668      |
|    policy_gradient_loss | -8.15e-10 |
|    value_loss           | 0.49      |
---------------------------------------
---------------------------------------
| rollout/                |           |
|    ep_len_mean          | 1         |
|    ep_rew_mean          | -0.189    |
| time/                   |           |
|    fps                  | 1006      |
|    iterations           | 669       |
|    time_elapsed         | 85        |
|    total_timesteps      | 85632     |
| train/                  |           |
|    approx_kl            | 0.0       |
|    clip_fraction        | 0         |
|    clip_range           | 0.2       |
|    entropy_loss         | -0.00118  |
|    explained_variance   | -2.38e-07 |
|    learning_rate        | 0.0003    |
|    loss                 | 0.211     |
|    n_updates            | 2672      |
|    policy_gradient_loss | -6.29e-09 |
|    value_loss           | 0.431     |
---------------------------------------
--------------------------------------
| rollout/                |          |
|    ep_len_mean          | 1        |
|    ep_rew_mean          | -0.266   |
| time/                   |          |
|    fps                  | 1006     |
|    iterations           | 670      |
|    time_elapsed         | 85       |
|    total_timesteps      | 85760    |
| train/                  |          |
|    approx_kl            | 0.0      |
|    clip_fraction        | 0        |
|    clip_range           | 0.2      |
|    entropy_loss         | -0.00118 |
|    explained_variance   | 0        |
|    learning_rate        | 0.0003   |
|    loss                 | 0.228    |
|    n_updates            | 2676     |
|    policy_gradient_loss | 6.98e-10 |
|    value_loss           | 0.44     |
--------------------------------------
---------------------------------------
| rollout/                |           |
|    ep_len_mean          | 1         |
|    ep_rew_mean          | -0.208    |
| time/                   |           |
|    fps                  | 1006      |
|    iterations           | 671       |
|    time_elapsed         | 85        |
|    total_timesteps      | 85888     |
| train/                  |           |
|    approx_kl            | 0.0       |
|    clip_fraction        | 0         |
|    clip_range           | 0.2       |
|    entropy_loss         | -0.00118  |
|    explained_variance   | 0         |
|    learning_rate        | 0.0003    |
|    loss                 | 0.177     |
|    n_updates            | 2680      |
|    policy_gradient_loss | -2.68e-09 |
|    value_loss           | 0.407     |
---------------------------------------
---------------------------------------
| rollout/                |           |
|    ep_len_mean          | 1         |
|    ep_rew_mean          | -0.253    |
| time/                   |           |
|    fps                  | 1006      |
|    iterations           | 672       |
|    time_elapsed         | 85        |
|    total_timesteps      | 86016     |
| train/                  |           |
|    approx_kl            | 0.0       |
|    clip_fraction        | 0         |
|    clip_range           | 0.2       |
|    entropy_loss         | -0.00118  |
|    explained_variance   | 0         |
|    learning_rate        | 0.0003    |
|    loss                 | 0.313     |
|    n_updates            | 2684      |
|    policy_gradient_loss | -2.68e-09 |
|    value_loss           | 0.464     |
---------------------------------------
---------------------------------------
| rollout/                |           |
|    ep_len_mean          | 1         |
|    ep_rew_mean          | -0.296    |
| time/                   |           |
|    fps                  | 1006      |
|    iterations           | 673       |
|    time_elapsed         | 85        |
|    total_timesteps      | 86144     |
| train/                  |           |
|    approx_kl            | 0.0       |
|    clip_fraction        | 0         |
|    clip_range           | 0.2       |
|    entropy_loss         | -0.00118  |
|    explained_variance   | 0         |
|    learning_rate        | 0.0003    |
|    loss                 | 0.227     |
|    n_updates            | 2688      |
|    policy_gradient_loss | -4.66e-10 |
|    value_loss           | 0.421     |
---------------------------------------
---------------------------------------
| rollout/                |           |
|    ep_len_mean          | 1         |
|    ep_rew_mean          | -0.312    |
| time/                   |           |
|    fps                  | 1007      |
|    iterations           | 674       |
|    time_elapsed         | 85        |
|    total_timesteps      | 86272     |
| train/                  |           |
|    approx_kl            | 0.0       |
|    clip_fraction        | 0         |
|    clip_range           | 0.2       |
|    entropy_loss         | -0.00118  |
|    explained_variance   | -1.19e-07 |
|    learning_rate        | 0.0003    |
|    loss                 | 0.247     |
|    n_updates            | 2692      |
|    policy_gradient_loss | 7.22e-09  |
|    value_loss           | 0.396     |
---------------------------------------
--------------------------------------
| rollout/                |          |
|    ep_len_mean          | 1        |
|    ep_rew_mean          | -0.252   |
| time/                   |          |
|    fps                  | 1007     |
|    iterations           | 675      |
|    time_elapsed         | 85       |
|    total_timesteps      | 86400    |
| train/                  |          |
|    approx_kl            | 0.0      |
|    clip_fraction        | 0        |
|    clip_range           | 0.2      |
|    entropy_loss         | -0.00118 |
|    explained_variance   | 5.96e-08 |
|    learning_rate        | 0.0003   |
|    loss                 | 0.211    |
|    n_updates            | 2696     |
|    policy_gradient_loss | 7.33e-09 |
|    value_loss           | 0.385    |
--------------------------------------
--------------------------------------
| rollout/                |          |
|    ep_len_mean          | 1        |
|    ep_rew_mean          | -0.266   |
| time/                   |          |
|    fps                  | 1007     |
|    iterations           | 676      |
|    time_elapsed         | 85       |
|    total_timesteps      | 86528    |
| train/                  |          |
|    approx_kl            | 0.0      |
|    clip_fraction        | 0        |
|    clip_range           | 0.2      |
|    entropy_loss         | -0.00118 |
|    explained_variance   | 0        |
|    learning_rate        | 0.0003   |
|    loss                 | 0.209    |
|    n_updates            | 2700     |
|    policy_gradient_loss | 3.38e-09 |
|    value_loss           | 0.452    |
--------------------------------------
---------------------------------------
| rollout/                |           |
|    ep_len_mean          | 1         |
|    ep_rew_mean          | -0.283    |
| time/                   |           |
|    fps                  | 1007      |
|    iterations           | 677       |
|    time_elapsed         | 85        |
|    total_timesteps      | 86656     |
| train/                  |           |
|    approx_kl            | 0.0       |
|    clip_fraction        | 0         |
|    clip_range           | 0.2       |
|    entropy_loss         | -0.00118  |
|    explained_variance   | -1.19e-07 |
|    learning_rate        | 0.0003    |
|    loss                 | 0.21      |
|    n_updates            | 2704      |
|    policy_gradient_loss | -1.05e-09 |
|    value_loss           | 0.42      |
---------------------------------------
--------------------------------------
| rollout/                |          |
|    ep_len_mean          | 1        |
|    ep_rew_mean          | -0.297   |
| time/                   |          |
|    fps                  | 1007     |
|    iterations           | 678      |
|    time_elapsed         | 86       |
|    total_timesteps      | 86784    |
| train/                  |          |
|    approx_kl            | 0.0      |
|    clip_fraction        | 0        |
|    clip_range           | 0.2      |
|    entropy_loss         | -0.00118 |
|    explained_variance   | 0        |
|    learning_rate        | 0.0003   |
|    loss                 | 0.139    |
|    n_updates            | 2708     |
|    policy_gradient_loss | 1.21e-08 |
|    value_loss           | 0.397    |
--------------------------------------
---------------------------------------
| rollout/                |           |
|    ep_len_mean          | 1         |
|    ep_rew_mean          | -0.265    |
| time/                   |           |
|    fps                  | 1008      |
|    iterations           | 679       |
|    time_elapsed         | 86        |
|    total_timesteps      | 86912     |
| train/                  |           |
|    approx_kl            | 0.0       |
|    clip_fraction        | 0         |
|    clip_range           | 0.2       |
|    entropy_loss         | -0.00118  |
|    explained_variance   | -1.19e-07 |
|    learning_rate        | 0.0003    |
|    loss                 | 0.175     |
|    n_updates            | 2712      |
|    policy_gradient_loss | 8.61e-09  |
|    value_loss           | 0.432     |
---------------------------------------
---------------------------------------
| rollout/                |           |
|    ep_len_mean          | 1         |
|    ep_rew_mean          | -0.235    |
| time/                   |           |
|    fps                  | 1008      |
|    iterations           | 680       |
|    time_elapsed         | 86        |
|    total_timesteps      | 87040     |
| train/                  |           |
|    approx_kl            | 0.0       |
|    clip_fraction        | 0         |
|    clip_range           | 0.2       |
|    entropy_loss         | -0.00118  |
|    explained_variance   | -1.19e-07 |
|    learning_rate        | 0.0003    |
|    loss                 | 0.175     |
|    n_updates            | 2716      |
|    policy_gradient_loss | -9.2e-09  |
|    value_loss           | 0.432     |
---------------------------------------
--------------------------------------
| rollout/                |          |
|    ep_len_mean          | 1        |
|    ep_rew_mean          | -0.267   |
| time/                   |          |
|    fps                  | 1008     |
|    iterations           | 681      |
|    time_elapsed         | 86       |
|    total_timesteps      | 87168    |
| train/                  |          |
|    approx_kl            | 0.0      |
|    clip_fraction        | 0        |
|    clip_range           | 0.2      |
|    entropy_loss         | -0.00118 |
|    explained_variance   | 0        |
|    learning_rate        | 0.0003   |
|    loss                 | 0.28     |
|    n_updates            | 2720     |
|    policy_gradient_loss | 4.66e-09 |
|    value_loss           | 0.438    |
--------------------------------------
---------------------------------------
| rollout/                |           |
|    ep_len_mean          | 1         |
|    ep_rew_mean          | -0.179    |
| time/                   |           |
|    fps                  | 1008      |
|    iterations           | 682       |
|    time_elapsed         | 86        |
|    total_timesteps      | 87296     |
| train/                  |           |
|    approx_kl            | 0.0       |
|    clip_fraction        | 0         |
|    clip_range           | 0.2       |
|    entropy_loss         | -0.00118  |
|    explained_variance   | -1.19e-07 |
|    learning_rate        | 0.0003    |
|    loss                 | 0.179     |
|    n_updates            | 2724      |
|    policy_gradient_loss | -1.36e-08 |
|    value_loss           | 0.438     |
---------------------------------------
---------------------------------------
| rollout/                |           |
|    ep_len_mean          | 1         |
|    ep_rew_mean          | -0.176    |
| time/                   |           |
|    fps                  | 1008      |
|    iterations           | 683       |
|    time_elapsed         | 86        |
|    total_timesteps      | 87424     |
| train/                  |           |
|    approx_kl            | 0.0       |
|    clip_fraction        | 0         |
|    clip_range           | 0.2       |
|    entropy_loss         | -0.00118  |
|    explained_variance   | -1.19e-07 |
|    learning_rate        | 0.0003    |
|    loss                 | 0.302     |
|    n_updates            | 2728      |
|    policy_gradient_loss | 7.57e-09  |
|    value_loss           | 0.488     |
---------------------------------------
--------------------------------------
| rollout/                |          |
|    ep_len_mean          | 1        |
|    ep_rew_mean          | -0.282   |
| time/                   |          |
|    fps                  | 1008     |
|    iterations           | 684      |
|    time_elapsed         | 86       |
|    total_timesteps      | 87552    |
| train/                  |          |
|    approx_kl            | 0.0      |
|    clip_fraction        | 0        |
|    clip_range           | 0.2      |
|    entropy_loss         | -0.00118 |
|    explained_variance   | 1.79e-07 |
|    learning_rate        | 0.0003   |
|    loss                 | 0.203    |
|    n_updates            | 2732     |
|    policy_gradient_loss | 2.91e-09 |
|    value_loss           | 0.486    |
--------------------------------------
---------------------------------------
| rollout/                |           |
|    ep_len_mean          | 1         |
|    ep_rew_mean          | -0.25     |
| time/                   |           |
|    fps                  | 1009      |
|    iterations           | 685       |
|    time_elapsed         | 86        |
|    total_timesteps      | 87680     |
| train/                  |           |
|    approx_kl            | 0.0       |
|    clip_fraction        | 0         |
|    clip_range           | 0.2       |
|    entropy_loss         | -0.00118  |
|    explained_variance   | 0         |
|    learning_rate        | 0.0003    |
|    loss                 | 0.198     |
|    n_updates            | 2736      |
|    policy_gradient_loss | -1.16e-09 |
|    value_loss           | 0.42      |
---------------------------------------
--------------------------------------
| rollout/                |          |
|    ep_len_mean          | 1        |
|    ep_rew_mean          | -0.296   |
| time/                   |          |
|    fps                  | 1009     |
|    iterations           | 686      |
|    time_elapsed         | 86       |
|    total_timesteps      | 87808    |
| train/                  |          |
|    approx_kl            | 0.0      |
|    clip_fraction        | 0        |
|    clip_range           | 0.2      |
|    entropy_loss         | -0.00118 |
|    explained_variance   | 0        |
|    learning_rate        | 0.0003   |
|    loss                 | 0.194    |
|    n_updates            | 2740     |
|    policy_gradient_loss | 3.03e-09 |
|    value_loss           | 0.439    |
--------------------------------------
---------------------------------------
| rollout/                |           |
|    ep_len_mean          | 1         |
|    ep_rew_mean          | -0.177    |
| time/                   |           |
|    fps                  | 1009      |
|    iterations           | 687       |
|    time_elapsed         | 87        |
|    total_timesteps      | 87936     |
| train/                  |           |
|    approx_kl            | 0.0       |
|    clip_fraction        | 0         |
|    clip_range           | 0.2       |
|    entropy_loss         | -0.00118  |
|    explained_variance   | 0         |
|    learning_rate        | 0.0003    |
|    loss                 | 0.157     |
|    n_updates            | 2744      |
|    policy_gradient_loss | -3.49e-10 |
|    value_loss           | 0.407     |
---------------------------------------
--------------------------------------
| rollout/                |          |
|    ep_len_mean          | 1        |
|    ep_rew_mean          | -0.372   |
| time/                   |          |
|    fps                  | 1009     |
|    iterations           | 688      |
|    time_elapsed         | 87       |
|    total_timesteps      | 88064    |
| train/                  |          |
|    approx_kl            | 0.0      |
|    clip_fraction        | 0        |
|    clip_range           | 0.2      |
|    entropy_loss         | -0.00118 |
|    explained_variance   | 0        |
|    learning_rate        | 0.0003   |
|    loss                 | 0.177    |
|    n_updates            | 2748     |
|    policy_gradient_loss | 4.89e-09 |
|    value_loss           | 0.473    |
--------------------------------------
--------------------------------------
| rollout/                |          |
|    ep_len_mean          | 1        |
|    ep_rew_mean          | -0.281   |
| time/                   |          |
|    fps                  | 1009     |
|    iterations           | 689      |
|    time_elapsed         | 87       |
|    total_timesteps      | 88192    |
| train/                  |          |
|    approx_kl            | 0.0      |
|    clip_fraction        | 0        |
|    clip_range           | 0.2      |
|    entropy_loss         | -0.00118 |
|    explained_variance   | 0        |
|    learning_rate        | 0.0003   |
|    loss                 | 0.264    |
|    n_updates            | 2752     |
|    policy_gradient_loss | 4.42e-09 |
|    value_loss           | 0.379    |
--------------------------------------
--------------------------------------
| rollout/                |          |
|    ep_len_mean          | 1        |
|    ep_rew_mean          | -0.327   |
| time/                   |          |
|    fps                  | 1010     |
|    iterations           | 690      |
|    time_elapsed         | 87       |
|    total_timesteps      | 88320    |
| train/                  |          |
|    approx_kl            | 0.0      |
|    clip_fraction        | 0        |
|    clip_range           | 0.2      |
|    entropy_loss         | -0.00118 |
|    explained_variance   | 0        |
|    learning_rate        | 0.0003   |
|    loss                 | 0.153    |
|    n_updates            | 2756     |
|    policy_gradient_loss | 0        |
|    value_loss           | 0.394    |
--------------------------------------
---------------------------------------
| rollout/                |           |
|    ep_len_mean          | 1         |
|    ep_rew_mean          | -0.369    |
| time/                   |           |
|    fps                  | 1010      |
|    iterations           | 691       |
|    time_elapsed         | 87        |
|    total_timesteps      | 88448     |
| train/                  |           |
|    approx_kl            | 0.0       |
|    clip_fraction        | 0         |
|    clip_range           | 0.2       |
|    entropy_loss         | -0.00118  |
|    explained_variance   | 0         |
|    learning_rate        | 0.0003    |
|    loss                 | 0.285     |
|    n_updates            | 2760      |
|    policy_gradient_loss | -1.16e-09 |
|    value_loss           | 0.432     |
---------------------------------------
--------------------------------------
| rollout/                |          |
|    ep_len_mean          | 1        |
|    ep_rew_mean          | -0.25    |
| time/                   |          |
|    fps                  | 1010     |
|    iterations           | 692      |
|    time_elapsed         | 87       |
|    total_timesteps      | 88576    |
| train/                  |          |
|    approx_kl            | 0.0      |
|    clip_fraction        | 0        |
|    clip_range           | 0.2      |
|    entropy_loss         | -0.00118 |
|    explained_variance   | 0        |
|    learning_rate        | 0.0003   |
|    loss                 | 0.155    |
|    n_updates            | 2764     |
|    policy_gradient_loss | 3.14e-09 |
|    value_loss           | 0.368    |
--------------------------------------
--------------------------------------
| rollout/                |          |
|    ep_len_mean          | 1        |
|    ep_rew_mean          | -0.265   |
| time/                   |          |
|    fps                  | 1010     |
|    iterations           | 693      |
|    time_elapsed         | 87       |
|    total_timesteps      | 88704    |
| train/                  |          |
|    approx_kl            | 0.0      |
|    clip_fraction        | 0        |
|    clip_range           | 0.2      |
|    entropy_loss         | -0.00118 |
|    explained_variance   | 0        |
|    learning_rate        | 0.0003   |
|    loss                 | 0.265    |
|    n_updates            | 2768     |
|    policy_gradient_loss | 7.8e-09  |
|    value_loss           | 0.469    |
--------------------------------------
--------------------------------------
| rollout/                |          |
|    ep_len_mean          | 1        |
|    ep_rew_mean          | -0.235   |
| time/                   |          |
|    fps                  | 1010     |
|    iterations           | 694      |
|    time_elapsed         | 87       |
|    total_timesteps      | 88832    |
| train/                  |          |
|    approx_kl            | 0.0      |
|    clip_fraction        | 0        |
|    clip_range           | 0.2      |
|    entropy_loss         | -0.00118 |
|    explained_variance   | 0        |
|    learning_rate        | 0.0003   |
|    loss                 | 0.211    |
|    n_updates            | 2772     |
|    policy_gradient_loss | 1.01e-08 |
|    value_loss           | 0.438    |
--------------------------------------
--------------------------------------
| rollout/                |          |
|    ep_len_mean          | 1        |
|    ep_rew_mean          | -0.174   |
| time/                   |          |
|    fps                  | 1010     |
|    iterations           | 695      |
|    time_elapsed         | 88       |
|    total_timesteps      | 88960    |
| train/                  |          |
|    approx_kl            | 0.0      |
|    clip_fraction        | 0        |
|    clip_range           | 0.2      |
|    entropy_loss         | -0.00118 |
|    explained_variance   | 0        |
|    learning_rate        | 0.0003   |
|    loss                 | 0.182    |
|    n_updates            | 2776     |
|    policy_gradient_loss | 4.54e-09 |
|    value_loss           | 0.449    |
--------------------------------------
--------------------------------------
| rollout/                |          |
|    ep_len_mean          | 1        |
|    ep_rew_mean          | -0.266   |
| time/                   |          |
|    fps                  | 1010     |
|    iterations           | 696      |
|    time_elapsed         | 88       |
|    total_timesteps      | 89088    |
| train/                  |          |
|    approx_kl            | 0.0      |
|    clip_fraction        | 0        |
|    clip_range           | 0.2      |
|    entropy_loss         | -0.00118 |
|    explained_variance   | 0        |
|    learning_rate        | 0.0003   |
|    loss                 | 0.215    |
|    n_updates            | 2780     |
|    policy_gradient_loss | 9.9e-09  |
|    value_loss           | 0.517    |
--------------------------------------
---------------------------------------
| rollout/                |           |
|    ep_len_mean          | 1         |
|    ep_rew_mean          | -0.341    |
| time/                   |           |
|    fps                  | 1011      |
|    iterations           | 697       |
|    time_elapsed         | 88        |
|    total_timesteps      | 89216     |
| train/                  |           |
|    approx_kl            | 0.0       |
|    clip_fraction        | 0         |
|    clip_range           | 0.2       |
|    entropy_loss         | -0.00118  |
|    explained_variance   | 5.96e-08  |
|    learning_rate        | 0.0003    |
|    loss                 | 0.156     |
|    n_updates            | 2784      |
|    policy_gradient_loss | -4.66e-10 |
|    value_loss           | 0.44      |
---------------------------------------
--------------------------------------
| rollout/                |          |
|    ep_len_mean          | 1        |
|    ep_rew_mean          | -0.223   |
| time/                   |          |
|    fps                  | 1011     |
|    iterations           | 698      |
|    time_elapsed         | 88       |
|    total_timesteps      | 89344    |
| train/                  |          |
|    approx_kl            | 0.0      |
|    clip_fraction        | 0        |
|    clip_range           | 0.2      |
|    entropy_loss         | -0.00118 |
|    explained_variance   | 5.96e-08 |
|    learning_rate        | 0.0003   |
|    loss                 | 0.155    |
|    n_updates            | 2788     |
|    policy_gradient_loss | -1.4e-08 |
|    value_loss           | 0.357    |
--------------------------------------
--------------------------------------
| rollout/                |          |
|    ep_len_mean          | 1        |
|    ep_rew_mean          | -0.372   |
| time/                   |          |
|    fps                  | 1011     |
|    iterations           | 699      |
|    time_elapsed         | 88       |
|    total_timesteps      | 89472    |
| train/                  |          |
|    approx_kl            | 0.0      |
|    clip_fraction        | 0        |
|    clip_range           | 0.2      |
|    entropy_loss         | -0.00118 |
|    explained_variance   | 0        |
|    learning_rate        | 0.0003   |
|    loss                 | 0.284    |
|    n_updates            | 2792     |
|    policy_gradient_loss | 5.36e-09 |
|    value_loss           | 0.488    |
--------------------------------------
--------------------------------------
| rollout/                |          |
|    ep_len_mean          | 1        |
|    ep_rew_mean          | -0.415   |
| time/                   |          |
|    fps                  | 1011     |
|    iterations           | 700      |
|    time_elapsed         | 88       |
|    total_timesteps      | 89600    |
| train/                  |          |
|    approx_kl            | 0.0      |
|    clip_fraction        | 0        |
|    clip_range           | 0.2      |
|    entropy_loss         | -0.00118 |
|    explained_variance   | 1.19e-07 |
|    learning_rate        | 0.0003   |
|    loss                 | 0.15     |
|    n_updates            | 2796     |
|    policy_gradient_loss | 4.42e-09 |
|    value_loss           | 0.32     |
--------------------------------------
--------------------------------------
| rollout/                |          |
|    ep_len_mean          | 1        |
|    ep_rew_mean          | -0.282   |
| time/                   |          |
|    fps                  | 1011     |
|    iterations           | 701      |
|    time_elapsed         | 88       |
|    total_timesteps      | 89728    |
| train/                  |          |
|    approx_kl            | 0.0      |
|    clip_fraction        | 0        |
|    clip_range           | 0.2      |
|    entropy_loss         | -0.00118 |
|    explained_variance   | 0        |
|    learning_rate        | 0.0003   |
|    loss                 | 0.125    |
|    n_updates            | 2800     |
|    policy_gradient_loss | 6.98e-09 |
|    value_loss           | 0.325    |
--------------------------------------
---------------------------------------
| rollout/                |           |
|    ep_len_mean          | 1         |
|    ep_rew_mean          | -0.399    |
| time/                   |           |
|    fps                  | 1011      |
|    iterations           | 702       |
|    time_elapsed         | 88        |
|    total_timesteps      | 89856     |
| train/                  |           |
|    approx_kl            | 0.0       |
|    clip_fraction        | 0         |
|    clip_range           | 0.2       |
|    entropy_loss         | -0.00118  |
|    explained_variance   | 0         |
|    learning_rate        | 0.0003    |
|    loss                 | 0.213     |
|    n_updates            | 2804      |
|    policy_gradient_loss | -8.38e-09 |
|    value_loss           | 0.431     |
---------------------------------------
---------------------------------------
| rollout/                |           |
|    ep_len_mean          | 1         |
|    ep_rew_mean          | -0.295    |
| time/                   |           |
|    fps                  | 1012      |
|    iterations           | 703       |
|    time_elapsed         | 88        |
|    total_timesteps      | 89984     |
| train/                  |           |
|    approx_kl            | 0.0       |
|    clip_fraction        | 0         |
|    clip_range           | 0.2       |
|    entropy_loss         | -0.00118  |
|    explained_variance   | -1.19e-07 |
|    learning_rate        | 0.0003    |
|    loss                 | 0.173     |
|    n_updates            | 2808      |
|    policy_gradient_loss | -2.79e-09 |
|    value_loss           | 0.347     |
---------------------------------------
--------------------------------------
| rollout/                |          |
|    ep_len_mean          | 1        |
|    ep_rew_mean          | -0.314   |
| time/                   |          |
|    fps                  | 1012     |
|    iterations           | 704      |
|    time_elapsed         | 89       |
|    total_timesteps      | 90112    |
| train/                  |          |
|    approx_kl            | 0.0      |
|    clip_fraction        | 0        |
|    clip_range           | 0.2      |
|    entropy_loss         | -0.00118 |
|    explained_variance   | 0        |
|    learning_rate        | 0.0003   |
|    loss                 | 0.229    |
|    n_updates            | 2812     |
|    policy_gradient_loss | 5.24e-09 |
|    value_loss           | 0.453    |
--------------------------------------
---------------------------------------
| rollout/                |           |
|    ep_len_mean          | 1         |
|    ep_rew_mean          | -0.207    |
| time/                   |           |
|    fps                  | 1012      |
|    iterations           | 705       |
|    time_elapsed         | 89        |
|    total_timesteps      | 90240     |
| train/                  |           |
|    approx_kl            | 0.0       |
|    clip_fraction        | 0         |
|    clip_range           | 0.2       |
|    entropy_loss         | -0.00118  |
|    explained_variance   | -1.19e-07 |
|    learning_rate        | 0.0003    |
|    loss                 | 0.193     |
|    n_updates            | 2816      |
|    policy_gradient_loss | -4.19e-09 |
|    value_loss           | 0.386     |
---------------------------------------
--------------------------------------
| rollout/                |          |
|    ep_len_mean          | 1        |
|    ep_rew_mean          | -0.325   |
| time/                   |          |
|    fps                  | 1012     |
|    iterations           | 706      |
|    time_elapsed         | 89       |
|    total_timesteps      | 90368    |
| train/                  |          |
|    approx_kl            | 0.0      |
|    clip_fraction        | 0        |
|    clip_range           | 0.2      |
|    entropy_loss         | -0.00118 |
|    explained_variance   | 0        |
|    learning_rate        | 0.0003   |
|    loss                 | 0.212    |
|    n_updates            | 2820     |
|    policy_gradient_loss | 8.15e-09 |
|    value_loss           | 0.422    |
--------------------------------------
--------------------------------------
| rollout/                |          |
|    ep_len_mean          | 1        |
|    ep_rew_mean          | -0.281   |
| time/                   |          |
|    fps                  | 1012     |
|    iterations           | 707      |
|    time_elapsed         | 89       |
|    total_timesteps      | 90496    |
| train/                  |          |
|    approx_kl            | 0.0      |
|    clip_fraction        | 0        |
|    clip_range           | 0.2      |
|    entropy_loss         | -0.00118 |
|    explained_variance   | 0        |
|    learning_rate        | 0.0003   |
|    loss                 | 0.153    |
|    n_updates            | 2824     |
|    policy_gradient_loss | 4.89e-09 |
|    value_loss           | 0.376    |
--------------------------------------
---------------------------------------
| rollout/                |           |
|    ep_len_mean          | 1         |
|    ep_rew_mean          | -0.342    |
| time/                   |           |
|    fps                  | 1012      |
|    iterations           | 708       |
|    time_elapsed         | 89        |
|    total_timesteps      | 90624     |
| train/                  |           |
|    approx_kl            | 0.0       |
|    clip_fraction        | 0         |
|    clip_range           | 0.2       |
|    entropy_loss         | -0.00118  |
|    explained_variance   | 0         |
|    learning_rate        | 0.0003    |
|    loss                 | 0.193     |
|    n_updates            | 2828      |
|    policy_gradient_loss | -8.15e-10 |
|    value_loss           | 0.468     |
---------------------------------------
--------------------------------------
| rollout/                |          |
|    ep_len_mean          | 1        |
|    ep_rew_mean          | -0.325   |
| time/                   |          |
|    fps                  | 1012     |
|    iterations           | 709      |
|    time_elapsed         | 89       |
|    total_timesteps      | 90752    |
| train/                  |          |
|    approx_kl            | 0.0      |
|    clip_fraction        | 0        |
|    clip_range           | 0.2      |
|    entropy_loss         | -0.00118 |
|    explained_variance   | 0        |
|    learning_rate        | 0.0003   |
|    loss                 | 0.193    |
|    n_updates            | 2832     |
|    policy_gradient_loss | 2.56e-09 |
|    value_loss           | 0.377    |
--------------------------------------
--------------------------------------
| rollout/                |          |
|    ep_len_mean          | 1        |
|    ep_rew_mean          | -0.248   |
| time/                   |          |
|    fps                  | 1012     |
|    iterations           | 710      |
|    time_elapsed         | 89       |
|    total_timesteps      | 90880    |
| train/                  |          |
|    approx_kl            | 0.0      |
|    clip_fraction        | 0        |
|    clip_range           | 0.2      |
|    entropy_loss         | -0.00118 |
|    explained_variance   | 5.96e-08 |
|    learning_rate        | 0.0003   |
|    loss                 | 0.209    |
|    n_updates            | 2836     |
|    policy_gradient_loss | 5.24e-09 |
|    value_loss           | 0.412    |
--------------------------------------
---------------------------------------
| rollout/                |           |
|    ep_len_mean          | 1         |
|    ep_rew_mean          | -0.312    |
| time/                   |           |
|    fps                  | 1012      |
|    iterations           | 711       |
|    time_elapsed         | 89        |
|    total_timesteps      | 91008     |
| train/                  |           |
|    approx_kl            | 0.0       |
|    clip_fraction        | 0         |
|    clip_range           | 0.2       |
|    entropy_loss         | -0.00118  |
|    explained_variance   | 1.19e-07  |
|    learning_rate        | 0.0003    |
|    loss                 | 0.21      |
|    n_updates            | 2840      |
|    policy_gradient_loss | -3.96e-09 |
|    value_loss           | 0.422     |
---------------------------------------
---------------------------------------
| rollout/                |           |
|    ep_len_mean          | 1         |
|    ep_rew_mean          | -0.252    |
| time/                   |           |
|    fps                  | 1012      |
|    iterations           | 712       |
|    time_elapsed         | 89        |
|    total_timesteps      | 91136     |
| train/                  |           |
|    approx_kl            | 0.0       |
|    clip_fraction        | 0         |
|    clip_range           | 0.2       |
|    entropy_loss         | -0.00118  |
|    explained_variance   | -1.19e-07 |
|    learning_rate        | 0.0003    |
|    loss                 | 0.158     |
|    n_updates            | 2844      |
|    policy_gradient_loss | -6.64e-09 |
|    value_loss           | 0.386     |
---------------------------------------
--------------------------------------
| rollout/                |          |
|    ep_len_mean          | 1        |
|    ep_rew_mean          | -0.191   |
| time/                   |          |
|    fps                  | 1013     |
|    iterations           | 713      |
|    time_elapsed         | 90       |
|    total_timesteps      | 91264    |
| train/                  |          |
|    approx_kl            | 0.0      |
|    clip_fraction        | 0        |
|    clip_range           | 0.2      |
|    entropy_loss         | -0.00118 |
|    explained_variance   | 0        |
|    learning_rate        | 0.0003   |
|    loss                 | 0.23     |
|    n_updates            | 2848     |
|    policy_gradient_loss | -2.1e-09 |
|    value_loss           | 0.414    |
--------------------------------------
---------------------------------------
| rollout/                |           |
|    ep_len_mean          | 1         |
|    ep_rew_mean          | -0.252    |
| time/                   |           |
|    fps                  | 1013      |
|    iterations           | 714       |
|    time_elapsed         | 90        |
|    total_timesteps      | 91392     |
| train/                  |           |
|    approx_kl            | 0.0       |
|    clip_fraction        | 0         |
|    clip_range           | 0.2       |
|    entropy_loss         | -0.00118  |
|    explained_variance   | -1.19e-07 |
|    learning_rate        | 0.0003    |
|    loss                 | 0.3       |
|    n_updates            | 2852      |
|    policy_gradient_loss | -2.56e-09 |
|    value_loss           | 0.451     |
---------------------------------------
--------------------------------------
| rollout/                |          |
|    ep_len_mean          | 1        |
|    ep_rew_mean          | -0.22    |
| time/                   |          |
|    fps                  | 1013     |
|    iterations           | 715      |
|    time_elapsed         | 90       |
|    total_timesteps      | 91520    |
| train/                  |          |
|    approx_kl            | 0.0      |
|    clip_fraction        | 0        |
|    clip_range           | 0.2      |
|    entropy_loss         | -0.00118 |
|    explained_variance   | 0        |
|    learning_rate        | 0.0003   |
|    loss                 | 0.258    |
|    n_updates            | 2856     |
|    policy_gradient_loss | 5.82e-10 |
|    value_loss           | 0.453    |
--------------------------------------
---------------------------------------
| rollout/                |           |
|    ep_len_mean          | 1         |
|    ep_rew_mean          | -0.178    |
| time/                   |           |
|    fps                  | 1013      |
|    iterations           | 716       |
|    time_elapsed         | 90        |
|    total_timesteps      | 91648     |
| train/                  |           |
|    approx_kl            | 0.0       |
|    clip_fraction        | 0         |
|    clip_range           | 0.2       |
|    entropy_loss         | -0.00118  |
|    explained_variance   | 1.19e-07  |
|    learning_rate        | 0.0003    |
|    loss                 | 0.241     |
|    n_updates            | 2860      |
|    policy_gradient_loss | -3.49e-09 |
|    value_loss           | 0.447     |
---------------------------------------
---------------------------------------
| rollout/                |           |
|    ep_len_mean          | 1         |
|    ep_rew_mean          | -0.234    |
| time/                   |           |
|    fps                  | 1013      |
|    iterations           | 717       |
|    time_elapsed         | 90        |
|    total_timesteps      | 91776     |
| train/                  |           |
|    approx_kl            | 0.0       |
|    clip_fraction        | 0         |
|    clip_range           | 0.2       |
|    entropy_loss         | -0.00118  |
|    explained_variance   | 0         |
|    learning_rate        | 0.0003    |
|    loss                 | 0.241     |
|    n_updates            | 2864      |
|    policy_gradient_loss | -4.07e-09 |
|    value_loss           | 0.485     |
---------------------------------------
---------------------------------------
| rollout/                |           |
|    ep_len_mean          | 1         |
|    ep_rew_mean          | -0.207    |
| time/                   |           |
|    fps                  | 1013      |
|    iterations           | 718       |
|    time_elapsed         | 90        |
|    total_timesteps      | 91904     |
| train/                  |           |
|    approx_kl            | 0.0       |
|    clip_fraction        | 0         |
|    clip_range           | 0.2       |
|    entropy_loss         | -0.00118  |
|    explained_variance   | 0         |
|    learning_rate        | 0.0003    |
|    loss                 | 0.284     |
|    n_updates            | 2868      |
|    policy_gradient_loss | -2.79e-09 |
|    value_loss           | 0.462     |
---------------------------------------
--------------------------------------
| rollout/                |          |
|    ep_len_mean          | 1        |
|    ep_rew_mean          | -0.311   |
| time/                   |          |
|    fps                  | 1013     |
|    iterations           | 719      |
|    time_elapsed         | 90       |
|    total_timesteps      | 92032    |
| train/                  |          |
|    approx_kl            | 0.0      |
|    clip_fraction        | 0        |
|    clip_range           | 0.2      |
|    entropy_loss         | -0.00118 |
|    explained_variance   | 5.96e-08 |
|    learning_rate        | 0.0003   |
|    loss                 | 0.241    |
|    n_updates            | 2872     |
|    policy_gradient_loss | 9.43e-09 |
|    value_loss           | 0.445    |
--------------------------------------
---------------------------------------
| rollout/                |           |
|    ep_len_mean          | 1         |
|    ep_rew_mean          | -0.267    |
| time/                   |           |
|    fps                  | 1013      |
|    iterations           | 720       |
|    time_elapsed         | 90        |
|    total_timesteps      | 92160     |
| train/                  |           |
|    approx_kl            | 0.0       |
|    clip_fraction        | 0         |
|    clip_range           | 0.2       |
|    entropy_loss         | -0.00118  |
|    explained_variance   | 0         |
|    learning_rate        | 0.0003    |
|    loss                 | 0.144     |
|    n_updates            | 2876      |
|    policy_gradient_loss | -2.33e-10 |
|    value_loss           | 0.403     |
---------------------------------------
---------------------------------------
| rollout/                |           |
|    ep_len_mean          | 1         |
|    ep_rew_mean          | -0.205    |
| time/                   |           |
|    fps                  | 1013      |
|    iterations           | 721       |
|    time_elapsed         | 91        |
|    total_timesteps      | 92288     |
| train/                  |           |
|    approx_kl            | 0.0       |
|    clip_fraction        | 0         |
|    clip_range           | 0.2       |
|    entropy_loss         | -0.00118  |
|    explained_variance   | 0         |
|    learning_rate        | 0.0003    |
|    loss                 | 0.193     |
|    n_updates            | 2880      |
|    policy_gradient_loss | -2.79e-09 |
|    value_loss           | 0.447     |
---------------------------------------
---------------------------------------
| rollout/                |           |
|    ep_len_mean          | 1         |
|    ep_rew_mean          | -0.178    |
| time/                   |           |
|    fps                  | 1013      |
|    iterations           | 722       |
|    time_elapsed         | 91        |
|    total_timesteps      | 92416     |
| train/                  |           |
|    approx_kl            | 0.0       |
|    clip_fraction        | 0         |
|    clip_range           | 0.2       |
|    entropy_loss         | -0.00118  |
|    explained_variance   | -1.19e-07 |
|    learning_rate        | 0.0003    |
|    loss                 | 0.18      |
|    n_updates            | 2884      |
|    policy_gradient_loss | 1.75e-09  |
|    value_loss           | 0.449     |
---------------------------------------
--------------------------------------
| rollout/                |          |
|    ep_len_mean          | 1        |
|    ep_rew_mean          | -0.296   |
| time/                   |          |
|    fps                  | 1013     |
|    iterations           | 723      |
|    time_elapsed         | 91       |
|    total_timesteps      | 92544    |
| train/                  |          |
|    approx_kl            | 0.0      |
|    clip_fraction        | 0        |
|    clip_range           | 0.2      |
|    entropy_loss         | -0.00118 |
|    explained_variance   | 1.19e-07 |
|    learning_rate        | 0.0003   |
|    loss                 | 0.229    |
|    n_updates            | 2888     |
|    policy_gradient_loss | 3.14e-09 |
|    value_loss           | 0.459    |
--------------------------------------
---------------------------------------
| rollout/                |           |
|    ep_len_mean          | 1         |
|    ep_rew_mean          | -0.312    |
| time/                   |           |
|    fps                  | 1013      |
|    iterations           | 724       |
|    time_elapsed         | 91        |
|    total_timesteps      | 92672     |
| train/                  |           |
|    approx_kl            | 0.0       |
|    clip_fraction        | 0         |
|    clip_range           | 0.2       |
|    entropy_loss         | -0.00118  |
|    explained_variance   | -2.38e-07 |
|    learning_rate        | 0.0003    |
|    loss                 | 0.211     |
|    n_updates            | 2892      |
|    policy_gradient_loss | -3.26e-09 |
|    value_loss           | 0.449     |
---------------------------------------
---------------------------------------
| rollout/                |           |
|    ep_len_mean          | 1         |
|    ep_rew_mean          | -0.191    |
| time/                   |           |
|    fps                  | 1013      |
|    iterations           | 725       |
|    time_elapsed         | 91        |
|    total_timesteps      | 92800     |
| train/                  |           |
|    approx_kl            | 0.0       |
|    clip_fraction        | 0         |
|    clip_range           | 0.2       |
|    entropy_loss         | -0.00118  |
|    explained_variance   | 0         |
|    learning_rate        | 0.0003    |
|    loss                 | 0.211     |
|    n_updates            | 2896      |
|    policy_gradient_loss | -2.33e-10 |
|    value_loss           | 0.39      |
---------------------------------------
---------------------------------------
| rollout/                |           |
|    ep_len_mean          | 1         |
|    ep_rew_mean          | -0.311    |
| time/                   |           |
|    fps                  | 1013      |
|    iterations           | 726       |
|    time_elapsed         | 91        |
|    total_timesteps      | 92928     |
| train/                  |           |
|    approx_kl            | 0.0       |
|    clip_fraction        | 0         |
|    clip_range           | 0.2       |
|    entropy_loss         | -0.00118  |
|    explained_variance   | 5.96e-08  |
|    learning_rate        | 0.0003    |
|    loss                 | 0.193     |
|    n_updates            | 2900      |
|    policy_gradient_loss | -1.25e-08 |
|    value_loss           | 0.458     |
---------------------------------------
--------------------------------------
| rollout/                |          |
|    ep_len_mean          | 1        |
|    ep_rew_mean          | -0.328   |
| time/                   |          |
|    fps                  | 1014     |
|    iterations           | 727      |
|    time_elapsed         | 91       |
|    total_timesteps      | 93056    |
| train/                  |          |
|    approx_kl            | 0.0      |
|    clip_fraction        | 0        |
|    clip_range           | 0.2      |
|    entropy_loss         | -0.00118 |
|    explained_variance   | 0        |
|    learning_rate        | 0.0003   |
|    loss                 | 0.213    |
|    n_updates            | 2904     |
|    policy_gradient_loss | -7.1e-09 |
|    value_loss           | 0.422    |
--------------------------------------
---------------------------------------
| rollout/                |           |
|    ep_len_mean          | 1         |
|    ep_rew_mean          | -0.251    |
| time/                   |           |
|    fps                  | 1014      |
|    iterations           | 728       |
|    time_elapsed         | 91        |
|    total_timesteps      | 93184     |
| train/                  |           |
|    approx_kl            | 0.0       |
|    clip_fraction        | 0         |
|    clip_range           | 0.2       |
|    entropy_loss         | -0.00118  |
|    explained_variance   | -1.19e-07 |
|    learning_rate        | 0.0003    |
|    loss                 | 0.193     |
|    n_updates            | 2908      |
|    policy_gradient_loss | -5.47e-09 |
|    value_loss           | 0.406     |
---------------------------------------
---------------------------------------
| rollout/                |           |
|    ep_len_mean          | 1         |
|    ep_rew_mean          | -0.328    |
| time/                   |           |
|    fps                  | 1014      |
|    iterations           | 729       |
|    time_elapsed         | 91        |
|    total_timesteps      | 93312     |
| train/                  |           |
|    approx_kl            | 0.0       |
|    clip_fraction        | 0         |
|    clip_range           | 0.2       |
|    entropy_loss         | -0.00118  |
|    explained_variance   | 5.96e-08  |
|    learning_rate        | 0.0003    |
|    loss                 | 0.192     |
|    n_updates            | 2912      |
|    policy_gradient_loss | -2.44e-09 |
|    value_loss           | 0.422     |
---------------------------------------
--------------------------------------
| rollout/                |          |
|    ep_len_mean          | 1        |
|    ep_rew_mean          | -0.133   |
| time/                   |          |
|    fps                  | 1014     |
|    iterations           | 730      |
|    time_elapsed         | 92       |
|    total_timesteps      | 93440    |
| train/                  |          |
|    approx_kl            | 0.0      |
|    clip_fraction        | 0        |
|    clip_range           | 0.2      |
|    entropy_loss         | -0.00118 |
|    explained_variance   | 0        |
|    learning_rate        | 0.0003   |
|    loss                 | 0.228    |
|    n_updates            | 2916     |
|    policy_gradient_loss | -1.4e-09 |
|    value_loss           | 0.403    |
--------------------------------------
---------------------------------------
| rollout/                |           |
|    ep_len_mean          | 1         |
|    ep_rew_mean          | -0.253    |
| time/                   |           |
|    fps                  | 1014      |
|    iterations           | 731       |
|    time_elapsed         | 92        |
|    total_timesteps      | 93568     |
| train/                  |           |
|    approx_kl            | 0.0       |
|    clip_fraction        | 0         |
|    clip_range           | 0.2       |
|    entropy_loss         | -0.00118  |
|    explained_variance   | 1.19e-07  |
|    learning_rate        | 0.0003    |
|    loss                 | 0.244     |
|    n_updates            | 2920      |
|    policy_gradient_loss | -4.66e-09 |
|    value_loss           | 0.525     |
---------------------------------------
--------------------------------------
| rollout/                |          |
|    ep_len_mean          | 1        |
|    ep_rew_mean          | -0.282   |
| time/                   |          |
|    fps                  | 1014     |
|    iterations           | 732      |
|    time_elapsed         | 92       |
|    total_timesteps      | 93696    |
| train/                  |          |
|    approx_kl            | 0.0      |
|    clip_fraction        | 0        |
|    clip_range           | 0.2      |
|    entropy_loss         | -0.00118 |
|    explained_variance   | 0        |
|    learning_rate        | 0.0003   |
|    loss                 | 0.242    |
|    n_updates            | 2924     |
|    policy_gradient_loss | 3.96e-09 |
|    value_loss           | 0.434    |
--------------------------------------
---------------------------------------
| rollout/                |           |
|    ep_len_mean          | 1         |
|    ep_rew_mean          | -0.312    |
| time/                   |           |
|    fps                  | 1014      |
|    iterations           | 733       |
|    time_elapsed         | 92        |
|    total_timesteps      | 93824     |
| train/                  |           |
|    approx_kl            | 0.0       |
|    clip_fraction        | 0         |
|    clip_range           | 0.2       |
|    entropy_loss         | -0.00118  |
|    explained_variance   | -1.19e-07 |
|    learning_rate        | 0.0003    |
|    loss                 | 0.211     |
|    n_updates            | 2928      |
|    policy_gradient_loss | -9.78e-09 |
|    value_loss           | 0.415     |
---------------------------------------
--------------------------------------
| rollout/                |          |
|    ep_len_mean          | 1        |
|    ep_rew_mean          | -0.22    |
| time/                   |          |
|    fps                  | 1015     |
|    iterations           | 734      |
|    time_elapsed         | 92       |
|    total_timesteps      | 93952    |
| train/                  |          |
|    approx_kl            | 0.0      |
|    clip_fraction        | 0        |
|    clip_range           | 0.2      |
|    entropy_loss         | -0.00118 |
|    explained_variance   | 0        |
|    learning_rate        | 0.0003   |
|    loss                 | 0.23     |
|    n_updates            | 2932     |
|    policy_gradient_loss | 3.14e-09 |
|    value_loss           | 0.387    |
--------------------------------------
---------------------------------------
| rollout/                |           |
|    ep_len_mean          | 1         |
|    ep_rew_mean          | -0.253    |
| time/                   |           |
|    fps                  | 1015      |
|    iterations           | 735       |
|    time_elapsed         | 92        |
|    total_timesteps      | 94080     |
| train/                  |           |
|    approx_kl            | 0.0       |
|    clip_fraction        | 0         |
|    clip_range           | 0.2       |
|    entropy_loss         | -0.00118  |
|    explained_variance   | -1.19e-07 |
|    learning_rate        | 0.0003    |
|    loss                 | 0.141     |
|    n_updates            | 2936      |
|    policy_gradient_loss | -6.75e-09 |
|    value_loss           | 0.481     |
---------------------------------------
---------------------------------------
| rollout/                |           |
|    ep_len_mean          | 1         |
|    ep_rew_mean          | -0.248    |
| time/                   |           |
|    fps                  | 1015      |
|    iterations           | 736       |
|    time_elapsed         | 92        |
|    total_timesteps      | 94208     |
| train/                  |           |
|    approx_kl            | 0.0       |
|    clip_fraction        | 0         |
|    clip_range           | 0.2       |
|    entropy_loss         | -0.00118  |
|    explained_variance   | 0         |
|    learning_rate        | 0.0003    |
|    loss                 | 0.194     |
|    n_updates            | 2940      |
|    policy_gradient_loss | -1.16e-08 |
|    value_loss           | 0.421     |
---------------------------------------
---------------------------------------
| rollout/                |           |
|    ep_len_mean          | 1         |
|    ep_rew_mean          | -0.37     |
| time/                   |           |
|    fps                  | 1015      |
|    iterations           | 737       |
|    time_elapsed         | 92        |
|    total_timesteps      | 94336     |
| train/                  |           |
|    approx_kl            | 0.0       |
|    clip_fraction        | 0         |
|    clip_range           | 0.2       |
|    entropy_loss         | -0.00118  |
|    explained_variance   | 1.19e-07  |
|    learning_rate        | 0.0003    |
|    loss                 | 0.208     |
|    n_updates            | 2944      |
|    policy_gradient_loss | -3.96e-09 |
|    value_loss           | 0.43      |
---------------------------------------
--------------------------------------
| rollout/                |          |
|    ep_len_mean          | 1        |
|    ep_rew_mean          | -0.252   |
| time/                   |          |
|    fps                  | 1015     |
|    iterations           | 738      |
|    time_elapsed         | 93       |
|    total_timesteps      | 94464    |
| train/                  |          |
|    approx_kl            | 0.0      |
|    clip_fraction        | 0        |
|    clip_range           | 0.2      |
|    entropy_loss         | -0.00118 |
|    explained_variance   | 0        |
|    learning_rate        | 0.0003   |
|    loss                 | 0.155    |
|    n_updates            | 2948     |
|    policy_gradient_loss | 2.56e-09 |
|    value_loss           | 0.361    |
--------------------------------------
--------------------------------------
| rollout/                |          |
|    ep_len_mean          | 1        |
|    ep_rew_mean          | -0.282   |
| time/                   |          |
|    fps                  | 1015     |
|    iterations           | 739      |
|    time_elapsed         | 93       |
|    total_timesteps      | 94592    |
| train/                  |          |
|    approx_kl            | 0.0      |
|    clip_fraction        | 0        |
|    clip_range           | 0.2      |
|    entropy_loss         | -0.00118 |
|    explained_variance   | 0        |
|    learning_rate        | 0.0003   |
|    loss                 | 0.212    |
|    n_updates            | 2952     |
|    policy_gradient_loss | 6.75e-09 |
|    value_loss           | 0.48     |
--------------------------------------
---------------------------------------
| rollout/                |           |
|    ep_len_mean          | 1         |
|    ep_rew_mean          | -0.252    |
| time/                   |           |
|    fps                  | 1015      |
|    iterations           | 740       |
|    time_elapsed         | 93        |
|    total_timesteps      | 94720     |
| train/                  |           |
|    approx_kl            | 0.0       |
|    clip_fraction        | 0         |
|    clip_range           | 0.2       |
|    entropy_loss         | -0.00118  |
|    explained_variance   | -1.19e-07 |
|    learning_rate        | 0.0003    |
|    loss                 | 0.158     |
|    n_updates            | 2956      |
|    policy_gradient_loss | 7.57e-09  |
|    value_loss           | 0.387     |
---------------------------------------
---------------------------------------
| rollout/                |           |
|    ep_len_mean          | 1         |
|    ep_rew_mean          | -0.251    |
| time/                   |           |
|    fps                  | 1015      |
|    iterations           | 741       |
|    time_elapsed         | 93        |
|    total_timesteps      | 94848     |
| train/                  |           |
|    approx_kl            | 0.0       |
|    clip_fraction        | 0         |
|    clip_range           | 0.2       |
|    entropy_loss         | -0.00118  |
|    explained_variance   | 5.96e-08  |
|    learning_rate        | 0.0003    |
|    loss                 | 0.227     |
|    n_updates            | 2960      |
|    policy_gradient_loss | -1.44e-08 |
|    value_loss           | 0.474     |
---------------------------------------
--------------------------------------
| rollout/                |          |
|    ep_len_mean          | 1        |
|    ep_rew_mean          | -0.208   |
| time/                   |          |
|    fps                  | 1015     |
|    iterations           | 742      |
|    time_elapsed         | 93       |
|    total_timesteps      | 94976    |
| train/                  |          |
|    approx_kl            | 0.0      |
|    clip_fraction        | 0        |
|    clip_range           | 0.2      |
|    entropy_loss         | -0.00118 |
|    explained_variance   | 0        |
|    learning_rate        | 0.0003   |
|    loss                 | 0.292    |
|    n_updates            | 2964     |
|    policy_gradient_loss | 1.01e-08 |
|    value_loss           | 0.432    |
--------------------------------------
---------------------------------------
| rollout/                |           |
|    ep_len_mean          | 1         |
|    ep_rew_mean          | -0.324    |
| time/                   |           |
|    fps                  | 1016      |
|    iterations           | 743       |
|    time_elapsed         | 93        |
|    total_timesteps      | 95104     |
| train/                  |           |
|    approx_kl            | 0.0       |
|    clip_fraction        | 0         |
|    clip_range           | 0.2       |
|    entropy_loss         | -0.00118  |
|    explained_variance   | -1.19e-07 |
|    learning_rate        | 0.0003    |
|    loss                 | 0.259     |
|    n_updates            | 2968      |
|    policy_gradient_loss | 6.52e-09  |
|    value_loss           | 0.481     |
---------------------------------------
---------------------------------------
| rollout/                |           |
|    ep_len_mean          | 1         |
|    ep_rew_mean          | -0.325    |
| time/                   |           |
|    fps                  | 1016      |
|    iterations           | 744       |
|    time_elapsed         | 93        |
|    total_timesteps      | 95232     |
| train/                  |           |
|    approx_kl            | 0.0       |
|    clip_fraction        | 0         |
|    clip_range           | 0.2       |
|    entropy_loss         | -0.00118  |
|    explained_variance   | -1.19e-07 |
|    learning_rate        | 0.0003    |
|    loss                 | 0.207     |
|    n_updates            | 2972      |
|    policy_gradient_loss | 7.68e-09  |
|    value_loss           | 0.407     |
---------------------------------------
---------------------------------------
| rollout/                |           |
|    ep_len_mean          | 1         |
|    ep_rew_mean          | -0.266    |
| time/                   |           |
|    fps                  | 1016      |
|    iterations           | 745       |
|    time_elapsed         | 93        |
|    total_timesteps      | 95360     |
| train/                  |           |
|    approx_kl            | 0.0       |
|    clip_fraction        | 0         |
|    clip_range           | 0.2       |
|    entropy_loss         | -0.00118  |
|    explained_variance   | -1.19e-07 |
|    learning_rate        | 0.0003    |
|    loss                 | 0.142     |
|    n_updates            | 2976      |
|    policy_gradient_loss | 1.14e-08  |
|    value_loss           | 0.402     |
---------------------------------------
--------------------------------------
| rollout/                |          |
|    ep_len_mean          | 1        |
|    ep_rew_mean          | -0.31    |
| time/                   |          |
|    fps                  | 1016     |
|    iterations           | 746      |
|    time_elapsed         | 93       |
|    total_timesteps      | 95488    |
| train/                  |          |
|    approx_kl            | 0.0      |
|    clip_fraction        | 0        |
|    clip_range           | 0.2      |
|    entropy_loss         | -0.00118 |
|    explained_variance   | 0        |
|    learning_rate        | 0.0003   |
|    loss                 | 0.21     |
|    n_updates            | 2980     |
|    policy_gradient_loss | 7.45e-09 |
|    value_loss           | 0.45     |
--------------------------------------
---------------------------------------
| rollout/                |           |
|    ep_len_mean          | 1         |
|    ep_rew_mean          | -0.221    |
| time/                   |           |
|    fps                  | 1016      |
|    iterations           | 747       |
|    time_elapsed         | 94        |
|    total_timesteps      | 95616     |
| train/                  |           |
|    approx_kl            | 0.0       |
|    clip_fraction        | 0         |
|    clip_range           | 0.2       |
|    entropy_loss         | -0.00118  |
|    explained_variance   | -1.19e-07 |
|    learning_rate        | 0.0003    |
|    loss                 | 0.211     |
|    n_updates            | 2984      |
|    policy_gradient_loss | -8.73e-09 |
|    value_loss           | 0.422     |
---------------------------------------
---------------------------------------
| rollout/                |           |
|    ep_len_mean          | 1         |
|    ep_rew_mean          | -0.388    |
| time/                   |           |
|    fps                  | 1016      |
|    iterations           | 748       |
|    time_elapsed         | 94        |
|    total_timesteps      | 95744     |
| train/                  |           |
|    approx_kl            | 0.0       |
|    clip_fraction        | 0         |
|    clip_range           | 0.2       |
|    entropy_loss         | -0.00118  |
|    explained_variance   | 0         |
|    learning_rate        | 0.0003    |
|    loss                 | 0.26      |
|    n_updates            | 2988      |
|    policy_gradient_loss | -7.57e-09 |
|    value_loss           | 0.447     |
---------------------------------------
--------------------------------------
| rollout/                |          |
|    ep_len_mean          | 1        |
|    ep_rew_mean          | -0.325   |
| time/                   |          |
|    fps                  | 1016     |
|    iterations           | 749      |
|    time_elapsed         | 94       |
|    total_timesteps      | 95872    |
| train/                  |          |
|    approx_kl            | 0.0      |
|    clip_fraction        | 0        |
|    clip_range           | 0.2      |
|    entropy_loss         | -0.00118 |
|    explained_variance   | 0        |
|    learning_rate        | 0.0003   |
|    loss                 | 0.194    |
|    n_updates            | 2992     |
|    policy_gradient_loss | 1.86e-09 |
|    value_loss           | 0.362    |
--------------------------------------
---------------------------------------
| rollout/                |           |
|    ep_len_mean          | 1         |
|    ep_rew_mean          | -0.25     |
| time/                   |           |
|    fps                  | 1016      |
|    iterations           | 750       |
|    time_elapsed         | 94        |
|    total_timesteps      | 96000     |
| train/                  |           |
|    approx_kl            | 0.0       |
|    clip_fraction        | 0         |
|    clip_range           | 0.2       |
|    entropy_loss         | -0.00118  |
|    explained_variance   | 5.96e-08  |
|    learning_rate        | 0.0003    |
|    loss                 | 0.195     |
|    n_updates            | 2996      |
|    policy_gradient_loss | -8.38e-09 |
|    value_loss           | 0.377     |
---------------------------------------
---------------------------------------
| rollout/                |           |
|    ep_len_mean          | 1         |
|    ep_rew_mean          | -0.252    |
| time/                   |           |
|    fps                  | 1016      |
|    iterations           | 751       |
|    time_elapsed         | 94        |
|    total_timesteps      | 96128     |
| train/                  |           |
|    approx_kl            | 0.0       |
|    clip_fraction        | 0         |
|    clip_range           | 0.2       |
|    entropy_loss         | -0.00118  |
|    explained_variance   | -1.19e-07 |
|    learning_rate        | 0.0003    |
|    loss                 | 0.212     |
|    n_updates            | 3000      |
|    policy_gradient_loss | -5.82e-10 |
|    value_loss           | 0.43      |
---------------------------------------
---------------------------------------
| rollout/                |           |
|    ep_len_mean          | 1         |
|    ep_rew_mean          | -0.327    |
| time/                   |           |
|    fps                  | 1016      |
|    iterations           | 752       |
|    time_elapsed         | 94        |
|    total_timesteps      | 96256     |
| train/                  |           |
|    approx_kl            | 0.0       |
|    clip_fraction        | 0         |
|    clip_range           | 0.2       |
|    entropy_loss         | -0.00118  |
|    explained_variance   | 1.19e-07  |
|    learning_rate        | 0.0003    |
|    loss                 | 0.193     |
|    n_updates            | 3004      |
|    policy_gradient_loss | -1.05e-09 |
|    value_loss           | 0.465     |
---------------------------------------
---------------------------------------
| rollout/                |           |
|    ep_len_mean          | 1         |
|    ep_rew_mean          | -0.253    |
| time/                   |           |
|    fps                  | 1017      |
|    iterations           | 753       |
|    time_elapsed         | 94        |
|    total_timesteps      | 96384     |
| train/                  |           |
|    approx_kl            | 0.0       |
|    clip_fraction        | 0         |
|    clip_range           | 0.2       |
|    entropy_loss         | -0.00118  |
|    explained_variance   | -1.19e-07 |
|    learning_rate        | 0.0003    |
|    loss                 | 0.225     |
|    n_updates            | 3008      |
|    policy_gradient_loss | -3.49e-10 |
|    value_loss           | 0.397     |
---------------------------------------
---------------------------------------
| rollout/                |           |
|    ep_len_mean          | 1         |
|    ep_rew_mean          | -0.264    |
| time/                   |           |
|    fps                  | 1017      |
|    iterations           | 754       |
|    time_elapsed         | 94        |
|    total_timesteps      | 96512     |
| train/                  |           |
|    approx_kl            | 0.0       |
|    clip_fraction        | 0         |
|    clip_range           | 0.2       |
|    entropy_loss         | -0.00118  |
|    explained_variance   | 0         |
|    learning_rate        | 0.0003    |
|    loss                 | 0.211     |
|    n_updates            | 3012      |
|    policy_gradient_loss | -5.82e-09 |
|    value_loss           | 0.42      |
---------------------------------------
--------------------------------------
| rollout/                |          |
|    ep_len_mean          | 1        |
|    ep_rew_mean          | -0.342   |
| time/                   |          |
|    fps                  | 1017     |
|    iterations           | 755      |
|    time_elapsed         | 94       |
|    total_timesteps      | 96640    |
| train/                  |          |
|    approx_kl            | 0.0      |
|    clip_fraction        | 0        |
|    clip_range           | 0.2      |
|    entropy_loss         | -0.00118 |
|    explained_variance   | 0        |
|    learning_rate        | 0.0003   |
|    loss                 | 0.243    |
|    n_updates            | 3016     |
|    policy_gradient_loss | 1.86e-09 |
|    value_loss           | 0.437    |
--------------------------------------
--------------------------------------
| rollout/                |          |
|    ep_len_mean          | 1        |
|    ep_rew_mean          | -0.251   |
| time/                   |          |
|    fps                  | 1017     |
|    iterations           | 756      |
|    time_elapsed         | 95       |
|    total_timesteps      | 96768    |
| train/                  |          |
|    approx_kl            | 0.0      |
|    clip_fraction        | 0        |
|    clip_range           | 0.2      |
|    entropy_loss         | -0.00118 |
|    explained_variance   | 0        |
|    learning_rate        | 0.0003   |
|    loss                 | 0.122    |
|    n_updates            | 3020     |
|    policy_gradient_loss | -2.1e-09 |
|    value_loss           | 0.371    |
--------------------------------------
---------------------------------------
| rollout/                |           |
|    ep_len_mean          | 1         |
|    ep_rew_mean          | -0.115    |
| time/                   |           |
|    fps                  | 1017      |
|    iterations           | 757       |
|    time_elapsed         | 95        |
|    total_timesteps      | 96896     |
| train/                  |           |
|    approx_kl            | 0.0       |
|    clip_fraction        | 0         |
|    clip_range           | 0.2       |
|    entropy_loss         | -0.00118  |
|    explained_variance   | 0         |
|    learning_rate        | 0.0003    |
|    loss                 | 0.231     |
|    n_updates            | 3024      |
|    policy_gradient_loss | -9.31e-10 |
|    value_loss           | 0.443     |
---------------------------------------
--------------------------------------
| rollout/                |          |
|    ep_len_mean          | 1        |
|    ep_rew_mean          | -0.161   |
| time/                   |          |
|    fps                  | 1017     |
|    iterations           | 758      |
|    time_elapsed         | 95       |
|    total_timesteps      | 97024    |
| train/                  |          |
|    approx_kl            | 0.0      |
|    clip_fraction        | 0        |
|    clip_range           | 0.2      |
|    entropy_loss         | -0.00118 |
|    explained_variance   | 0        |
|    learning_rate        | 0.0003   |
|    loss                 | 0.23     |
|    n_updates            | 3028     |
|    policy_gradient_loss | 4.31e-09 |
|    value_loss           | 0.529    |
--------------------------------------
---------------------------------------
| rollout/                |           |
|    ep_len_mean          | 1         |
|    ep_rew_mean          | -0.281    |
| time/                   |           |
|    fps                  | 1018      |
|    iterations           | 759       |
|    time_elapsed         | 95        |
|    total_timesteps      | 97152     |
| train/                  |           |
|    approx_kl            | 0.0       |
|    clip_fraction        | 0         |
|    clip_range           | 0.2       |
|    entropy_loss         | -0.00118  |
|    explained_variance   | 5.96e-08  |
|    learning_rate        | 0.0003    |
|    loss                 | 0.254     |
|    n_updates            | 3032      |
|    policy_gradient_loss | -3.26e-09 |
|    value_loss           | 0.492     |
---------------------------------------
--------------------------------------
| rollout/                |          |
|    ep_len_mean          | 1        |
|    ep_rew_mean          | -0.28    |
| time/                   |          |
|    fps                  | 1018     |
|    iterations           | 760      |
|    time_elapsed         | 95       |
|    total_timesteps      | 97280    |
| train/                  |          |
|    approx_kl            | 0.0      |
|    clip_fraction        | 0        |
|    clip_range           | 0.2      |
|    entropy_loss         | -0.00118 |
|    explained_variance   | 0        |
|    learning_rate        | 0.0003   |
|    loss                 | 0.229    |
|    n_updates            | 3036     |
|    policy_gradient_loss | 2.44e-09 |
|    value_loss           | 0.446    |
--------------------------------------
---------------------------------------
| rollout/                |           |
|    ep_len_mean          | 1         |
|    ep_rew_mean          | -0.206    |
| time/                   |           |
|    fps                  | 1018      |
|    iterations           | 761       |
|    time_elapsed         | 95        |
|    total_timesteps      | 97408     |
| train/                  |           |
|    approx_kl            | 0.0       |
|    clip_fraction        | 0         |
|    clip_range           | 0.2       |
|    entropy_loss         | -0.00118  |
|    explained_variance   | -1.19e-07 |
|    learning_rate        | 0.0003    |
|    loss                 | 0.231     |
|    n_updates            | 3040      |
|    policy_gradient_loss | -4.31e-09 |
|    value_loss           | 0.426     |
---------------------------------------
---------------------------------------
| rollout/                |           |
|    ep_len_mean          | 1         |
|    ep_rew_mean          | -0.251    |
| time/                   |           |
|    fps                  | 1018      |
|    iterations           | 762       |
|    time_elapsed         | 95        |
|    total_timesteps      | 97536     |
| train/                  |           |
|    approx_kl            | 0.0       |
|    clip_fraction        | 0         |
|    clip_range           | 0.2       |
|    entropy_loss         | -0.00118  |
|    explained_variance   | 0         |
|    learning_rate        | 0.0003    |
|    loss                 | 0.21      |
|    n_updates            | 3044      |
|    policy_gradient_loss | -1.36e-08 |
|    value_loss           | 0.457     |
---------------------------------------
---------------------------------------
| rollout/                |           |
|    ep_len_mean          | 1         |
|    ep_rew_mean          | -0.222    |
| time/                   |           |
|    fps                  | 1018      |
|    iterations           | 763       |
|    time_elapsed         | 95        |
|    total_timesteps      | 97664     |
| train/                  |           |
|    approx_kl            | 0.0       |
|    clip_fraction        | 0         |
|    clip_range           | 0.2       |
|    entropy_loss         | -0.00118  |
|    explained_variance   | 0         |
|    learning_rate        | 0.0003    |
|    loss                 | 0.209     |
|    n_updates            | 3048      |
|    policy_gradient_loss | -9.31e-10 |
|    value_loss           | 0.428     |
---------------------------------------
---------------------------------------
| rollout/                |           |
|    ep_len_mean          | 1         |
|    ep_rew_mean          | -0.281    |
| time/                   |           |
|    fps                  | 1018      |
|    iterations           | 764       |
|    time_elapsed         | 96        |
|    total_timesteps      | 97792     |
| train/                  |           |
|    approx_kl            | 0.0       |
|    clip_fraction        | 0         |
|    clip_range           | 0.2       |
|    entropy_loss         | -0.00118  |
|    explained_variance   | -1.19e-07 |
|    learning_rate        | 0.0003    |
|    loss                 | 0.21      |
|    n_updates            | 3052      |
|    policy_gradient_loss | -3.73e-09 |
|    value_loss           | 0.456     |
---------------------------------------
---------------------------------------
| rollout/                |           |
|    ep_len_mean          | 1         |
|    ep_rew_mean          | -0.25     |
| time/                   |           |
|    fps                  | 1018      |
|    iterations           | 765       |
|    time_elapsed         | 96        |
|    total_timesteps      | 97920     |
| train/                  |           |
|    approx_kl            | 0.0       |
|    clip_fraction        | 0         |
|    clip_range           | 0.2       |
|    entropy_loss         | -0.00118  |
|    explained_variance   | 1.19e-07  |
|    learning_rate        | 0.0003    |
|    loss                 | 0.16      |
|    n_updates            | 3056      |
|    policy_gradient_loss | -9.78e-09 |
|    value_loss           | 0.415     |
---------------------------------------
--------------------------------------
| rollout/                |          |
|    ep_len_mean          | 1        |
|    ep_rew_mean          | -0.266   |
| time/                   |          |
|    fps                  | 1018     |
|    iterations           | 766      |
|    time_elapsed         | 96       |
|    total_timesteps      | 98048    |
| train/                  |          |
|    approx_kl            | 0.0      |
|    clip_fraction        | 0        |
|    clip_range           | 0.2      |
|    entropy_loss         | -0.00118 |
|    explained_variance   | 5.96e-08 |
|    learning_rate        | 0.0003   |
|    loss                 | 0.243    |
|    n_updates            | 3060     |
|    policy_gradient_loss | 2.68e-09 |
|    value_loss           | 0.428    |
--------------------------------------
---------------------------------------
| rollout/                |           |
|    ep_len_mean          | 1         |
|    ep_rew_mean          | -0.279    |
| time/                   |           |
|    fps                  | 1018      |
|    iterations           | 767       |
|    time_elapsed         | 96        |
|    total_timesteps      | 98176     |
| train/                  |           |
|    approx_kl            | 0.0       |
|    clip_fraction        | 0         |
|    clip_range           | 0.2       |
|    entropy_loss         | -0.00118  |
|    explained_variance   | 0         |
|    learning_rate        | 0.0003    |
|    loss                 | 0.283     |
|    n_updates            | 3064      |
|    policy_gradient_loss | -4.19e-09 |
|    value_loss           | 0.424     |
---------------------------------------
---------------------------------------
| rollout/                |           |
|    ep_len_mean          | 1         |
|    ep_rew_mean          | -0.223    |
| time/                   |           |
|    fps                  | 1018      |
|    iterations           | 768       |
|    time_elapsed         | 96        |
|    total_timesteps      | 98304     |
| train/                  |           |
|    approx_kl            | 0.0       |
|    clip_fraction        | 0         |
|    clip_range           | 0.2       |
|    entropy_loss         | -0.00118  |
|    explained_variance   | 0         |
|    learning_rate        | 0.0003    |
|    loss                 | 0.158     |
|    n_updates            | 3068      |
|    policy_gradient_loss | -3.96e-09 |
|    value_loss           | 0.407     |
---------------------------------------
------------------------------------------
| rollout/                |              |
|    ep_len_mean          | 1            |
|    ep_rew_mean          | -0.252       |
| time/                   |              |
|    fps                  | 1018         |
|    iterations           | 769          |
|    time_elapsed         | 96           |
|    total_timesteps      | 98432        |
| train/                  |              |
|    approx_kl            | 0.0013701716 |
|    clip_fraction        | 0.00586      |
|    clip_range           | 0.2          |
|    entropy_loss         | -0.000943    |
|    explained_variance   | 0            |
|    learning_rate        | 0.0003       |
|    loss                 | 0.21         |
|    n_updates            | 3072         |
|    policy_gradient_loss | -0.000802    |
|    value_loss           | 0.498        |
------------------------------------------
---------------------------------------
| rollout/                |           |
|    ep_len_mean          | 1         |
|    ep_rew_mean          | -0.178    |
| time/                   |           |
|    fps                  | 1018      |
|    iterations           | 770       |
|    time_elapsed         | 96        |
|    total_timesteps      | 98560     |
| train/                  |           |
|    approx_kl            | 0.0       |
|    clip_fraction        | 0         |
|    clip_range           | 0.2       |
|    entropy_loss         | -0.000698 |
|    explained_variance   | 1.19e-07  |
|    learning_rate        | 0.0003    |
|    loss                 | 0.164     |
|    n_updates            | 3076      |
|    policy_gradient_loss | -4.89e-09 |
|    value_loss           | 0.415     |
---------------------------------------
---------------------------------------
| rollout/                |           |
|    ep_len_mean          | 1         |
|    ep_rew_mean          | -0.187    |
| time/                   |           |
|    fps                  | 1019      |
|    iterations           | 771       |
|    time_elapsed         | 96        |
|    total_timesteps      | 98688     |
| train/                  |           |
|    approx_kl            | 0.0       |
|    clip_fraction        | 0         |
|    clip_range           | 0.2       |
|    entropy_loss         | -0.00066  |
|    explained_variance   | 0         |
|    learning_rate        | 0.0003    |
|    loss                 | 0.178     |
|    n_updates            | 3080      |
|    policy_gradient_loss | -1.04e-08 |
|    value_loss           | 0.46      |
---------------------------------------
---------------------------------------
| rollout/                |           |
|    ep_len_mean          | 1         |
|    ep_rew_mean          | -0.4      |
| time/                   |           |
|    fps                  | 1019      |
|    iterations           | 772       |
|    time_elapsed         | 96        |
|    total_timesteps      | 98816     |
| train/                  |           |
|    approx_kl            | 0.0       |
|    clip_fraction        | 0         |
|    clip_range           | 0.2       |
|    entropy_loss         | -0.000654 |
|    explained_variance   | 0         |
|    learning_rate        | 0.0003    |
|    loss                 | 0.267     |
|    n_updates            | 3084      |
|    policy_gradient_loss | -1.42e-08 |
|    value_loss           | 0.495     |
---------------------------------------
---------------------------------------
| rollout/                |           |
|    ep_len_mean          | 1         |
|    ep_rew_mean          | -0.324    |
| time/                   |           |
|    fps                  | 1019      |
|    iterations           | 773       |
|    time_elapsed         | 97        |
|    total_timesteps      | 98944     |
| train/                  |           |
|    approx_kl            | 0.0       |
|    clip_fraction        | 0         |
|    clip_range           | 0.2       |
|    entropy_loss         | -0.000652 |
|    explained_variance   | 0         |
|    learning_rate        | 0.0003    |
|    loss                 | 0.196     |
|    n_updates            | 3088      |
|    policy_gradient_loss | -5.82e-09 |
|    value_loss           | 0.403     |
---------------------------------------
---------------------------------------
| rollout/                |           |
|    ep_len_mean          | 1         |
|    ep_rew_mean          | -0.299    |
| time/                   |           |
|    fps                  | 1019      |
|    iterations           | 774       |
|    time_elapsed         | 97        |
|    total_timesteps      | 99072     |
| train/                  |           |
|    approx_kl            | 0.0       |
|    clip_fraction        | 0         |
|    clip_range           | 0.2       |
|    entropy_loss         | -0.000652 |
|    explained_variance   | 0         |
|    learning_rate        | 0.0003    |
|    loss                 | 0.246     |
|    n_updates            | 3092      |
|    policy_gradient_loss | -6.75e-09 |
|    value_loss           | 0.405     |
---------------------------------------
---------------------------------------
| rollout/                |           |
|    ep_len_mean          | 1         |
|    ep_rew_mean          | -0.281    |
| time/                   |           |
|    fps                  | 1019      |
|    iterations           | 775       |
|    time_elapsed         | 97        |
|    total_timesteps      | 99200     |
| train/                  |           |
|    approx_kl            | 0.0       |
|    clip_fraction        | 0         |
|    clip_range           | 0.2       |
|    entropy_loss         | -0.000651 |
|    explained_variance   | -1.19e-07 |
|    learning_rate        | 0.0003    |
|    loss                 | 0.178     |
|    n_updates            | 3096      |
|    policy_gradient_loss | -3.84e-09 |
|    value_loss           | 0.452     |
---------------------------------------
---------------------------------------
| rollout/                |           |
|    ep_len_mean          | 1         |
|    ep_rew_mean          | -0.208    |
| time/                   |           |
|    fps                  | 1019      |
|    iterations           | 776       |
|    time_elapsed         | 97        |
|    total_timesteps      | 99328     |
| train/                  |           |
|    approx_kl            | 0.0       |
|    clip_fraction        | 0         |
|    clip_range           | 0.2       |
|    entropy_loss         | -0.000651 |
|    explained_variance   | 0         |
|    learning_rate        | 0.0003    |
|    loss                 | 0.245     |
|    n_updates            | 3100      |
|    policy_gradient_loss | -5.82e-10 |
|    value_loss           | 0.422     |
---------------------------------------
---------------------------------------
| rollout/                |           |
|    ep_len_mean          | 1         |
|    ep_rew_mean          | -0.356    |
| time/                   |           |
|    fps                  | 1019      |
|    iterations           | 777       |
|    time_elapsed         | 97        |
|    total_timesteps      | 99456     |
| train/                  |           |
|    approx_kl            | 0.0       |
|    clip_fraction        | 0         |
|    clip_range           | 0.2       |
|    entropy_loss         | -0.000651 |
|    explained_variance   | 0         |
|    learning_rate        | 0.0003    |
|    loss                 | 0.229     |
|    n_updates            | 3104      |
|    policy_gradient_loss | -1.16e-10 |
|    value_loss           | 0.489     |
---------------------------------------
---------------------------------------
| rollout/                |           |
|    ep_len_mean          | 1         |
|    ep_rew_mean          | -0.31     |
| time/                   |           |
|    fps                  | 1019      |
|    iterations           | 778       |
|    time_elapsed         | 97        |
|    total_timesteps      | 99584     |
| train/                  |           |
|    approx_kl            | 0.0       |
|    clip_fraction        | 0         |
|    clip_range           | 0.2       |
|    entropy_loss         | -0.000651 |
|    explained_variance   | 0         |
|    learning_rate        | 0.0003    |
|    loss                 | 0.164     |
|    n_updates            | 3108      |
|    policy_gradient_loss | -1.32e-08 |
|    value_loss           | 0.378     |
---------------------------------------
---------------------------------------
| rollout/                |           |
|    ep_len_mean          | 1         |
|    ep_rew_mean          | -0.309    |
| time/                   |           |
|    fps                  | 1019      |
|    iterations           | 779       |
|    time_elapsed         | 97        |
|    total_timesteps      | 99712     |
| train/                  |           |
|    approx_kl            | 0.0       |
|    clip_fraction        | 0         |
|    clip_range           | 0.2       |
|    entropy_loss         | -0.000651 |
|    explained_variance   | 0         |
|    learning_rate        | 0.0003    |
|    loss                 | 0.157     |
|    n_updates            | 3112      |
|    policy_gradient_loss | -9.2e-09  |
|    value_loss           | 0.407     |
---------------------------------------
---------------------------------------
| rollout/                |           |
|    ep_len_mean          | 1         |
|    ep_rew_mean          | -0.282    |
| time/                   |           |
|    fps                  | 1019      |
|    iterations           | 780       |
|    time_elapsed         | 97        |
|    total_timesteps      | 99840     |
| train/                  |           |
|    approx_kl            | 0.0       |
|    clip_fraction        | 0         |
|    clip_range           | 0.2       |
|    entropy_loss         | -0.000651 |
|    explained_variance   | 1.79e-07  |
|    learning_rate        | 0.0003    |
|    loss                 | 0.173     |
|    n_updates            | 3116      |
|    policy_gradient_loss | 3.73e-09  |
|    value_loss           | 0.384     |
---------------------------------------
---------------------------------------
| rollout/                |           |
|    ep_len_mean          | 1         |
|    ep_rew_mean          | -0.31     |
| time/                   |           |
|    fps                  | 1019      |
|    iterations           | 781       |
|    time_elapsed         | 98        |
|    total_timesteps      | 99968     |
| train/                  |           |
|    approx_kl            | 0.0       |
|    clip_fraction        | 0         |
|    clip_range           | 0.2       |
|    entropy_loss         | -0.000651 |
|    explained_variance   | 0         |
|    learning_rate        | 0.0003    |
|    loss                 | 0.194     |
|    n_updates            | 3120      |
|    policy_gradient_loss | 6.05e-09  |
|    value_loss           | 0.462     |
---------------------------------------
---------------------------------------
| rollout/                |           |
|    ep_len_mean          | 1         |
|    ep_rew_mean          | -0.163    |
| time/                   |           |
|    fps                  | 1019      |
|    iterations           | 782       |
|    time_elapsed         | 98        |
|    total_timesteps      | 100096    |
| train/                  |           |
|    approx_kl            | 0.0       |
|    clip_fraction        | 0         |
|    clip_range           | 0.2       |
|    entropy_loss         | -0.000651 |
|    explained_variance   | 0         |
|    learning_rate        | 0.0003    |
|    loss                 | 0.229     |
|    n_updates            | 3124      |
|    policy_gradient_loss | 4.19e-09  |
|    value_loss           | 0.407     |
---------------------------------------
Evaluating PPO agent on 14961 questions (deterministic=True)...
Saved PPO model to: /Users/ankit.aggarwal/Dropbox/Stanford/CS234/final_project/qanta-buzzer/artifacts/main/ppo_model.zip
Saved PPO summaries to: /Users/ankit.aggarwal/Dropbox/Stanford/CS234/final_project/qanta-buzzer/artifacts/main
